joint,sample,angle_deg
J1,1,-0.04
J1,2,0.05
J1,3,-0.04
J1,4,0.05
J1,5,-0.04
J1,6,0.05
J1,7,-0.04
J1,8,-0.04
J1,9,-0.04
J1,10,-0.04
J1,11,-0.04
J1,12,-0.04
J1,13,-0.04
J1,14,-0.04
J1,15,-0.04
J1,16,-0.04
J1,17,-0.04
J1,18,-0.04
J1,19,-0.04
J1,20,0.05
J1,21,-0.04
J1,22,0.05
J1,23,-0.04
J1,24,-0.04
J1,25,0.05
J1,26,-0.04
J1,27,-0.04
J1,28,0.05
J1,29,0.05
J1,30,-0.04
J1,31,-0.04
J1,32,-0.12
J1,33,-0.04
J1,34,0.14
J1,35,-0.04
J1,36,0.05
J1,37,-0.04
J1,38,-0.04
J1,39,-0.04
J1,40,-0.04
J1,41,0.05
J1,42,-0.04
J1,43,0.05
J1,44,0.05
J1,45,-0.04
J1,46,0.05
J1,47,-0.04
J1,48,-0.04
J1,49,0.05
J1,50,-0.04
J1,51,-0.04
J1,52,-0.04
J1,53,-0.04
J1,54,-0.04
J1,55,-0.04
J1,56,0.05
J1,57,-0.04
J1,58,-0.04
J1,59,-0.04
J1,60,0.05
J1,61,-0.04
J1,62,0.05
J1,63,0.05
J1,64,-0.04
J1,65,-0.04
J1,66,0.05
J1,67,0.05
J1,68,0.05
J1,69,-0.04
J1,70,-0.04
J1,71,-0.04
J1,72,0.05
J1,73,0.05
J1,74,0.05
J1,75,0.05
J1,76,-0.04
J1,77,0.05
J1,78,0.05
J1,79,0.05
J1,80,-0.04
J1,81,-0.04
J1,82,0.05
J1,83,0.05
J1,84,0.05
J1,85,0.05
J1,86,-0.04
J1,87,-0.04
J1,88,-0.04
J1,89,-0.04
J1,90,-0.04
J1,91,-0.04
J1,92,-0.04
J1,93,-0.04
J1,94,-0.04
J1,95,-0.04
J1,96,-0.04
J1,97,0.05
J1,98,-0.04
J1,99,-0.04
J1,100,0.05
J1,101,0.05
J1,102,-0.04
J1,103,-0.04
J1,104,-0.04
J1,105,-0.04
J1,106,-0.04
J1,107,0.05
J1,108,-0.04
J1,109,0.05
J1,110,-0.04
J1,111,0.05
J1,112,-0.04
J1,113,-0.04
J1,114,-0.04
J1,115,-0.04
J1,116,0.05
J1,117,0.14
J1,118,0.05
J1,119,-0.04
J1,120,0.05
J1,121,0.05
J1,122,-0.12
J1,123,0.05
J1,124,0.05
J1,125,0.05
J1,126,-0.04
J1,127,-0.04
J1,128,-0.04
J1,129,0.05
J1,130,0.05
J1,131,0.05
J1,132,0.05
J1,133,0.05
J1,134,0.05
J1,135,0.05
J1,136,-0.04
J1,137,0.05
J1,138,0.05
J1,139,0.05
J1,140,-0.04
J1,141,-0.04
J1,142,0.05
J1,143,0.05
J1,144,0.05
J1,145,-0.04
J1,146,-0.04
J1,147,-0.04
J1,148,-0.04
J1,149,-0.04
J1,150,-0.04
J1,151,0.05
J1,152,0.05
J1,153,0.05
J1,154,-0.04
J1,155,0.05
J1,156,0.05
J1,157,-0.04
J1,158,0.05
J1,159,-0.04
J1,160,-0.04
J1,161,0.05
J1,162,0.05
J1,163,-0.04
J1,164,0.05
J1,165,-0.04
J1,166,-0.04
J1,167,-0.04
J1,168,0.05
J1,169,-0.04
J1,170,-0.04
J1,171,0.05
J1,172,-0.04
J1,173,-0.04
J1,174,-0.04
J1,175,-0.04
J1,176,-0.04
J1,177,0.05
J1,178,-0.04
J1,179,-0.04
J1,180,0.05
J1,181,-0.04
J1,182,0.05
J1,183,-0.04
J1,184,-0.04
J1,185,0.05
J1,186,-0.04
J1,187,-0.04
J1,188,-0.04
J1,189,-0.04
J1,190,0.05
J1,191,0.05
J1,192,0.05
J1,193,-0.04
J1,194,0.05
J1,195,-0.04
J1,196,0.05
J1,197,0.05
J1,198,0.05
J1,199,0.05
J1,200,0.05
J1,201,0.05
J1,202,-0.04
J1,203,-0.04
J1,204,-0.04
J1,205,-0.04
J1,206,-0.04
J1,207,-0.04
J1,208,0.05
J1,209,-0.04
J1,210,0.05
J1,211,0.05
J1,212,-0.04
J1,213,-0.04
J1,214,0.05
J1,215,0.05
J1,216,-0.04
J1,217,0.05
J1,218,-0.04
J1,219,-0.04
J1,220,0.05
J1,221,0.05
J1,222,0.05
J1,223,-0.04
J1,224,0.05
J1,225,-0.04
J1,226,0.05
J1,227,0.05
J1,228,-0.04
J1,229,0.05
J1,230,0.05
J1,231,0.05
J1,232,-0.04
J1,233,-0.04
J1,234,0.05
J1,235,0.05
J1,236,0.05
J1,237,0.05
J1,238,-0.04
J1,239,-0.04
J1,240,-0.04
J1,241,0.05
J1,242,0.05
J1,243,-0.04
J1,244,-0.04
J1,245,0.05
J1,246,0.05
J1,247,-0.04
J1,248,0.05
J1,249,-0.04
J1,250,0.14
J1,251,-0.04
J1,252,0.05
J1,253,-0.04
J1,254,-0.04
J1,255,-0.04
J1,256,-0.04
J1,257,0.05
J1,258,-0.04
J1,259,0.05
J1,260,-0.04
J1,261,0.05
J1,262,0.05
J1,263,0.05
J1,264,0.05
J1,265,-0.04
J1,266,-0.04
J1,267,-0.04
J1,268,0.14
J1,269,-0.04
J1,270,-0.04
J1,271,-0.04
J1,272,0.05
J1,273,0.05
J1,274,-0.04
J1,275,0.05
J1,276,0.05
J1,277,-0.04
J1,278,0.05
J1,279,-0.04
J1,280,0.05
J1,281,0.05
J1,282,-0.04
J1,283,-0.04
J1,284,-0.04
J1,285,0.05
J1,286,0.05
J1,287,-0.04
J1,288,0.05
J1,289,0.05
J1,290,-0.12
J1,291,-0.04
J1,292,0.05
J1,293,-0.04
J1,294,-0.12
J1,295,-0.04
J1,296,-0.04
J1,297,-0.04
J1,298,0.05
J1,299,-0.04
J1,300,-0.04
J1,301,0.05
J1,302,0.05
J1,303,0.05
J1,304,-0.04
J1,305,-0.04
J1,306,0.05
J1,307,0.05
J1,308,0.05
J1,309,0.05
J1,310,-0.04
J1,311,-0.04
J1,312,-0.04
J1,313,-0.04
J1,314,-0.04
J1,315,-0.04
J1,316,0.05
J1,317,-0.04
J1,318,-0.04
J1,319,-0.04
J1,320,0.05
J1,321,-0.04
J1,322,0.05
J1,323,0.05
J1,324,-0.04
J1,325,0.05
J1,326,-0.12
J1,327,0.05
J1,328,-0.04
J1,329,0.14
J1,330,-0.04
J1,331,0.05
J1,332,-0.04
J1,333,0.05
J1,334,-0.04
J1,335,0.05
J1,336,-0.04
J1,337,-0.04
J1,338,-0.04
J1,339,0.05
J1,340,0.05
J1,341,0.05
J1,342,-0.04
J1,343,0.05
J1,344,0.05
J1,345,0.05
J1,346,-0.04
J1,347,0.05
J1,348,0.05
J1,349,0.05
J1,350,0.05
J1,351,0.05
J1,352,0.05
J1,353,-0.04
J1,354,-0.04
J1,355,-0.04
J1,356,0.05
J1,357,-0.12
J1,358,0.05
J1,359,0.05
J1,360,0.05
J1,361,0.05
J1,362,-0.04
J1,363,-0.04
J1,364,0.05
J1,365,0.14
J1,366,-0.12
J1,367,-0.04
J1,368,0.05
J1,369,0.05
J1,370,-0.04
J1,371,0.05
J1,372,0.05
J1,373,-0.04
J1,374,-0.04
J1,375,0.05
J1,376,0.05
J1,377,0.05
J1,378,0.05
J1,379,0.05
J1,380,-0.04
J1,381,0.05
J1,382,0.05
J1,383,0.05
J1,384,-0.04
J1,385,0.05
J1,386,0.05
J1,387,-0.04
J1,388,-0.04
J1,389,-0.04
J1,390,0.05
J1,391,0.05
J1,392,-0.04
J1,393,-0.04
J1,394,-0.04
J1,395,-0.04
J1,396,-0.04
J1,397,0.05
J1,398,0.05
J1,399,0.05
J1,400,-0.04
J1,401,-0.04
J1,402,-0.04
J1,403,0.05
J1,404,0.05
J1,405,-0.04
J1,406,0.14
J1,407,0.05
J1,408,0.05
J1,409,-0.04
J1,410,0.05
J1,411,-0.04
J1,412,0.05
J1,413,-0.04
J1,414,0.05
J1,415,-0.04
J1,416,0.05
J1,417,0.05
J1,418,-0.04
J1,419,0.05
J1,420,0.05
J1,421,0.05
J1,422,0.05
J1,423,0.05
J1,424,-0.04
J1,425,0.05
J1,426,0.05
J1,427,0.05
J1,428,0.05
J1,429,-0.04
J1,430,0.05
J1,431,-0.04
J1,432,-0.04
J1,433,-0.04
J1,434,0.05
J1,435,-0.04
J1,436,0.05
J1,437,0.05
J1,438,-0.04
J1,439,-0.04
J1,440,-0.04
J1,441,-0.04
J1,442,-0.04
J1,443,0.05
J1,444,-0.04
J1,445,-0.04
J1,446,0.05
J1,447,0.05
J1,448,-0.04
J1,449,0.05
J1,450,-0.04
J1,451,-0.04
J1,452,0.05
J1,453,-0.04
J1,454,-0.04
J1,455,-0.04
J1,456,0.05
J1,457,0.05
J1,458,-0.04
J1,459,0.05
J1,460,0.05
J1,461,0.05
J1,462,-0.04
J1,463,0.05
J1,464,0.05
J1,465,-0.04
J1,466,-0.04
J1,467,-0.04
J1,468,-0.04
J1,469,-0.04
J1,470,-0.04
J1,471,0.05
J1,472,0.05
J1,473,0.05
J1,474,-0.04
J1,475,-0.04
J1,476,0.05
J1,477,-0.04
J1,478,-0.04
J1,479,-0.04
J1,480,0.05
J1,481,-0.04
J1,482,-0.04
J1,483,-0.04
J1,484,0.05
J1,485,0.05
J1,486,0.05
J1,487,-0.12
J1,488,0.05
J1,489,-0.04
J1,490,-0.04
J1,491,-0.04
J1,492,0.05
J1,493,0.05
J1,494,-0.04
J1,495,0.05
J1,496,-0.04
J1,497,0.05
J1,498,-0.04
J1,499,0.05
J1,500,0.05
J1,501,-0.04
J1,502,0.05
J1,503,-0.04
J1,504,0.05
J1,505,-0.04
J1,506,0.05
J1,507,0.05
J1,508,0.05
J1,509,-0.04
J1,510,-0.04
J1,511,-0.04
J1,512,0.05
J1,513,-0.04
J1,514,0.05
J1,515,0.05
J1,516,0.05
J1,517,-0.04
J1,518,-0.04
J1,519,0.05
J1,520,0.05
J1,521,-0.04
J1,522,-0.04
J1,523,0.05
J1,524,0.05
J1,525,-0.04
J1,526,-0.04
J1,527,-0.04
J1,528,-0.04
J1,529,-0.04
J1,530,0.05
J1,531,0.05
J1,532,-0.04
J1,533,-0.04
J1,534,-0.04
J1,535,0.05
J1,536,0.05
J1,537,-0.04
J1,538,-0.04
J1,539,-0.04
J1,540,0.05
J1,541,0.05
J1,542,0.14
J1,543,-0.04
J1,544,-0.04
J1,545,0.05
J1,546,-0.04
J1,547,-0.04
J1,548,-0.04
J1,549,0.05
J1,550,-0.04
J1,551,-0.04
J1,552,-0.04
J1,553,-0.04
J1,554,-0.04
J1,555,0.05
J1,556,-0.04
J1,557,-0.12
J1,558,-0.04
J1,559,0.05
J1,560,0.05
J1,561,-0.04
J1,562,0.05
J1,563,-0.04
J1,564,0.05
J1,565,0.14
J1,566,-0.04
J1,567,-0.04
J1,568,0.05
J1,569,0.05
J1,570,0.05
J1,571,0.05
J1,572,-0.04
J1,573,-0.04
J1,574,0.05
J1,575,-0.04
J1,576,-0.04
J1,577,0.05
J1,578,0.05
J1,579,-0.04
J1,580,-0.04
J1,581,0.05
J1,582,0.05
J1,583,-0.04
J1,584,-0.04
J1,585,0.14
J1,586,0.05
J1,587,0.05
J1,588,-0.04
J1,589,-0.04
J1,590,-0.04
J1,591,0.05
J1,592,-0.04
J1,593,-0.04
J1,594,-0.12
J1,595,0.05
J1,596,-0.04
J1,597,-0.04
J1,598,0.05
J1,599,0.05
J1,600,-0.04
J1,601,0.05
J1,602,0.05
J1,603,0.05
J1,604,-0.04
J1,605,0.05
J1,606,-0.04
J1,607,-0.04
J1,608,0.05
J1,609,0.05
J1,610,0.05
J1,611,0.05
J1,612,0.05
J1,613,0.05
J1,614,-0.04
J1,615,-0.04
J1,616,0.05
J1,617,-0.04
J1,618,-0.04
J1,619,0.05
J1,620,0.05
J1,621,-0.04
J1,622,0.05
J1,623,-0.04
J1,624,0.05
J1,625,0.05
J1,626,-0.04
J1,627,0.05
J1,628,-0.04
J1,629,0.05
J1,630,0.05
J1,631,-0.04
J1,632,-0.04
J1,633,0.14
J1,634,0.05
J1,635,0.14
J1,636,-0.04
J1,637,-0.04
J1,638,-0.04
J1,639,-0.04
J1,640,-0.04
J1,641,0.05
J1,642,0.05
J1,643,0.05
J1,644,0.05
J1,645,0.05
J1,646,0.05
J1,647,-0.04
J1,648,-0.04
J1,649,-0.04
J1,650,-0.04
J1,651,-0.04
J1,652,-0.04
J1,653,-0.04
J1,654,-0.04
J1,655,-0.04
J1,656,0.05
J1,657,0.05
J1,658,0.05
J1,659,-0.04
J1,660,0.05
J1,661,-0.04
J1,662,-0.04
J1,663,-0.04
J1,664,-0.04
J1,665,-0.04
J1,666,0.05
J1,667,0.05
J1,668,0.05
J1,669,-0.04
J1,670,0.14
J1,671,0.05
J1,672,-0.04
J1,673,-0.04
J1,674,0.05
J1,675,0.05
J1,676,0.05
J1,677,-0.04
J1,678,0.05
J1,679,0.05
J1,680,-0.04
J1,681,0.05
J1,682,0.05
J1,683,-0.04
J1,684,-0.04
J1,685,-0.04
J1,686,0.05
J1,687,-0.04
J1,688,0.05
J1,689,0.05
J1,690,-0.04
J1,691,-0.04
J1,692,0.05
J1,693,0.05
J1,694,-0.04
J1,695,0.05
J1,696,0.05
J1,697,0.05
J1,698,0.05
J1,699,-0.12
J1,700,0.05
J1,701,0.05
J1,702,0.05
J1,703,-0.04
J1,704,-0.04
J1,705,0.05
J1,706,0.05
J1,707,0.05
J1,708,0.05
J1,709,0.05
J1,710,-0.04
J1,711,0.05
J1,712,0.05
J1,713,-0.04
J1,714,-0.04
J1,715,-0.04
J1,716,0.05
J1,717,-0.04
J1,718,-0.04
J1,719,-0.04
J1,720,0.05
J1,721,0.05
J1,722,0.05
J1,723,0.05
J1,724,0.05
J1,725,-0.04
J1,726,0.05
J1,727,-0.04
J1,728,0.05
J1,729,0.05
J1,730,-0.04
J1,731,0.05
J1,732,0.05
J1,733,-0.04
J1,734,0.05
J1,735,-0.04
J1,736,0.05
J1,737,-0.04
J1,738,-0.04
J1,739,0.05
J1,740,-0.04
J1,741,0.05
J1,742,0.05
J1,743,0.05
J1,744,-0.04
J1,745,-0.04
J1,746,-0.04
J1,747,0.05
J1,748,0.05
J1,749,-0.04
J1,750,-0.04
J1,751,-0.04
J1,752,-0.04
J1,753,-0.04
J1,754,-0.04
J1,755,0.05
J1,756,-0.04
J1,757,0.05
J1,758,0.05
J1,759,0.05
J1,760,0.05
J1,761,0.05
J1,762,0.05
J1,763,-0.04
J1,764,-0.04
J1,765,-0.04
J1,766,0.05
J1,767,0.05
J1,768,-0.04
J1,769,-0.04
J1,770,-0.04
J1,771,0.05
J1,772,0.05
J1,773,-0.04
J1,774,0.05
J1,775,0.05
J1,776,-0.04
J1,777,0.05
J1,778,-0.04
J1,779,0.05
J1,780,0.05
J1,781,0.05
J1,782,-0.04
J1,783,0.05
J1,784,0.05
J1,785,-0.04
J1,786,-0.04
J1,787,0.05
J1,788,-0.04
J1,789,0.05
J1,790,-0.04
J1,791,-0.04
J1,792,0.05
J1,793,-0.04
J1,794,0.05
J1,795,0.05
J1,796,-0.04
J1,797,0.05
J1,798,0.05
J1,799,0.05
J1,800,-0.04
J1,801,0.05
J1,802,-0.04
J1,803,-0.04
J1,804,0.05
J1,805,0.05
J1,806,0.05
J1,807,0.05
J1,808,-0.04
J1,809,-0.04
J1,810,0.05
J1,811,-0.04
J1,812,0.05
J1,813,0.05
J1,814,0.05
J1,815,-0.04
J1,816,-0.04
J1,817,-0.04
J1,818,-0.04
J1,819,0.05
J1,820,0.05
J1,821,0.05
J1,822,0.14
J1,823,0.05
J1,824,0.05
J1,825,0.05
J1,826,0.05
J1,827,0.05
J1,828,0.05
J1,829,0.05
J1,830,-0.04
J1,831,0.05
J1,832,-0.04
J1,833,0.14
J1,834,-0.04
J1,835,-0.04
J1,836,-0.04
J1,837,0.14
J1,838,0.05
J1,839,0.05
J1,840,-0.04
J1,841,-0.04
J1,842,0.05
J1,843,0.05
J1,844,0.05
J1,845,-0.04
J1,846,-0.04
J1,847,0.05
J1,848,-0.04
J1,849,0.05
J1,850,0.05
J1,851,-0.04
J1,852,-0.04
J1,853,0.14
J1,854,0.05
J1,855,-0.04
J1,856,-0.04
J1,857,-0.04
J1,858,-0.04
J1,859,-0.04
J1,860,0.05
J1,861,0.05
J1,862,-0.04
J1,863,-0.04
J1,864,0.05
J1,865,0.05
J1,866,0.05
J1,867,-0.04
J1,868,-0.04
J1,869,0.05
J1,870,0.05
J1,871,0.05
J1,872,0.05
J1,873,-0.04
J1,874,-0.04
J1,875,0.05
J1,876,-0.04
J1,877,0.05
J1,878,-0.04
J1,879,-0.04
J1,880,-0.04
J1,881,-0.04
J1,882,-0.04
J1,883,-0.04
J1,884,-0.04
J1,885,0.05
J1,886,-0.04
J1,887,0.05
J1,888,-0.04
J1,889,-0.04
J1,890,0.05
J1,891,0.05
J1,892,-0.04
J1,893,-0.04
J1,894,0.05
J1,895,0.05
J1,896,0.05
J1,897,0.05
J1,898,-0.04
J1,899,-0.04
J1,900,0.05
J1,901,0.05
J1,902,0.05
J1,903,-0.04
J1,904,0.05
J1,905,0.05
J1,906,-0.04
J1,907,-0.04
J1,908,-0.04
J1,909,-0.04
J1,910,-0.04
J1,911,0.05
J1,912,0.05
J1,913,0.05
J1,914,-0.04
J1,915,-0.04
J1,916,-0.04
J1,917,0.05
J1,918,0.05
J1,919,-0.04
J1,920,0.05
J1,921,0.05
J1,922,0.05
J1,923,0.05
J1,924,0.05
J1,925,0.05
J1,926,0.05
J1,927,0.05
J1,928,-0.04
J1,929,0.05
J1,930,0.05
J1,931,-0.04
J1,932,0.05
J1,933,0.05
J1,934,-0.04
J1,935,0.05
J1,936,0.05
J1,937,0.05
J1,938,0.14
J1,939,-0.04
J1,940,-0.04
J1,941,0.05
J1,942,0.05
J1,943,0.05
J1,944,0.05
J1,945,0.05
J1,946,-0.04
J1,947,0.05
J1,948,0.05
J1,949,-0.04
J1,950,0.05
J1,951,0.05
J1,952,-0.04
J1,953,-0.04
J1,954,0.05
J1,955,0.05
J1,956,-0.04
J1,957,0.05
J1,958,0.05
J1,959,0.05
J1,960,0.05
J1,961,-0.04
J1,962,0.05
J1,963,0.05
J1,964,-0.04
J1,965,0.05
J1,966,0.05
J1,967,0.05
J1,968,0.05
J1,969,-0.04
J1,970,-0.04
J1,971,0.05
J1,972,0.05
J1,973,0.05
J1,974,0.14
J1,975,0.05
J1,976,-0.04
J1,977,-0.04
J1,978,0.05
J1,979,0.05
J1,980,-0.04
J1,981,0.05
J1,982,-0.04
J1,983,0.05
J1,984,0.05
J1,985,0.05
J1,986,-0.04
J1,987,-0.04
J1,988,0.05
J1,989,-0.04
J1,990,-0.04
J1,991,-0.04
J1,992,0.05
J1,993,-0.04
J1,994,-0.04
J1,995,-0.04
J1,996,-0.04
J1,997,0.05
J1,998,0.05
J1,999,-0.04
J1,1000,-0.04
J1,1001,-0.04
J1,1002,-0.04
J1,1003,0.05
J1,1004,-0.04
J1,1005,0.05
J1,1006,-0.04
J1,1007,-0.04
J1,1008,-0.04
J1,1009,-0.04
J1,1010,-0.04
J1,1011,-0.04
J1,1012,-0.04
J1,1013,-0.04
J1,1014,0.05
J1,1015,-0.04
J1,1016,0.05
J1,1017,0.05
J1,1018,0.05
J1,1019,0.05
J1,1020,0.05
J1,1021,-0.12
J1,1022,0.05
J1,1023,0.05
J1,1024,0.05
J1,1025,0.05
J1,1026,0.05
J1,1027,-0.04
J1,1028,-0.04
J1,1029,0.14
J1,1030,0.05
J1,1031,-0.04
J1,1032,-0.04
J1,1033,-0.04
J1,1034,0.05
J1,1035,-0.04
J1,1036,0.05
J1,1037,-0.04
J1,1038,-0.04
J1,1039,-0.04
J1,1040,-0.04
J1,1041,-0.04
J1,1042,-0.04
J1,1043,0.05
J1,1044,0.05
J1,1045,0.05
J1,1046,0.05
J1,1047,0.05
J1,1048,0.05
J1,1049,0.05
J1,1050,0.05
J1,1051,-0.04
J1,1052,0.05
J1,1053,0.05
J1,1054,0.05
J1,1055,0.05
J1,1056,-0.04
J1,1057,0.05
J1,1058,0.05
J1,1059,0.05
J1,1060,0.05
J1,1061,0.05
J1,1062,0.05
J1,1063,0.05
J1,1064,0.05
J1,1065,0.05
J1,1066,-0.04
J1,1067,0.05
J1,1068,0.05
J1,1069,0.05
J1,1070,0.05
J1,1071,0.05
J1,1072,-0.04
J1,1073,0.14
J1,1074,-0.04
J1,1075,0.05
J1,1076,-0.04
J1,1077,0.05
J1,1078,-0.04
J1,1079,-0.04
J1,1080,-0.04
J1,1081,0.05
J1,1082,0.05
J1,1083,0.05
J1,1084,0.05
J1,1085,-0.04
J1,1086,-0.04
J1,1087,0.05
J1,1088,-0.04
J1,1089,-0.04
J1,1090,0.05
J1,1091,-0.04
J1,1092,-0.04
J1,1093,-0.04
J1,1094,0.05
J1,1095,-0.04
J1,1096,-0.04
J1,1097,-0.04
J1,1098,0.05
J1,1099,-0.04
J1,1100,0.05
J1,1101,0.05
J1,1102,-0.04
J1,1103,0.05
J1,1104,-0.04
J1,1105,-0.04
J1,1106,-0.04
J1,1107,0.14
J1,1108,0.05
J1,1109,0.14
J1,1110,-0.04
J1,1111,-0.04
J1,1112,0.05
J1,1113,-0.04
J1,1114,0.05
J1,1115,-0.04
J1,1116,-0.04
J1,1117,0.05
J1,1118,0.05
J1,1119,0.05
J1,1120,-0.04
J1,1121,0.05
J1,1122,-0.04
J1,1123,-0.04
J1,1124,0.05
J1,1125,-0.04
J1,1126,0.05
J1,1127,0.05
J1,1128,0.05
J1,1129,0.05
J1,1130,-0.04
J1,1131,-0.04
J1,1132,-0.04
J1,1133,0.05
J1,1134,0.05
J1,1135,0.05
J1,1136,-0.04
J1,1137,-0.04
J1,1138,0.05
J1,1139,-0.04
J1,1140,0.05
J1,1141,-0.04
J1,1142,-0.04
J1,1143,0.05
J1,1144,0.05
J1,1145,0.05
J1,1146,0.05
J1,1147,0.05
J1,1148,-0.04
J1,1149,0.05
J1,1150,-0.04
J1,1151,0.05
J1,1152,0.05
J1,1153,-0.04
J1,1154,-0.04
J1,1155,-0.04
J1,1156,0.05
J1,1157,-0.04
J1,1158,0.05
J1,1159,0.05
J1,1160,0.05
J1,1161,-0.04
J1,1162,0.05
J1,1163,0.05
J1,1164,0.05
J1,1165,-0.04
J1,1166,0.05
J1,1167,0.05
J1,1168,0.05
J1,1169,-0.04
J1,1170,-0.04
J1,1171,-0.04
J1,1172,0.05
J1,1173,0.05
J1,1174,0.05
J1,1175,-0.04
J1,1176,-0.04
J1,1177,0.05
J1,1178,-0.04
J1,1179,-0.12
J1,1180,0.05
J1,1181,0.05
J1,1182,-0.04
J1,1183,-0.04
J1,1184,-0.04
J1,1185,0.05
J1,1186,-0.04
J1,1187,0.05
J1,1188,0.05
J1,1189,0.05
J1,1190,0.05
J1,1191,-0.04
J1,1192,-0.04
J1,1193,0.05
J1,1194,-0.04
J1,1195,0.05
J1,1196,-0.04
J1,1197,-0.04
J1,1198,-0.04
J1,1199,-0.04
J1,1200,0.05
J1,1201,-0.04
J1,1202,0.05
J1,1203,0.05
J1,1204,0.05
J1,1205,-0.04
J1,1206,0.05
J1,1207,0.05
J1,1208,-0.04
J1,1209,-0.04
J1,1210,-0.04
J1,1211,-0.04
J1,1212,-0.04
J1,1213,0.05
J1,1214,0.05
J1,1215,-0.04
J1,1216,-0.04
J1,1217,-0.04
J1,1218,0.05
J1,1219,0.05
J1,1220,0.05
J1,1221,0.05
J1,1222,-0.04
J1,1223,-0.04
J1,1224,-0.04
J1,1225,-0.04
J1,1226,0.05
J1,1227,0.05
J1,1228,0.05
J1,1229,0.05
J1,1230,0.05
J1,1231,0.05
J1,1232,0.05
J1,1233,0.05
J1,1234,-0.04
J1,1235,0.05
J1,1236,-0.04
J1,1237,0.05
J1,1238,0.05
J1,1239,-0.04
J1,1240,-0.04
J1,1241,0.05
J1,1242,0.14
J1,1243,0.05
J1,1244,-0.04
J1,1245,0.05
J1,1246,0.05
J1,1247,0.05
J1,1248,-0.04
J1,1249,-0.04
J1,1250,-0.04
J1,1251,-0.04
J1,1252,-0.04
J1,1253,-0.04
J1,1254,0.05
J1,1255,0.05
J1,1256,0.05
J1,1257,-0.04
J1,1258,-0.04
J1,1259,-0.04
J1,1260,0.05
J1,1261,-0.04
J1,1262,0.05
J1,1263,0.05
J1,1264,-0.04
J1,1265,0.05
J1,1266,0.05
J1,1267,-0.04
J1,1268,-0.04
J1,1269,0.05
J1,1270,0.05
J1,1271,-0.04
J1,1272,0.05
J1,1273,-0.04
J1,1274,0.05
J1,1275,0.05
J1,1276,-0.04
J1,1277,-0.04
J1,1278,0.05
J1,1279,0.05
J1,1280,-0.04
J1,1281,-0.04
J1,1282,0.05
J1,1283,0.05
J1,1284,0.05
J1,1285,-0.04
J1,1286,0.05
J1,1287,-0.04
J1,1288,0.05
J1,1289,0.05
J1,1290,-0.04
J1,1291,-0.04
J1,1292,-0.04
J1,1293,0.05
J1,1294,-0.04
J1,1295,-0.12
J1,1296,-0.04
J1,1297,-0.04
J1,1298,0.05
J1,1299,0.14
J1,1300,-0.04
J1,1301,-0.04
J1,1302,-0.04
J1,1303,-0.04
J1,1304,-0.04
J1,1305,0.05
J1,1306,-0.04
J1,1307,0.05
J1,1308,0.05
J1,1309,-0.04
J1,1310,0.05
J1,1311,-0.04
J1,1312,0.05
J1,1313,-0.04
J1,1314,0.05
J1,1315,0.05
J1,1316,-0.04
J1,1317,-0.04
J1,1318,-0.04
J1,1319,-0.04
J1,1320,-0.04
J1,1321,0.05
J1,1322,-0.04
J1,1323,0.05
J1,1324,-0.04
J1,1325,-0.04
J1,1326,-0.04
J1,1327,0.05
J1,1328,-0.04
J1,1329,-0.04
J1,1330,0.05
J1,1331,-0.04
J1,1332,0.05
J1,1333,-0.04
J1,1334,0.05
J1,1335,0.05
J1,1336,-0.04
J1,1337,-0.04
J1,1338,-0.04
J1,1339,0.05
J1,1340,0.05
J1,1341,0.05
J1,1342,0.05
J1,1343,0.05
J1,1344,-0.04
J1,1345,-0.04
J1,1346,0.05
J1,1347,-0.04
J1,1348,0.05
J1,1349,-0.04
J1,1350,0.05
J1,1351,-0.04
J1,1352,-0.04
J1,1353,-0.04
J1,1354,0.05
J1,1355,0.05
J1,1356,0.05
J1,1357,0.05
J1,1358,-0.04
J1,1359,0.05
J1,1360,-0.04
J1,1361,-0.04
J1,1362,-0.04
J1,1363,0.05
J1,1364,-0.04
J1,1365,-0.04
J1,1366,-0.04
J1,1367,-0.04
J1,1368,0.05
J1,1369,-0.04
J1,1370,0.05
J1,1371,-0.04
J1,1372,-0.04
J1,1373,0.05
J1,1374,0.05
J1,1375,0.05
J1,1376,-0.04
J1,1377,-0.04
J1,1378,0.05
J1,1379,-0.04
J1,1380,0.05
J1,1381,0.05
J1,1382,-0.04
J1,1383,-0.04
J1,1384,0.05
J1,1385,-0.04
J1,1386,-0.04
J1,1387,-0.04
J1,1388,0.05
J1,1389,-0.04
J1,1390,0.05
J1,1391,-0.04
J1,1392,0.05
J1,1393,0.05
J1,1394,-0.04
J1,1395,-0.04
J1,1396,0.05
J1,1397,-0.12
J1,1398,-0.04
J1,1399,-0.04
J1,1400,-0.04
J1,1401,0.05
J1,1402,0.05
J1,1403,0.05
J1,1404,-0.04
J1,1405,0.05
J1,1406,-0.04
J1,1407,-0.04
J1,1408,0.05
J1,1409,0.05
J1,1410,-0.04
J1,1411,0.05
J1,1412,0.14
J1,1413,-0.04
J1,1414,-0.04
J1,1415,-0.04
J1,1416,-0.04
J1,1417,0.05
J1,1418,0.05
J1,1419,-0.04
J1,1420,0.05
J1,1421,-0.04
J1,1422,-0.04
J1,1423,0.05
J1,1424,-0.04
J1,1425,-0.04
J1,1426,-0.04
J1,1427,0.05
J1,1428,-0.12
J1,1429,-0.04
J1,1430,0.05
J1,1431,0.05
J1,1432,-0.04
J1,1433,-0.12
J1,1434,-0.04
J1,1435,0.05
J1,1436,0.14
J1,1437,-0.04
J1,1438,-0.04
J1,1439,-0.04
J1,1440,0.05
J1,1441,0.05
J1,1442,0.05
J1,1443,0.05
J1,1444,0.05
J1,1445,-0.04
J1,1446,0.05
J1,1447,-0.04
J1,1448,-0.04
J1,1449,0.05
J1,1450,-0.04
J1,1451,0.05
J1,1452,-0.04
J1,1453,-0.04
J1,1454,-0.04
J1,1455,-0.12
J1,1456,-0.04
J1,1457,-0.04
J1,1458,-0.04
J1,1459,-0.04
J1,1460,0.05
J1,1461,0.05
J1,1462,0.05
J1,1463,0.05
J1,1464,0.05
J1,1465,-0.04
J1,1466,0.05
J1,1467,0.05
J1,1468,-0.04
J1,1469,0.05
J1,1470,0.05
J1,1471,-0.04
J1,1472,-0.04
J1,1473,0.05
J1,1474,0.05
J1,1475,-0.04
J1,1476,-0.04
J1,1477,-0.04
J1,1478,0.05
J1,1479,0.05
J1,1480,-0.04
J1,1481,0.05
J1,1482,0.05
J1,1483,-0.04
J1,1484,-0.04
J1,1485,-0.04
J1,1486,-0.04
J1,1487,0.05
J1,1488,-0.04
J1,1489,0.05
J1,1490,-0.04
J1,1491,0.05
J1,1492,0.05
J1,1493,-0.04
J1,1494,0.05
J1,1495,0.05
J1,1496,0.05
J1,1497,0.05
J1,1498,0.05
J1,1499,0.05
J1,1500,0.05
J1,1501,-0.04
J1,1502,-0.04
J1,1503,-0.04
J1,1504,0.05
J1,1505,-0.04
J1,1506,-0.04
J1,1507,-0.04
J1,1508,0.05
J1,1509,0.05
J1,1510,0.05
J1,1511,0.05
J1,1512,0.05
J1,1513,0.05
J1,1514,0.05
J1,1515,-0.04
J1,1516,-0.04
J1,1517,0.05
J1,1518,-0.04
J1,1519,0.05
J1,1520,0.05
J1,1521,-0.12
J1,1522,-0.04
J1,1523,-0.04
J1,1524,0.05
J1,1525,0.05
J1,1526,-0.04
J1,1527,-0.04
J1,1528,0.05
J1,1529,0.05
J1,1530,-0.04
J1,1531,-0.04
J1,1532,-0.04
J1,1533,-0.04
J1,1534,-0.04
J1,1535,-0.04
J1,1536,-0.04
J1,1537,-0.04
J1,1538,-0.04
J1,1539,-0.04
J1,1540,0.05
J1,1541,-0.12
J1,1542,-0.04
J1,1543,-0.04
J1,1544,0.05
J1,1545,-0.04
J1,1546,-0.04
J1,1547,-0.04
J1,1548,-0.04
J1,1549,0.05
J1,1550,0.05
J1,1551,-0.04
J1,1552,-0.12
J1,1553,-0.04
J1,1554,-0.04
J1,1555,0.05
J1,1556,-0.04
J1,1557,-0.04
J1,1558,-0.04
J1,1559,0.05
J1,1560,-0.04
J1,1561,-0.04
J1,1562,-0.04
J1,1563,-0.04
J1,1564,-0.04
J1,1565,0.05
J1,1566,-0.04
J1,1567,-0.04
J1,1568,-0.04
J1,1569,-0.04
J1,1570,-0.04
J1,1571,0.05
J1,1572,-0.04
J1,1573,0.05
J1,1574,-0.04
J1,1575,0.05
J1,1576,-0.04
J1,1577,-0.04
J1,1578,-0.04
J1,1579,-0.04
J1,1580,0.05
J1,1581,-0.04
J1,1582,0.05
J1,1583,0.05
J1,1584,-0.04
J1,1585,0.05
J1,1586,0.05
J1,1587,-0.04
J1,1588,0.05
J1,1589,0.05
J1,1590,-0.04
J1,1591,-0.04
J1,1592,0.05
J1,1593,0.05
J1,1594,-0.04
J1,1595,-0.04
J1,1596,-0.04
J1,1597,-0.04
J1,1598,0.05
J1,1599,0.05
J1,1600,-0.04
J1,1601,-0.04
J1,1602,0.05
J1,1603,0.05
J1,1604,-0.04
J1,1605,-0.04
J1,1606,-0.04
J1,1607,0.05
J1,1608,-0.04
J1,1609,0.05
J1,1610,-0.04
J1,1611,-0.04
J1,1612,-0.04
J1,1613,0.05
J1,1614,-0.04
J1,1615,0.05
J1,1616,-0.04
J1,1617,0.05
J1,1618,0.05
J1,1619,-0.04
J1,1620,-0.04
J1,1621,-0.04
J1,1622,-0.04
J1,1623,0.05
J1,1624,0.05
J1,1625,-0.04
J1,1626,-0.04
J1,1627,-0.04
J1,1628,-0.04
J1,1629,-0.04
J1,1630,0.05
J1,1631,0.05
J1,1632,-0.04
J1,1633,-0.04
J1,1634,0.05
J1,1635,-0.04
J1,1636,0.05
J1,1637,0.05
J1,1638,-0.04
J1,1639,0.05
J1,1640,0.05
J1,1641,-0.04
J1,1642,-0.12
J1,1643,-0.04
J1,1644,0.05
J1,1645,-0.04
J1,1646,-0.04
J1,1647,-0.04
J1,1648,0.05
J1,1649,0.05
J1,1650,0.05
J1,1651,-0.04
J1,1652,-0.04
J1,1653,0.05
J1,1654,0.05
J1,1655,-0.04
J1,1656,0.05
J1,1657,-0.04
J1,1658,0.05
J1,1659,-0.04
J1,1660,-0.04
J1,1661,0.05
J1,1662,-0.04
J1,1663,0.05
J1,1664,-0.04
J1,1665,-0.04
J1,1666,-0.04
J1,1667,0.05
J1,1668,-0.04
J1,1669,0.05
J1,1670,-0.04
J1,1671,0.05
J1,1672,-0.04
J1,1673,0.05
J1,1674,0.05
J1,1675,-0.04
J1,1676,0.05
J1,1677,-0.04
J1,1678,-0.04
J1,1679,-0.04
J1,1680,-0.04
J1,1681,0.05
J1,1682,0.05
J1,1683,-0.04
J1,1684,-0.04
J1,1685,0.05
J1,1686,0.05
J1,1687,-0.04
J1,1688,-0.04
J1,1689,-0.04
J1,1690,-0.04
J1,1691,-0.04
J1,1692,-0.04
J1,1693,-0.04
J1,1694,0.05
J1,1695,-0.04
J1,1696,0.05
J1,1697,-0.04
J1,1698,-0.04
J1,1699,0.05
J1,1700,-0.04
J1,1701,-0.04
J1,1702,-0.04
J1,1703,-0.04
J1,1704,0.05
J1,1705,-0.04
J1,1706,0.05
J1,1707,-0.04
J1,1708,0.05
J1,1709,-0.04
J1,1710,-0.04
J1,1711,0.05
J1,1712,0.05
J1,1713,0.05
J1,1714,0.05
J1,1715,0.05
J1,1716,0.05
J1,1717,-0.04
J1,1718,-0.04
J1,1719,0.05
J1,1720,0.05
J1,1721,0.05
J1,1722,-0.04
J1,1723,0.05
J1,1724,-0.04
J1,1725,0.05
J1,1726,-0.04
J1,1727,0.05
J1,1728,-0.04
J1,1729,-0.12
J1,1730,-0.12
J1,1731,0.05
J1,1732,-0.04
J1,1733,-0.04
J1,1734,-0.04
J1,1735,-0.04
J1,1736,-0.04
J1,1737,0.05
J1,1738,-0.04
J1,1739,0.05
J1,1740,0.05
J1,1741,0.05
J1,1742,-0.04
J1,1743,0.05
J1,1744,-0.04
J1,1745,0.05
J1,1746,0.05
J1,1747,0.05
J1,1748,-0.04
J1,1749,0.05
J1,1750,-0.04
J1,1751,-0.04
J1,1752,-0.04
J1,1753,-0.04
J1,1754,-0.04
J1,1755,-0.04
J1,1756,-0.04
J1,1757,-0.04
J1,1758,-0.04
J1,1759,-0.04
J1,1760,-0.04
J1,1761,0.05
J1,1762,-0.04
J1,1763,0.05
J1,1764,0.05
J1,1765,-0.12
J1,1766,-0.04
J1,1767,-0.04
J1,1768,-0.04
J1,1769,-0.04
J1,1770,0.05
J1,1771,-0.04
J1,1772,-0.04
J1,1773,-0.04
J1,1774,-0.04
J1,1775,-0.12
J1,1776,-0.04
J1,1777,0.05
J1,1778,-0.04
J1,1779,-0.04
J1,1780,-0.04
J1,1781,-0.04
J1,1782,-0.04
J1,1783,-0.04
J1,1784,-0.12
J1,1785,0.05
J1,1786,-0.04
J1,1787,0.05
J1,1788,-0.04
J1,1789,0.05
J1,1790,0.05
J1,1791,-0.04
J1,1792,-0.04
J1,1793,-0.04
J1,1794,-0.04
J1,1795,0.05
J1,1796,0.05
J1,1797,-0.04
J1,1798,-0.04
J1,1799,-0.04
J1,1800,-0.04
J1,1801,-0.04
J1,1802,-0.04
J1,1803,-0.04
J1,1804,-0.04
J1,1805,0.05
J1,1806,0.05
J1,1807,-0.04
J1,1808,-0.04
J1,1809,0.05
J1,1810,0.05
J1,1811,0.05
J1,1812,-0.04
J1,1813,-0.04
J1,1814,-0.04
J1,1815,-0.04
J1,1816,-0.04
J1,1817,-0.04
J1,1818,0.05
J1,1819,-0.04
J1,1820,0.05
J1,1821,-0.04
J1,1822,-0.04
J1,1823,-0.04
J1,1824,-0.04
J1,1825,-0.04
J1,1826,-0.04
J1,1827,-0.04
J1,1828,-0.04
J1,1829,-0.04
J1,1830,-0.12
J1,1831,-0.04
J1,1832,0.05
J1,1833,-0.04
J1,1834,-0.04
J1,1835,-0.04
J1,1836,-0.04
J1,1837,-0.04
J1,1838,-0.04
J1,1839,-0.04
J1,1840,-0.04
J1,1841,0.05
J1,1842,-0.12
J1,1843,0.05
J1,1844,-0.12
J1,1845,-0.04
J1,1846,-0.04
J1,1847,-0.04
J1,1848,-0.04
J1,1849,-0.04
J1,1850,-0.12
J1,1851,-0.04
J1,1852,-0.04
J1,1853,-0.04
J1,1854,-0.12
J1,1855,-0.04
J1,1856,-0.12
J1,1857,-0.04
J1,1858,-0.04
J1,1859,-0.04
J1,1860,-0.04
J1,1861,-0.04
J1,1862,0.05
J1,1863,-0.04
J1,1864,-0.04
J1,1865,-0.04
J1,1866,0.05
J1,1867,0.14
J1,1868,-0.04
J1,1869,-0.04
J1,1870,-0.04
J1,1871,0.05
J1,1872,-0.04
J1,1873,-0.04
J1,1874,-0.12
J1,1875,-0.04
J1,1876,0.05
J1,1877,-0.04
J1,1878,-0.04
J1,1879,-0.04
J1,1880,-0.04
J1,1881,-0.04
J1,1882,-0.04
J1,1883,-0.04
J1,1884,-0.04
J1,1885,-0.04
J1,1886,-0.04
J1,1887,-0.04
J1,1888,-0.04
J1,1889,0.05
J1,1890,-0.04
J1,1891,-0.04
J1,1892,0.05
J1,1893,0.05
J1,1894,-0.04
J1,1895,0.05
J1,1896,-0.04
J1,1897,-0.04
J1,1898,0.05
J1,1899,-0.04
J1,1900,-0.04
J1,1901,-0.04
J1,1902,0.05
J1,1903,-0.04
J1,1904,-0.04
J1,1905,-0.04
J1,1906,-0.04
J1,1907,-0.04
J1,1908,0.05
J1,1909,0.05
J1,1910,-0.04
J1,1911,0.05
J1,1912,-0.04
J1,1913,0.05
J1,1914,-0.04
J1,1915,-0.04
J1,1916,0.05
J1,1917,0.05
J1,1918,-0.04
J1,1919,0.05
J1,1920,-0.04
J1,1921,-0.04
J1,1922,0.05
J1,1923,0.05
J1,1924,-0.04
J1,1925,-0.04
J1,1926,0.05
J1,1927,0.05
J1,1928,-0.04
J1,1929,-0.04
J1,1930,0.05
J1,1931,-0.04
J1,1932,-0.04
J1,1933,0.05
J1,1934,0.05
J1,1935,0.05
J1,1936,-0.04
J1,1937,-0.04
J1,1938,-0.12
J1,1939,-0.04
J1,1940,-0.04
J1,1941,-0.04
J1,1942,-0.04
J1,1943,-0.04
J1,1944,-0.04
J1,1945,-0.04
J1,1946,-0.04
J1,1947,-0.04
J1,1948,-0.04
J1,1949,-0.04
J1,1950,-0.04
J1,1951,-0.04
J1,1952,-0.04
J1,1953,0.05
J1,1954,-0.04
J1,1955,0.05
J1,1956,-0.04
J1,1957,0.05
J1,1958,-0.04
J1,1959,-0.04
J1,1960,0.05
J1,1961,0.05
J1,1962,-0.12
J1,1963,-0.04
J1,1964,0.05
J1,1965,-0.04
J1,1966,-0.04
J1,1967,-0.04
J1,1968,-0.04
J1,1969,0.05
J1,1970,-0.04
J1,1971,0.05
J1,1972,-0.04
J1,1973,-0.04
J1,1974,-0.04
J1,1975,0.05
J1,1976,-0.04
J1,1977,0.05
J1,1978,-0.04
J1,1979,-0.04
J1,1980,-0.04
J1,1981,-0.04
J1,1982,-0.04
J1,1983,-0.04
J1,1984,0.05
J1,1985,0.05
J1,1986,0.05
J1,1987,-0.12
J1,1988,0.05
J1,1989,-0.04
J1,1990,0.05
J1,1991,0.05
J1,1992,-0.12
J1,1993,-0.04
J1,1994,-0.04
J1,1995,-0.04
J1,1996,-0.04
J1,1997,0.05
J1,1998,-0.04
J1,1999,-0.04
J1,2000,0.05
J1,2001,-0.04
J1,2002,0.05
J1,2003,0.05
J1,2004,0.05
J1,2005,-0.04
J1,2006,-0.04
J1,2007,0.05
J1,2008,0.05
J1,2009,-0.04
J1,2010,-0.12
J1,2011,-0.04
J1,2012,0.05
J1,2013,-0.12
J1,2014,-0.04
J1,2015,-0.04
J1,2016,-0.04
J1,2017,-0.04
J1,2018,-0.04
J1,2019,0.05
J1,2020,-0.04
J1,2021,0.05
J1,2022,-0.04
J1,2023,0.05
J1,2024,-0.04
J1,2025,0.05
J1,2026,0.05
J1,2027,-0.04
J1,2028,0.05
J1,2029,-0.04
J1,2030,0.05
J1,2031,0.05
J1,2032,-0.04
J1,2033,-0.04
J1,2034,-0.04
J1,2035,-0.04
J1,2036,-0.04
J1,2037,-0.04
J1,2038,-0.04
J1,2039,0.05
J1,2040,-0.04
J1,2041,-0.04
J1,2042,0.05
J1,2043,-0.04
J1,2044,0.05
J1,2045,-0.04
J1,2046,-0.04
J1,2047,0.05
J1,2048,0.05
J1,2049,-0.04
J1,2050,-0.04
J1,2051,-0.04
J1,2052,0.05
J1,2053,-0.04
J1,2054,-0.04
J1,2055,-0.04
J1,2056,0.05
J1,2057,-0.04
J1,2058,-0.04
J1,2059,-0.04
J1,2060,0.05
J1,2061,0.05
J1,2062,0.05
J1,2063,-0.04
J1,2064,0.05
J1,2065,0.05
J1,2066,0.05
J1,2067,-0.04
J1,2068,0.05
J1,2069,0.05
J1,2070,0.05
J1,2071,-0.04
J1,2072,-0.04
J1,2073,0.05
J1,2074,-0.04
J1,2075,0.05
J1,2076,-0.04
J1,2077,0.05
J1,2078,-0.04
J1,2079,0.05
J1,2080,-0.12
J1,2081,-0.04
J1,2082,0.05
J1,2083,-0.04
J1,2084,0.05
J1,2085,-0.04
J1,2086,-0.04
J1,2087,-0.04
J1,2088,-0.12
J1,2089,-0.04
J1,2090,-0.04
J1,2091,-0.04
J1,2092,-0.04
J1,2093,-0.04
J1,2094,0.05
J1,2095,-0.12
J1,2096,-0.04
J1,2097,-0.04
J1,2098,-0.04
J1,2099,-0.04
J1,2100,-0.04
J1,2101,-0.04
J1,2102,-0.04
J1,2103,-0.04
J1,2104,-0.04
J1,2105,-0.04
J1,2106,-0.04
J1,2107,-0.12
J1,2108,-0.04
J1,2109,-0.04
J1,2110,0.05
J1,2111,-0.04
J1,2112,-0.04
J1,2113,-0.04
J1,2114,-0.04
J1,2115,-0.04
J1,2116,-0.04
J1,2117,-0.04
J1,2118,-0.04
J1,2119,-0.04
J1,2120,-0.04
J1,2121,-0.04
J1,2122,-0.04
J1,2123,-0.04
J1,2124,-0.04
J1,2125,-0.12
J1,2126,-0.04
J1,2127,-0.04
J1,2128,-0.04
J1,2129,0.05
J1,2130,-0.04
J1,2131,-0.04
J1,2132,-0.04
J1,2133,-0.04
J1,2134,-0.04
J1,2135,0.05
J1,2136,-0.04
J1,2137,-0.04
J1,2138,-0.04
J1,2139,-0.04
J1,2140,-0.04
J1,2141,-0.04
J1,2142,0.05
J1,2143,0.05
J1,2144,-0.04
J1,2145,-0.04
J1,2146,-0.04
J1,2147,-0.04
J1,2148,-0.04
J1,2149,-0.04
J1,2150,0.05
J1,2151,-0.12
J1,2152,0.05
J1,2153,0.05
J1,2154,-0.04
J1,2155,-0.04
J1,2156,-0.04
J1,2157,-0.04
J1,2158,0.05
J1,2159,0.05
J1,2160,-0.04
J1,2161,-0.04
J1,2162,-0.04
J1,2163,-0.04
J1,2164,-0.04
J1,2165,-0.04
J1,2166,-0.04
J1,2167,-0.04
J1,2168,-0.04
J1,2169,-0.04
J1,2170,0.05
J1,2171,-0.04
J1,2172,0.05
J1,2173,-0.04
J1,2174,0.05
J1,2175,0.05
J1,2176,-0.04
J1,2177,-0.04
J1,2178,-0.04
J1,2179,-0.04
J1,2180,0.05
J1,2181,-0.12
J1,2182,-0.04
J1,2183,-0.04
J1,2184,0.05
J1,2185,-0.04
J1,2186,-0.04
J1,2187,-0.04
J1,2188,-0.04
J1,2189,-0.12
J1,2190,-0.04
J1,2191,-0.04
J1,2192,-0.04
J1,2193,-0.04
J1,2194,-0.04
J1,2195,-0.04
J1,2196,-0.12
J1,2197,0.05
J1,2198,-0.04
J1,2199,0.05
J1,2200,0.05
J1,2201,-0.04
J1,2202,-0.04
J1,2203,-0.12
J1,2204,-0.04
J1,2205,-0.04
J1,2206,-0.04
J1,2207,0.05
J1,2208,-0.04
J1,2209,-0.04
J1,2210,-0.12
J1,2211,-0.04
J1,2212,-0.04
J1,2213,-0.04
J1,2214,0.05
J1,2215,-0.04
J1,2216,-0.04
J1,2217,-0.04
J1,2218,-0.04
J1,2219,-0.04
J1,2220,-0.04
J1,2221,0.05
J1,2222,-0.04
J1,2223,-0.04
J1,2224,-0.04
J1,2225,-0.04
J1,2226,-0.12
J1,2227,-0.04
J1,2228,-0.04
J1,2229,-0.04
J1,2230,-0.12
J1,2231,-0.04
J1,2232,-0.04
J1,2233,0.05
J1,2234,0.05
J1,2235,-0.04
J1,2236,-0.04
J1,2237,0.05
J1,2238,-0.04
J1,2239,0.05
J1,2240,-0.04
J1,2241,-0.04
J1,2242,-0.04
J1,2243,-0.04
J1,2244,-0.12
J1,2245,-0.04
J1,2246,0.05
J1,2247,-0.04
J1,2248,-0.04
J1,2249,0.05
J1,2250,0.05
J1,2251,0.05
J1,2252,0.05
J1,2253,-0.04
J1,2254,-0.04
J1,2255,-0.04
J1,2256,-0.04
J1,2257,0.05
J1,2258,-0.04
J1,2259,-0.04
J1,2260,-0.04
J1,2261,0.05
J1,2262,-0.04
J1,2263,0.05
J1,2264,0.05
J1,2265,-0.12
J1,2266,-0.04
J1,2267,-0.04
J1,2268,-0.04
J1,2269,-0.04
J1,2270,-0.04
J1,2271,0.05
J1,2272,0.05
J1,2273,-0.04
J1,2274,-0.04
J1,2275,-0.04
J1,2276,0.05
J1,2277,-0.04
J1,2278,-0.04
J1,2279,-0.04
J1,2280,0.14
J1,2281,-0.04
J1,2282,-0.04
J1,2283,-0.04
J1,2284,-0.04
J1,2285,-0.04
J1,2286,-0.04
J1,2287,-0.04
J1,2288,-0.04
J1,2289,-0.04
J1,2290,0.05
J1,2291,-0.04
J1,2292,-0.04
J1,2293,-0.12
J1,2294,-0.04
J1,2295,-0.04
J1,2296,0.05
J1,2297,-0.04
J1,2298,-0.04
J1,2299,-0.04
J1,2300,-0.12
J1,2301,0.05
J1,2302,-0.04
J1,2303,-0.04
J1,2304,0.05
J1,2305,-0.04
J1,2306,0.05
J1,2307,0.05
J1,2308,-0.04
J1,2309,-0.04
J1,2310,-0.04
J1,2311,-0.04
J1,2312,-0.04
J1,2313,-0.04
J1,2314,-0.04
J1,2315,0.05
J1,2316,0.05
J1,2317,-0.04
J1,2318,-0.04
J1,2319,-0.04
J1,2320,-0.04
J1,2321,-0.04
J1,2322,-0.04
J1,2323,-0.12
J1,2324,-0.04
J1,2325,-0.04
J1,2326,0.05
J1,2327,0.05
J1,2328,0.05
J1,2329,-0.04
J1,2330,-0.12
J1,2331,-0.04
J1,2332,-0.04
J1,2333,-0.04
J1,2334,-0.04
J1,2335,0.05
J1,2336,-0.12
J1,2337,-0.04
J1,2338,-0.04
J1,2339,-0.04
J1,2340,-0.04
J1,2341,-0.04
J1,2342,-0.04
J1,2343,0.05
J1,2344,-0.04
J1,2345,0.05
J1,2346,0.05
J1,2347,0.05
J1,2348,-0.04
J1,2349,-0.12
J1,2350,-0.04
J1,2351,0.05
J1,2352,-0.04
J1,2353,-0.04
J1,2354,-0.04
J1,2355,0.05
J1,2356,-0.04
J1,2357,0.14
J1,2358,0.05
J1,2359,0.05
J1,2360,-0.04
J1,2361,0.05
J1,2362,0.05
J1,2363,-0.04
J1,2364,-0.04
J1,2365,-0.04
J1,2366,-0.04
J1,2367,-0.04
J1,2368,0.05
J1,2369,-0.04
J1,2370,-0.12
J1,2371,0.05
J1,2372,-0.04
J1,2373,0.05
J1,2374,-0.04
J1,2375,0.05
J1,2376,-0.04
J1,2377,-0.04
J1,2378,0.05
J1,2379,0.05
J1,2380,-0.04
J1,2381,-0.04
J1,2382,-0.04
J1,2383,-0.04
J1,2384,-0.04
J1,2385,-0.04
J1,2386,-0.04
J1,2387,-0.04
J1,2388,-0.04
J1,2389,-0.04
J1,2390,-0.04
J1,2391,-0.04
J1,2392,0.05
J1,2393,-0.04
J1,2394,-0.04
J1,2395,-0.04
J1,2396,-0.04
J1,2397,-0.04
J1,2398,-0.04
J1,2399,-0.04
J1,2400,-0.04
J1,2401,0.05
J1,2402,-0.04
J1,2403,-0.04
J1,2404,-0.12
J1,2405,-0.04
J1,2406,0.05
J1,2407,-0.12
J1,2408,-0.04
J1,2409,-0.04
J1,2410,-0.04
J1,2411,-0.04
J1,2412,-0.04
J1,2413,-0.04
J1,2414,0.05
J1,2415,-0.04
J1,2416,-0.04
J1,2417,-0.04
J1,2418,-0.04
J1,2419,-0.04
J1,2420,-0.04
J1,2421,0.05
J1,2422,0.05
J1,2423,-0.04
J1,2424,-0.04
J1,2425,-0.04
J1,2426,-0.04
J1,2427,-0.04
J1,2428,-0.12
J1,2429,-0.04
J1,2430,-0.04
J1,2431,-0.04
J1,2432,-0.04
J1,2433,-0.04
J1,2434,-0.04
J1,2435,-0.04
J1,2436,-0.12
J1,2437,0.05
J1,2438,-0.04
J1,2439,-0.04
J1,2440,0.05
J1,2441,-0.04
J1,2442,0.05
J1,2443,-0.04
J1,2444,-0.12
J1,2445,-0.04
J1,2446,-0.12
J1,2447,-0.04
J1,2448,-0.04
J1,2449,0.05
J1,2450,0.14
J1,2451,-0.04
J1,2452,-0.04
J1,2453,0.05
J1,2454,-0.04
J1,2455,0.05
J1,2456,-0.04
J1,2457,0.05
J1,2458,0.05
J1,2459,-0.04
J1,2460,0.05
J1,2461,-0.04
J1,2462,-0.04
J1,2463,-0.12
J1,2464,-0.04
J1,2465,-0.04
J1,2466,0.05
J1,2467,-0.12
J1,2468,-0.04
J1,2469,-0.04
J1,2470,-0.04
J1,2471,0.05
J1,2472,-0.12
J1,2473,-0.04
J1,2474,-0.04
J1,2475,-0.04
J1,2476,-0.04
J1,2477,0.05
J1,2478,0.05
J1,2479,-0.04
J1,2480,-0.04
J1,2481,0.05
J1,2482,-0.04
J1,2483,-0.04
J1,2484,-0.04
J1,2485,-0.04
J1,2486,0.05
J1,2487,-0.04
J1,2488,0.05
J1,2489,0.05
J1,2490,0.05
J1,2491,-0.04
J1,2492,-0.04
J1,2493,-0.04
J1,2494,0.05
J1,2495,0.05
J1,2496,-0.12
J1,2497,-0.04
J1,2498,0.05
J1,2499,-0.04
J1,2500,-0.04
J1,2501,-0.04
J1,2502,-0.04
J1,2503,-0.04
J1,2504,-0.04
J1,2505,-0.04
J1,2506,-0.04
J1,2507,-0.04
J1,2508,-0.04
J1,2509,0.14
J1,2510,0.05
J1,2511,-0.04
J1,2512,-0.12
J1,2513,-0.04
J1,2514,-0.04
J1,2515,0.05
J1,2516,0.05
J1,2517,0.05
J1,2518,0.05
J1,2519,-0.04
J1,2520,0.05
J1,2521,-0.04
J1,2522,-0.04
J1,2523,-0.04
J1,2524,0.05
J1,2525,-0.04
J1,2526,-0.04
J1,2527,-0.04
J1,2528,0.05
J1,2529,-0.04
J1,2530,-0.04
J1,2531,-0.04
J1,2532,0.05
J1,2533,-0.04
J1,2534,-0.04
J1,2535,-0.04
J1,2536,0.05
J1,2537,-0.04
J1,2538,-0.04
J1,2539,-0.12
J1,2540,0.05
J1,2541,-0.04
J1,2542,0.05
J1,2543,-0.04
J1,2544,0.14
J1,2545,-0.04
J1,2546,0.05
J1,2547,-0.04
J1,2548,-0.04
J1,2549,0.05
J1,2550,-0.04
J1,2551,-0.04
J1,2552,0.05
J1,2553,-0.04
J1,2554,0.14
J1,2555,-0.04
J1,2556,0.05
J1,2557,0.05
J1,2558,-0.04
J1,2559,0.05
J1,2560,0.05
J1,2561,-0.04
J1,2562,-0.04
J1,2563,-0.04
J1,2564,0.05
J1,2565,-0.04
J1,2566,-0.04
J1,2567,-0.04
J1,2568,0.05
J1,2569,-0.04
J1,2570,-0.04
J1,2571,-0.04
J1,2572,-0.04
J1,2573,0.05
J1,2574,-0.04
J1,2575,-0.04
J1,2576,0.05
J1,2577,0.05
J1,2578,-0.04
J1,2579,-0.04
J1,2580,-0.04
J1,2581,-0.04
J1,2582,-0.04
J1,2583,-0.04
J1,2584,-0.04
J1,2585,-0.04
J1,2586,-0.12
J1,2587,-0.12
J1,2588,0.05
J1,2589,-0.04
J1,2590,-0.04
J1,2591,-0.04
J1,2592,0.05
J1,2593,-0.04
J1,2594,-0.04
J1,2595,0.05
J1,2596,0.05
J1,2597,-0.04
J1,2598,-0.04
J1,2599,-0.04
J1,2600,0.05
J1,2601,-0.04
J1,2602,0.05
J1,2603,-0.04
J1,2604,0.05
J1,2605,-0.04
J1,2606,0.05
J1,2607,-0.12
J1,2608,0.05
J1,2609,0.05
J1,2610,0.05
J1,2611,0.05
J1,2612,-0.12
J1,2613,-0.04
J1,2614,-0.04
J1,2615,-0.04
J1,2616,-0.04
J1,2617,-0.04
J1,2618,-0.04
J1,2619,-0.04
J1,2620,0.05
J1,2621,0.05
J1,2622,-0.04
J1,2623,0.05
J1,2624,-0.04
J1,2625,-0.04
J1,2626,-0.04
J1,2627,0.05
J1,2628,-0.04
J1,2629,-0.04
J1,2630,-0.04
J1,2631,-0.04
J1,2632,-0.04
J1,2633,0.05
J1,2634,-0.04
J1,2635,-0.04
J1,2636,0.05
J1,2637,0.05
J1,2638,-0.04
J1,2639,-0.04
J1,2640,-0.04
J1,2641,-0.04
J1,2642,0.05
J1,2643,-0.04
J1,2644,0.05
J1,2645,-0.04
J1,2646,0.05
J1,2647,0.05
J1,2648,0.05
J1,2649,0.05
J1,2650,-0.04
J1,2651,-0.12
J1,2652,-0.12
J1,2653,-0.04
J1,2654,0.05
J1,2655,-0.04
J1,2656,-0.04
J1,2657,-0.04
J1,2658,-0.04
J1,2659,0.14
J1,2660,0.05
J1,2661,-0.04
J1,2662,-0.04
J1,2663,-0.04
J1,2664,-0.04
J1,2665,-0.04
J1,2666,-0.04
J1,2667,-0.04
J1,2668,-0.04
J1,2669,-0.04
J1,2670,-0.04
J1,2671,0.05
J1,2672,-0.04
J1,2673,-0.04
J1,2674,0.05
J1,2675,-0.04
J1,2676,-0.04
J1,2677,-0.04
J1,2678,0.05
J1,2679,-0.04
J1,2680,-0.04
J1,2681,-0.04
J1,2682,-0.04
J1,2683,-0.04
J1,2684,-0.04
J1,2685,-0.04
J1,2686,0.05
J1,2687,-0.04
J1,2688,-0.04
J1,2689,-0.04
J1,2690,0.05
J1,2691,-0.04
J1,2692,-0.04
J1,2693,-0.04
J1,2694,-0.04
J1,2695,0.05
J1,2696,-0.12
J1,2697,0.05
J1,2698,-0.04
J1,2699,0.05
J1,2700,-0.04
J1,2701,0.05
J1,2702,-0.04
J1,2703,-0.04
J1,2704,-0.04
J1,2705,-0.04
J1,2706,0.05
J1,2707,0.05
J1,2708,-0.04
J1,2709,-0.04
J1,2710,-0.04
J1,2711,-0.04
J1,2712,0.05
J1,2713,-0.04
J1,2714,-0.04
J1,2715,-0.04
J1,2716,-0.04
J1,2717,0.05
J1,2718,0.05
J1,2719,-0.04
J1,2720,0.05
J1,2721,-0.12
J1,2722,-0.04
J1,2723,-0.04
J1,2724,-0.04
J1,2725,0.05
J1,2726,-0.04
J1,2727,-0.04
J1,2728,-0.04
J1,2729,0.05
J1,2730,0.05
J1,2731,0.05
J1,2732,-0.04
J1,2733,-0.04
J1,2734,-0.04
J1,2735,-0.04
J1,2736,-0.04
J1,2737,0.05
J1,2738,0.05
J1,2739,-0.04
J1,2740,0.05
J1,2741,-0.04
J1,2742,-0.04
J1,2743,-0.04
J1,2744,-0.04
J1,2745,-0.04
J1,2746,-0.04
J1,2747,0.05
J1,2748,-0.04
J1,2749,0.05
J1,2750,-0.04
J1,2751,0.05
J1,2752,0.05
J1,2753,-0.04
J1,2754,-0.04
J1,2755,-0.04
J1,2756,-0.04
J1,2757,-0.04
J1,2758,0.05
J1,2759,0.05
J1,2760,-0.04
J1,2761,-0.04
J1,2762,-0.04
J1,2763,0.05
J1,2764,0.05
J1,2765,0.05
J1,2766,-0.04
J1,2767,-0.04
J1,2768,-0.04
J1,2769,0.05
J1,2770,-0.04
J1,2771,-0.04
J1,2772,0.05
J1,2773,0.05
J1,2774,-0.04
J1,2775,-0.04
J1,2776,0.05
J1,2777,-0.04
J1,2778,-0.04
J1,2779,0.05
J1,2780,-0.04
J1,2781,-0.04
J1,2782,0.05
J1,2783,-0.04
J1,2784,-0.04
J1,2785,0.05
J1,2786,-0.04
J1,2787,-0.04
J1,2788,-0.04
J1,2789,-0.04
J1,2790,0.05
J1,2791,-0.04
J1,2792,-0.04
J1,2793,-0.04
J1,2794,0.05
J1,2795,-0.04
J1,2796,-0.04
J1,2797,-0.04
J1,2798,-0.04
J1,2799,-0.04
J1,2800,-0.04
J1,2801,-0.04
J1,2802,0.05
J1,2803,-0.04
J1,2804,-0.04
J1,2805,0.05
J1,2806,-0.04
J1,2807,-0.04
J1,2808,-0.04
J1,2809,-0.04
J1,2810,0.05
J1,2811,-0.04
J1,2812,-0.04
J1,2813,-0.04
J1,2814,0.05
J1,2815,-0.04
J1,2816,-0.04
J1,2817,0.05
J1,2818,-0.04
J1,2819,-0.04
J1,2820,-0.04
J1,2821,0.05
J1,2822,0.05
J1,2823,-0.04
J1,2824,-0.04
J1,2825,0.05
J1,2826,-0.04
J1,2827,-0.04
J1,2828,-0.04
J1,2829,-0.04
J1,2830,0.05
J1,2831,-0.04
J1,2832,-0.04
J1,2833,-0.04
J1,2834,-0.04
J1,2835,-0.04
J1,2836,-0.04
J1,2837,-0.04
J1,2838,-0.04
J1,2839,0.05
J1,2840,-0.04
J1,2841,-0.04
J1,2842,0.05
J1,2843,0.05
J1,2844,0.05
J1,2845,0.05
J1,2846,-0.04
J1,2847,0.05
J1,2848,0.05
J1,2849,-0.04
J1,2850,-0.04
J1,2851,-0.04
J1,2852,-0.04
J1,2853,-0.04
J1,2854,0.05
J1,2855,0.05
J1,2856,0.05
J1,2857,-0.04
J1,2858,-0.04
J1,2859,-0.04
J1,2860,-0.04
J1,2861,0.05
J1,2862,-0.04
J1,2863,0.05
J1,2864,0.05
J1,2865,-0.04
J1,2866,-0.04
J1,2867,0.05
J1,2868,0.05
J1,2869,-0.04
J1,2870,-0.12
J1,2871,-0.04
J1,2872,0.05
J1,2873,0.05
J1,2874,-0.12
J1,2875,0.05
J1,2876,0.05
J1,2877,-0.04
J1,2878,-0.04
J1,2879,-0.04
J1,2880,0.05
J1,2881,-0.04
J1,2882,-0.04
J1,2883,-0.04
J1,2884,-0.04
J1,2885,0.05
J1,2886,-0.04
J1,2887,0.05
J1,2888,-0.04
J1,2889,0.05
J1,2890,-0.04
J1,2891,-0.04
J1,2892,-0.04
J1,2893,-0.04
J1,2894,-0.04
J1,2895,-0.04
J1,2896,0.05
J1,2897,0.05
J1,2898,-0.04
J1,2899,0.05
J1,2900,0.05
J1,2901,-0.04
J1,2902,-0.04
J1,2903,-0.04
J1,2904,-0.04
J1,2905,0.05
J1,2906,-0.04
J1,2907,-0.12
J1,2908,0.05
J1,2909,0.05
J1,2910,-0.04
J1,2911,-0.04
J1,2912,-0.04
J1,2913,-0.04
J1,2914,-0.04
J1,2915,0.05
J1,2916,-0.04
J1,2917,0.05
J1,2918,-0.04
J1,2919,-0.04
J1,2920,-0.04
J1,2921,0.05
J1,2922,-0.04
J1,2923,-0.04
J1,2924,-0.04
J1,2925,0.05
J1,2926,0.05
J1,2927,-0.04
J1,2928,0.05
J1,2929,-0.04
J1,2930,-0.04
J1,2931,-0.04
J1,2932,0.05
J1,2933,-0.04
J1,2934,-0.04
J1,2935,-0.04
J1,2936,-0.04
J1,2937,-0.04
J1,2938,-0.04
J1,2939,0.05
J1,2940,-0.04
J1,2941,-0.12
J1,2942,0.05
J1,2943,-0.04
J1,2944,0.05
J1,2945,-0.04
J1,2946,-0.04
J1,2947,0.05
J1,2948,0.05
J1,2949,-0.04
J1,2950,0.05
J1,2951,0.05
J1,2952,-0.04
J1,2953,-0.04
J1,2954,0.05
J1,2955,-0.04
J1,2956,0.05
J1,2957,0.05
J1,2958,0.05
J1,2959,-0.04
J1,2960,-0.04
J1,2961,-0.04
J1,2962,-0.04
J1,2963,-0.04
J1,2964,-0.04
J1,2965,-0.04
J1,2966,-0.04
J1,2967,-0.04
J1,2968,-0.04
J1,2969,-0.04
J1,2970,-0.04
J1,2971,0.05
J1,2972,-0.04
J1,2973,-0.12
J1,2974,0.05
J1,2975,-0.04
J1,2976,-0.04
J1,2977,-0.04
J1,2978,-0.04
J1,2979,0.05
J1,2980,0.05
J1,2981,-0.04
J1,2982,-0.04
J1,2983,0.05
J1,2984,-0.04
J1,2985,-0.04
J1,2986,0.05
J1,2987,-0.04
J1,2988,-0.04
J1,2989,0.05
J1,2990,-0.04
J1,2991,0.05
J1,2992,0.05
J1,2993,0.05
J1,2994,-0.04
J1,2995,-0.04
J1,2996,-0.04
J1,2997,0.05
J1,2998,-0.04
J1,2999,-0.04
J1,3000,-0.04
J2,1,30.01
J2,2,30.10
J2,3,29.93
J2,4,30.10
J2,5,30.01
J2,6,30.10
J2,7,30.01
J2,8,30.01
J2,9,30.10
J2,10,29.93
J2,11,29.93
J2,12,30.01
J2,13,29.84
J2,14,29.93
J2,15,30.10
J2,16,29.93
J2,17,30.01
J2,18,29.84
J2,19,30.10
J2,20,29.93
J2,21,30.01
J2,22,29.93
J2,23,29.93
J2,24,29.93
J2,25,29.93
J2,26,29.93
J2,27,29.93
J2,28,30.10
J2,29,30.01
J2,30,30.10
J2,31,30.01
J2,32,30.01
J2,33,29.93
J2,34,30.10
J2,35,30.10
J2,36,29.93
J2,37,29.93
J2,38,29.93
J2,39,30.01
J2,40,30.01
J2,41,29.93
J2,42,30.01
J2,43,29.93
J2,44,30.01
J2,45,30.01
J2,46,30.01
J2,47,30.10
J2,48,29.93
J2,49,30.19
J2,50,30.01
J2,51,29.93
J2,52,30.01
J2,53,30.01
J2,54,30.01
J2,55,30.01
J2,56,29.93
J2,57,30.10
J2,58,30.01
J2,59,29.93
J2,60,30.10
J2,61,29.93
J2,62,29.93
J2,63,29.93
J2,64,30.01
J2,65,30.01
J2,66,30.01
J2,67,30.19
J2,68,30.01
J2,69,30.01
J2,70,30.10
J2,71,29.93
J2,72,29.93
J2,73,30.01
J2,74,30.01
J2,75,30.10
J2,76,30.01
J2,77,29.93
J2,78,30.01
J2,79,30.10
J2,80,30.01
J2,81,30.01
J2,82,30.01
J2,83,29.84
J2,84,30.01
J2,85,30.10
J2,86,29.93
J2,87,30.10
J2,88,29.93
J2,89,30.10
J2,90,29.93
J2,91,30.01
J2,92,30.01
J2,93,30.10
J2,94,30.10
J2,95,30.10
J2,96,30.10
J2,97,29.93
J2,98,29.93
J2,99,30.01
J2,100,30.10
J2,101,30.01
J2,102,30.01
J2,103,30.01
J2,104,30.01
J2,105,29.93
J2,106,29.93
J2,107,30.01
J2,108,30.10
J2,109,30.10
J2,110,30.01
J2,111,30.10
J2,112,29.93
J2,113,29.93
J2,114,30.10
J2,115,30.01
J2,116,29.93
J2,117,30.10
J2,118,30.01
J2,119,30.10
J2,120,30.01
J2,121,30.01
J2,122,30.10
J2,123,29.93
J2,124,30.01
J2,125,29.93
J2,126,30.01
J2,127,30.01
J2,128,30.01
J2,129,29.93
J2,130,30.01
J2,131,30.01
J2,132,30.01
J2,133,30.10
J2,134,30.10
J2,135,30.01
J2,136,30.01
J2,137,30.01
J2,138,30.01
J2,139,29.93
J2,140,30.10
J2,141,30.10
J2,142,30.10
J2,143,30.01
J2,144,30.10
J2,145,30.01
J2,146,29.93
J2,147,30.10
J2,148,30.01
J2,149,29.93
J2,150,29.93
J2,151,30.01
J2,152,29.93
J2,153,30.01
J2,154,29.93
J2,155,30.01
J2,156,30.01
J2,157,30.01
J2,158,29.93
J2,159,29.93
J2,160,30.01
J2,161,30.01
J2,162,30.10
J2,163,30.10
J2,164,29.93
J2,165,30.01
J2,166,30.01
J2,167,30.01
J2,168,30.19
J2,169,30.01
J2,170,30.01
J2,171,30.01
J2,172,30.01
J2,173,30.10
J2,174,29.93
J2,175,30.10
J2,176,29.93
J2,177,30.01
J2,178,30.19
J2,179,29.93
J2,180,30.01
J2,181,30.01
J2,182,30.10
J2,183,30.01
J2,184,30.01
J2,185,30.01
J2,186,30.01
J2,187,30.01
J2,188,29.93
J2,189,30.01
J2,190,30.10
J2,191,30.10
J2,192,29.93
J2,193,30.01
J2,194,30.01
J2,195,29.93
J2,196,30.10
J2,197,30.01
J2,198,30.01
J2,199,30.01
J2,200,29.93
J2,201,29.93
J2,202,30.10
J2,203,30.01
J2,204,30.01
J2,205,30.01
J2,206,30.10
J2,207,30.01
J2,208,30.01
J2,209,30.01
J2,210,30.01
J2,211,30.10
J2,212,30.10
J2,213,29.84
J2,214,29.93
J2,215,30.01
J2,216,30.10
J2,217,29.93
J2,218,30.01
J2,219,29.93
J2,220,29.93
J2,221,29.93
J2,222,30.01
J2,223,30.01
J2,224,30.01
J2,225,30.01
J2,226,29.93
J2,227,30.01
J2,228,29.84
J2,229,30.01
J2,230,30.01
J2,231,30.10
J2,232,30.10
J2,233,30.01
J2,234,29.93
J2,235,30.01
J2,236,30.01
J2,237,30.01
J2,238,29.84
J2,239,29.93
J2,240,29.93
J2,241,29.93
J2,242,30.01
J2,243,29.93
J2,244,29.93
J2,245,29.93
J2,246,29.93
J2,247,30.01
J2,248,29.93
J2,249,30.01
J2,250,30.01
J2,251,30.01
J2,252,30.01
J2,253,29.84
J2,254,29.84
J2,255,29.84
J2,256,30.01
J2,257,30.01
J2,258,30.10
J2,259,30.01
J2,260,30.10
J2,261,30.10
J2,262,30.01
J2,263,30.10
J2,264,30.10
J2,265,30.10
J2,266,30.01
J2,267,30.01
J2,268,29.84
J2,269,29.93
J2,270,29.93
J2,271,30.01
J2,272,30.10
J2,273,30.01
J2,274,30.10
J2,275,30.01
J2,276,29.93
J2,277,30.01
J2,278,30.01
J2,279,30.01
J2,280,29.93
J2,281,30.01
J2,282,30.10
J2,283,30.01
J2,284,30.01
J2,285,30.10
J2,286,29.93
J2,287,30.10
J2,288,30.01
J2,289,29.93
J2,290,30.01
J2,291,30.10
J2,292,30.01
J2,293,30.10
J2,294,30.01
J2,295,30.01
J2,296,29.93
J2,297,29.93
J2,298,29.93
J2,299,30.01
J2,300,29.84
J2,301,30.10
J2,302,29.93
J2,303,30.01
J2,304,29.93
J2,305,30.10
J2,306,30.01
J2,307,29.93
J2,308,30.01
J2,309,30.01
J2,310,30.01
J2,311,29.93
J2,312,29.93
J2,313,30.01
J2,314,29.93
J2,315,30.01
J2,316,30.01
J2,317,30.10
J2,318,30.01
J2,319,30.10
J2,320,29.84
J2,321,30.10
J2,322,30.01
J2,323,30.10
J2,324,30.10
J2,325,30.01
J2,326,30.10
J2,327,30.01
J2,328,30.10
J2,329,30.01
J2,330,30.01
J2,331,30.01
J2,332,30.01
J2,333,30.01
J2,334,30.01
J2,335,30.10
J2,336,30.01
J2,337,30.10
J2,338,29.93
J2,339,30.10
J2,340,30.10
J2,341,29.93
J2,342,30.01
J2,343,30.10
J2,344,29.93
J2,345,30.10
J2,346,29.93
J2,347,30.10
J2,348,30.01
J2,349,30.10
J2,350,30.19
J2,351,29.93
J2,352,30.10
J2,353,30.01
J2,354,30.01
J2,355,29.93
J2,356,29.93
J2,357,29.93
J2,358,30.01
J2,359,30.01
J2,360,30.01
J2,361,29.93
J2,362,30.01
J2,363,30.01
J2,364,29.93
J2,365,30.01
J2,366,30.01
J2,367,30.01
J2,368,29.93
J2,369,30.01
J2,370,30.10
J2,371,30.10
J2,372,30.01
J2,373,30.10
J2,374,30.01
J2,375,29.93
J2,376,29.93
J2,377,30.01
J2,378,30.10
J2,379,30.01
J2,380,30.01
J2,381,30.01
J2,382,30.10
J2,383,29.93
J2,384,30.01
J2,385,30.10
J2,386,30.01
J2,387,30.01
J2,388,30.01
J2,389,29.93
J2,390,30.10
J2,391,30.01
J2,392,30.01
J2,393,30.01
J2,394,30.01
J2,395,29.84
J2,396,30.10
J2,397,30.01
J2,398,30.01
J2,399,30.10
J2,400,30.10
J2,401,30.01
J2,402,30.01
J2,403,30.01
J2,404,29.93
J2,405,30.10
J2,406,30.01
J2,407,30.01
J2,408,30.01
J2,409,30.01
J2,410,30.01
J2,411,29.93
J2,412,30.01
J2,413,29.93
J2,414,30.10
J2,415,30.01
J2,416,30.10
J2,417,30.10
J2,418,29.93
J2,419,30.01
J2,420,29.84
J2,421,29.93
J2,422,29.93
J2,423,29.93
J2,424,30.01
J2,425,30.01
J2,426,30.01
J2,427,30.01
J2,428,30.10
J2,429,30.10
J2,430,30.01
J2,431,30.01
J2,432,30.10
J2,433,30.01
J2,434,30.10
J2,435,30.01
J2,436,30.01
J2,437,29.93
J2,438,29.93
J2,439,29.93
J2,440,30.01
J2,441,30.01
J2,442,30.01
J2,443,30.10
J2,444,30.01
J2,445,29.93
J2,446,30.01
J2,447,30.01
J2,448,30.01
J2,449,30.10
J2,450,30.10
J2,451,29.93
J2,452,29.93
J2,453,30.01
J2,454,30.01
J2,455,29.93
J2,456,30.01
J2,457,30.10
J2,458,30.01
J2,459,29.93
J2,460,30.01
J2,461,29.93
J2,462,30.01
J2,463,30.10
J2,464,30.01
J2,465,30.10
J2,466,30.10
J2,467,30.01
J2,468,30.10
J2,469,30.01
J2,470,30.01
J2,471,29.84
J2,472,30.01
J2,473,30.01
J2,474,30.01
J2,475,30.01
J2,476,30.01
J2,477,30.01
J2,478,29.93
J2,479,29.93
J2,480,30.01
J2,481,29.93
J2,482,30.10
J2,483,29.93
J2,484,30.10
J2,485,30.01
J2,486,30.01
J2,487,30.01
J2,488,30.10
J2,489,30.01
J2,490,29.93
J2,491,30.01
J2,492,29.93
J2,493,30.01
J2,494,30.10
J2,495,30.01
J2,496,30.19
J2,497,30.01
J2,498,30.01
J2,499,30.01
J2,500,30.01
J2,501,29.93
J2,502,30.01
J2,503,29.93
J2,504,29.93
J2,505,29.93
J2,506,30.01
J2,507,30.01
J2,508,30.01
J2,509,30.01
J2,510,30.01
J2,511,30.01
J2,512,29.93
J2,513,29.93
J2,514,30.10
J2,515,30.01
J2,516,30.10
J2,517,30.10
J2,518,30.10
J2,519,30.01
J2,520,30.01
J2,521,30.10
J2,522,30.01
J2,523,29.93
J2,524,29.93
J2,525,30.01
J2,526,30.01
J2,527,29.93
J2,528,30.01
J2,529,30.01
J2,530,30.01
J2,531,30.10
J2,532,29.84
J2,533,30.10
J2,534,30.10
J2,535,30.01
J2,536,29.93
J2,537,30.01
J2,538,29.93
J2,539,29.93
J2,540,30.01
J2,541,29.93
J2,542,30.01
J2,543,30.01
J2,544,30.01
J2,545,30.10
J2,546,30.10
J2,547,30.01
J2,548,30.01
J2,549,30.01
J2,550,29.93
J2,551,30.01
J2,552,30.10
J2,553,30.01
J2,554,30.01
J2,555,29.93
J2,556,30.01
J2,557,30.10
J2,558,30.01
J2,559,29.93
J2,560,30.10
J2,561,30.01
J2,562,29.93
J2,563,29.93
J2,564,30.01
J2,565,30.10
J2,566,29.93
J2,567,30.01
J2,568,30.10
J2,569,29.93
J2,570,30.01
J2,571,30.01
J2,572,30.10
J2,573,29.93
J2,574,30.01
J2,575,29.84
J2,576,30.01
J2,577,29.93
J2,578,29.93
J2,579,29.93
J2,580,29.93
J2,581,29.93
J2,582,30.10
J2,583,30.01
J2,584,30.01
J2,585,29.93
J2,586,29.93
J2,587,29.93
J2,588,30.01
J2,589,30.19
J2,590,29.93
J2,591,30.01
J2,592,30.01
J2,593,29.93
J2,594,30.19
J2,595,30.01
J2,596,29.93
J2,597,29.93
J2,598,30.10
J2,599,30.01
J2,600,30.10
J2,601,30.01
J2,602,29.93
J2,603,30.01
J2,604,29.93
J2,605,30.10
J2,606,30.01
J2,607,30.01
J2,608,29.84
J2,609,29.93
J2,610,30.01
J2,611,30.01
J2,612,30.01
J2,613,30.01
J2,614,30.10
J2,615,30.10
J2,616,29.93
J2,617,30.10
J2,618,30.10
J2,619,29.93
J2,620,30.01
J2,621,30.01
J2,622,29.93
J2,623,30.01
J2,624,29.93
J2,625,30.01
J2,626,29.93
J2,627,30.10
J2,628,30.10
J2,629,30.01
J2,630,30.10
J2,631,30.01
J2,632,30.01
J2,633,30.01
J2,634,29.93
J2,635,30.10
J2,636,30.01
J2,637,30.10
J2,638,29.93
J2,639,30.01
J2,640,30.01
J2,641,30.01
J2,642,29.84
J2,643,30.01
J2,644,29.93
J2,645,30.01
J2,646,30.10
J2,647,30.01
J2,648,29.93
J2,649,30.01
J2,650,30.10
J2,651,30.01
J2,652,30.01
J2,653,30.01
J2,654,30.10
J2,655,30.01
J2,656,30.10
J2,657,29.93
J2,658,29.93
J2,659,30.01
J2,660,30.01
J2,661,30.10
J2,662,30.01
J2,663,29.93
J2,664,30.10
J2,665,30.01
J2,666,30.10
J2,667,30.10
J2,668,30.01
J2,669,30.10
J2,670,30.01
J2,671,30.10
J2,672,30.10
J2,673,30.01
J2,674,30.10
J2,675,30.01
J2,676,30.10
J2,677,30.01
J2,678,30.10
J2,679,30.10
J2,680,30.01
J2,681,30.01
J2,682,30.10
J2,683,29.93
J2,684,30.10
J2,685,29.93
J2,686,30.10
J2,687,29.93
J2,688,30.01
J2,689,30.01
J2,690,30.10
J2,691,29.93
J2,692,30.01
J2,693,30.01
J2,694,30.10
J2,695,29.93
J2,696,30.10
J2,697,30.01
J2,698,30.10
J2,699,29.93
J2,700,30.01
J2,701,30.01
J2,702,30.01
J2,703,30.01
J2,704,30.01
J2,705,30.01
J2,706,30.10
J2,707,30.01
J2,708,30.01
J2,709,29.93
J2,710,29.93
J2,711,30.01
J2,712,30.01
J2,713,30.01
J2,714,30.10
J2,715,30.01
J2,716,30.10
J2,717,30.10
J2,718,30.10
J2,719,30.10
J2,720,29.93
J2,721,30.19
J2,722,30.01
J2,723,29.93
J2,724,30.01
J2,725,30.10
J2,726,30.01
J2,727,30.10
J2,728,29.93
J2,729,30.01
J2,730,30.01
J2,731,30.01
J2,732,30.01
J2,733,30.01
J2,734,29.84
J2,735,30.01
J2,736,30.01
J2,737,30.01
J2,738,30.01
J2,739,29.84
J2,740,30.10
J2,741,29.93
J2,742,29.93
J2,743,30.01
J2,744,29.84
J2,745,30.01
J2,746,30.01
J2,747,30.01
J2,748,30.10
J2,749,30.10
J2,750,30.10
J2,751,30.01
J2,752,30.19
J2,753,30.01
J2,754,29.93
J2,755,30.10
J2,756,30.01
J2,757,30.10
J2,758,30.01
J2,759,30.10
J2,760,30.01
J2,761,30.10
J2,762,29.84
J2,763,30.01
J2,764,30.01
J2,765,30.01
J2,766,30.10
J2,767,30.01
J2,768,30.10
J2,769,30.10
J2,770,30.01
J2,771,29.93
J2,772,30.19
J2,773,30.01
J2,774,30.01
J2,775,30.01
J2,776,30.01
J2,777,30.01
J2,778,30.19
J2,779,30.10
J2,780,30.01
J2,781,30.01
J2,782,30.10
J2,783,30.01
J2,784,30.01
J2,785,30.10
J2,786,29.93
J2,787,30.01
J2,788,30.10
J2,789,29.93
J2,790,29.93
J2,791,30.01
J2,792,30.01
J2,793,30.10
J2,794,30.01
J2,795,30.01
J2,796,29.93
J2,797,29.93
J2,798,30.10
J2,799,30.01
J2,800,30.10
J2,801,30.01
J2,802,30.10
J2,803,29.93
J2,804,29.93
J2,805,29.93
J2,806,30.01
J2,807,30.01
J2,808,30.10
J2,809,30.01
J2,810,30.10
J2,811,30.10
J2,812,30.10
J2,813,30.01
J2,814,29.93
J2,815,30.01
J2,816,30.01
J2,817,30.01
J2,818,30.10
J2,819,30.01
J2,820,30.10
J2,821,29.93
J2,822,29.93
J2,823,30.01
J2,824,30.01
J2,825,30.01
J2,826,30.01
J2,827,30.01
J2,828,29.93
J2,829,30.01
J2,830,29.93
J2,831,30.01
J2,832,29.93
J2,833,30.01
J2,834,30.10
J2,835,30.10
J2,836,29.93
J2,837,29.93
J2,838,30.01
J2,839,29.93
J2,840,30.19
J2,841,30.01
J2,842,30.10
J2,843,30.01
J2,844,30.01
J2,845,30.01
J2,846,30.01
J2,847,30.01
J2,848,30.19
J2,849,29.93
J2,850,30.10
J2,851,29.93
J2,852,30.01
J2,853,29.93
J2,854,30.10
J2,855,30.01
J2,856,30.01
J2,857,30.10
J2,858,29.93
J2,859,29.84
J2,860,30.01
J2,861,29.93
J2,862,29.93
J2,863,30.01
J2,864,30.01
J2,865,29.93
J2,866,30.01
J2,867,29.93
J2,868,30.01
J2,869,30.01
J2,870,30.01
J2,871,30.01
J2,872,30.01
J2,873,30.01
J2,874,30.01
J2,875,30.10
J2,876,30.10
J2,877,29.93
J2,878,29.93
J2,879,30.10
J2,880,30.01
J2,881,30.01
J2,882,30.01
J2,883,30.10
J2,884,30.01
J2,885,30.01
J2,886,30.01
J2,887,30.01
J2,888,30.01
J2,889,30.10
J2,890,29.93
J2,891,30.01
J2,892,29.93
J2,893,30.10
J2,894,29.93
J2,895,30.10
J2,896,30.01
J2,897,30.10
J2,898,30.19
J2,899,30.01
J2,900,30.10
J2,901,30.10
J2,902,30.01
J2,903,30.01
J2,904,30.01
J2,905,29.93
J2,906,30.01
J2,907,30.01
J2,908,30.01
J2,909,29.93
J2,910,30.01
J2,911,29.93
J2,912,29.93
J2,913,29.93
J2,914,30.01
J2,915,30.10
J2,916,29.84
J2,917,30.01
J2,918,29.93
J2,919,30.01
J2,920,30.01
J2,921,30.01
J2,922,29.93
J2,923,30.01
J2,924,30.01
J2,925,29.93
J2,926,30.01
J2,927,29.93
J2,928,29.93
J2,929,30.01
J2,930,30.01
J2,931,30.01
J2,932,30.10
J2,933,29.93
J2,934,30.01
J2,935,29.93
J2,936,29.93
J2,937,30.10
J2,938,29.93
J2,939,30.01
J2,940,29.93
J2,941,30.01
J2,942,30.01
J2,943,30.01
J2,944,30.01
J2,945,30.01
J2,946,29.93
J2,947,29.93
J2,948,30.10
J2,949,29.84
J2,950,30.01
J2,951,30.01
J2,952,30.01
J2,953,30.10
J2,954,29.93
J2,955,30.01
J2,956,30.01
J2,957,30.01
J2,958,30.01
J2,959,30.01
J2,960,30.01
J2,961,30.01
J2,962,29.93
J2,963,30.01
J2,964,30.10
J2,965,29.93
J2,966,30.01
J2,967,30.01
J2,968,30.01
J2,969,29.93
J2,970,30.01
J2,971,29.93
J2,972,30.01
J2,973,30.01
J2,974,30.01
J2,975,30.01
J2,976,30.01
J2,977,30.01
J2,978,30.01
J2,979,29.93
J2,980,30.01
J2,981,30.10
J2,982,30.01
J2,983,30.01
J2,984,29.93
J2,985,29.93
J2,986,30.01
J2,987,30.01
J2,988,30.01
J2,989,30.01
J2,990,29.93
J2,991,29.93
J2,992,30.01
J2,993,30.01
J2,994,29.93
J2,995,30.10
J2,996,29.84
J2,997,29.93
J2,998,30.01
J2,999,30.01
J2,1000,30.10
J2,1001,30.19
J2,1002,30.10
J2,1003,30.01
J2,1004,30.10
J2,1005,30.01
J2,1006,30.10
J2,1007,29.93
J2,1008,30.01
J2,1009,30.01
J2,1010,29.93
J2,1011,29.93
J2,1012,30.01
J2,1013,29.93
J2,1014,30.10
J2,1015,29.93
J2,1016,30.01
J2,1017,30.01
J2,1018,30.10
J2,1019,30.01
J2,1020,30.01
J2,1021,30.01
J2,1022,30.10
J2,1023,29.93
J2,1024,30.01
J2,1025,30.10
J2,1026,29.93
J2,1027,30.01
J2,1028,30.10
J2,1029,29.93
J2,1030,30.10
J2,1031,30.01
J2,1032,30.10
J2,1033,30.10
J2,1034,30.10
J2,1035,30.10
J2,1036,29.84
J2,1037,30.10
J2,1038,30.10
J2,1039,30.19
J2,1040,30.01
J2,1041,29.93
J2,1042,29.93
J2,1043,30.10
J2,1044,29.93
J2,1045,30.01
J2,1046,30.10
J2,1047,30.10
J2,1048,30.10
J2,1049,29.93
J2,1050,30.01
J2,1051,29.93
J2,1052,29.93
J2,1053,30.01
J2,1054,30.01
J2,1055,29.93
J2,1056,29.93
J2,1057,30.10
J2,1058,30.01
J2,1059,29.93
J2,1060,29.84
J2,1061,30.10
J2,1062,30.01
J2,1063,30.01
J2,1064,30.10
J2,1065,29.93
J2,1066,30.01
J2,1067,30.01
J2,1068,30.10
J2,1069,30.01
J2,1070,30.01
J2,1071,29.93
J2,1072,29.93
J2,1073,30.01
J2,1074,30.01
J2,1075,30.10
J2,1076,30.10
J2,1077,30.01
J2,1078,30.01
J2,1079,30.01
J2,1080,30.01
J2,1081,30.10
J2,1082,29.93
J2,1083,29.93
J2,1084,30.10
J2,1085,30.01
J2,1086,30.10
J2,1087,30.01
J2,1088,30.10
J2,1089,30.10
J2,1090,30.10
J2,1091,30.01
J2,1092,30.01
J2,1093,29.93
J2,1094,29.84
J2,1095,29.93
J2,1096,30.01
J2,1097,30.01
J2,1098,30.01
J2,1099,30.01
J2,1100,30.01
J2,1101,30.01
J2,1102,29.93
J2,1103,29.93
J2,1104,30.19
J2,1105,30.01
J2,1106,29.93
J2,1107,29.93
J2,1108,30.01
J2,1109,30.01
J2,1110,30.01
J2,1111,30.01
J2,1112,30.10
J2,1113,30.01
J2,1114,29.93
J2,1115,30.10
J2,1116,29.93
J2,1117,29.84
J2,1118,30.01
J2,1119,30.10
J2,1120,29.93
J2,1121,30.01
J2,1122,30.01
J2,1123,30.01
J2,1124,29.93
J2,1125,29.93
J2,1126,30.01
J2,1127,29.93
J2,1128,30.01
J2,1129,29.84
J2,1130,29.93
J2,1131,30.01
J2,1132,30.01
J2,1133,29.93
J2,1134,30.19
J2,1135,30.10
J2,1136,29.93
J2,1137,30.01
J2,1138,29.93
J2,1139,29.93
J2,1140,30.01
J2,1141,30.10
J2,1142,30.10
J2,1143,30.01
J2,1144,30.01
J2,1145,30.01
J2,1146,30.01
J2,1147,30.10
J2,1148,29.93
J2,1149,30.01
J2,1150,30.10
J2,1151,30.01
J2,1152,30.01
J2,1153,30.01
J2,1154,30.01
J2,1155,30.01
J2,1156,29.93
J2,1157,30.01
J2,1158,30.01
J2,1159,30.01
J2,1160,30.01
J2,1161,29.93
J2,1162,30.01
J2,1163,30.19
J2,1164,30.10
J2,1165,30.01
J2,1166,30.01
J2,1167,30.01
J2,1168,30.10
J2,1169,29.84
J2,1170,30.01
J2,1171,30.10
J2,1172,30.10
J2,1173,30.10
J2,1174,30.01
J2,1175,30.10
J2,1176,29.93
J2,1177,29.93
J2,1178,29.93
J2,1179,30.10
J2,1180,29.93
J2,1181,30.10
J2,1182,30.01
J2,1183,30.01
J2,1184,30.01
J2,1185,30.01
J2,1186,30.10
J2,1187,30.01
J2,1188,30.01
J2,1189,29.93
J2,1190,30.10
J2,1191,30.01
J2,1192,30.10
J2,1193,30.01
J2,1194,30.01
J2,1195,29.93
J2,1196,30.01
J2,1197,30.01
J2,1198,30.10
J2,1199,30.01
J2,1200,30.01
J2,1201,30.01
J2,1202,30.01
J2,1203,30.01
J2,1204,30.01
J2,1205,29.84
J2,1206,30.01
J2,1207,30.10
J2,1208,30.01
J2,1209,29.93
J2,1210,29.84
J2,1211,30.01
J2,1212,30.01
J2,1213,30.01
J2,1214,30.10
J2,1215,30.01
J2,1216,30.01
J2,1217,30.10
J2,1218,29.93
J2,1219,30.01
J2,1220,29.93
J2,1221,30.01
J2,1222,29.93
J2,1223,29.93
J2,1224,30.01
J2,1225,29.84
J2,1226,30.01
J2,1227,29.93
J2,1228,30.01
J2,1229,30.01
J2,1230,29.93
J2,1231,30.01
J2,1232,30.01
J2,1233,29.93
J2,1234,29.93
J2,1235,30.01
J2,1236,30.01
J2,1237,30.01
J2,1238,30.01
J2,1239,29.93
J2,1240,30.10
J2,1241,30.19
J2,1242,30.10
J2,1243,30.10
J2,1244,30.01
J2,1245,30.01
J2,1246,29.93
J2,1247,30.01
J2,1248,30.10
J2,1249,29.93
J2,1250,30.10
J2,1251,30.01
J2,1252,30.01
J2,1253,29.93
J2,1254,29.84
J2,1255,30.01
J2,1256,30.01
J2,1257,30.01
J2,1258,30.01
J2,1259,30.10
J2,1260,30.10
J2,1261,30.01
J2,1262,29.93
J2,1263,30.01
J2,1264,29.93
J2,1265,29.93
J2,1266,29.93
J2,1267,30.01
J2,1268,29.93
J2,1269,30.10
J2,1270,29.93
J2,1271,30.10
J2,1272,30.01
J2,1273,30.01
J2,1274,30.01
J2,1275,30.01
J2,1276,29.93
J2,1277,29.93
J2,1278,30.10
J2,1279,30.01
J2,1280,30.01
J2,1281,30.01
J2,1282,29.93
J2,1283,30.01
J2,1284,30.01
J2,1285,29.93
J2,1286,30.01
J2,1287,30.10
J2,1288,30.01
J2,1289,29.93
J2,1290,30.01
J2,1291,30.01
J2,1292,30.10
J2,1293,30.01
J2,1294,30.10
J2,1295,30.10
J2,1296,29.93
J2,1297,29.93
J2,1298,30.01
J2,1299,30.10
J2,1300,30.01
J2,1301,30.10
J2,1302,30.01
J2,1303,30.10
J2,1304,30.10
J2,1305,30.10
J2,1306,30.01
J2,1307,30.10
J2,1308,30.10
J2,1309,30.01
J2,1310,30.01
J2,1311,30.01
J2,1312,30.01
J2,1313,29.93
J2,1314,30.10
J2,1315,30.01
J2,1316,29.93
J2,1317,30.10
J2,1318,30.10
J2,1319,29.93
J2,1320,30.10
J2,1321,29.93
J2,1322,30.01
J2,1323,30.01
J2,1324,30.01
J2,1325,30.01
J2,1326,30.01
J2,1327,29.93
J2,1328,30.01
J2,1329,29.93
J2,1330,30.10
J2,1331,29.93
J2,1332,30.10
J2,1333,30.01
J2,1334,30.01
J2,1335,29.93
J2,1336,30.10
J2,1337,29.93
J2,1338,29.84
J2,1339,30.01
J2,1340,30.10
J2,1341,30.01
J2,1342,30.01
J2,1343,30.01
J2,1344,30.10
J2,1345,30.10
J2,1346,30.01
J2,1347,30.01
J2,1348,29.93
J2,1349,30.01
J2,1350,30.01
J2,1351,29.93
J2,1352,29.93
J2,1353,30.01
J2,1354,30.01
J2,1355,30.01
J2,1356,30.01
J2,1357,30.10
J2,1358,29.93
J2,1359,29.93
J2,1360,29.93
J2,1361,30.01
J2,1362,30.01
J2,1363,30.10
J2,1364,30.01
J2,1365,30.01
J2,1366,30.10
J2,1367,30.10
J2,1368,30.10
J2,1369,30.01
J2,1370,29.93
J2,1371,30.01
J2,1372,29.93
J2,1373,29.93
J2,1374,30.01
J2,1375,30.10
J2,1376,30.10
J2,1377,30.01
J2,1378,29.93
J2,1379,30.01
J2,1380,30.01
J2,1381,29.93
J2,1382,30.01
J2,1383,30.01
J2,1384,30.10
J2,1385,29.93
J2,1386,29.93
J2,1387,29.93
J2,1388,30.10
J2,1389,29.93
J2,1390,30.01
J2,1391,29.84
J2,1392,30.01
J2,1393,30.10
J2,1394,30.01
J2,1395,29.93
J2,1396,30.01
J2,1397,30.01
J2,1398,30.01
J2,1399,30.01
J2,1400,29.93
J2,1401,30.01
J2,1402,30.10
J2,1403,30.10
J2,1404,29.93
J2,1405,29.93
J2,1406,29.93
J2,1407,30.01
J2,1408,29.84
J2,1409,30.01
J2,1410,30.01
J2,1411,29.93
J2,1412,30.01
J2,1413,29.93
J2,1414,30.01
J2,1415,29.93
J2,1416,29.93
J2,1417,29.84
J2,1418,30.10
J2,1419,29.84
J2,1420,29.93
J2,1421,29.93
J2,1422,30.01
J2,1423,30.01
J2,1424,30.10
J2,1425,29.93
J2,1426,30.01
J2,1427,29.93
J2,1428,30.01
J2,1429,30.19
J2,1430,30.01
J2,1431,30.01
J2,1432,30.01
J2,1433,30.01
J2,1434,29.84
J2,1435,30.01
J2,1436,30.01
J2,1437,30.01
J2,1438,30.01
J2,1439,29.93
J2,1440,29.93
J2,1441,29.93
J2,1442,30.01
J2,1443,29.93
J2,1444,30.10
J2,1445,30.10
J2,1446,30.01
J2,1447,29.93
J2,1448,29.93
J2,1449,30.01
J2,1450,30.01
J2,1451,30.01
J2,1452,29.93
J2,1453,30.01
J2,1454,29.93
J2,1455,30.01
J2,1456,30.01
J2,1457,30.01
J2,1458,30.19
J2,1459,30.01
J2,1460,29.93
J2,1461,30.01
J2,1462,30.10
J2,1463,30.10
J2,1464,29.84
J2,1465,30.01
J2,1466,30.10
J2,1467,30.10
J2,1468,29.93
J2,1469,30.01
J2,1470,30.19
J2,1471,30.01
J2,1472,30.01
J2,1473,30.01
J2,1474,29.93
J2,1475,29.84
J2,1476,30.01
J2,1477,30.01
J2,1478,30.01
J2,1479,30.10
J2,1480,30.10
J2,1481,30.10
J2,1482,30.01
J2,1483,30.10
J2,1484,29.93
J2,1485,30.01
J2,1486,30.01
J2,1487,30.01
J2,1488,30.01
J2,1489,30.10
J2,1490,29.93
J2,1491,30.01
J2,1492,30.01
J2,1493,29.93
J2,1494,29.93
J2,1495,30.01
J2,1496,29.93
J2,1497,30.01
J2,1498,29.93
J2,1499,29.93
J2,1500,29.93
J2,1501,30.01
J2,1502,30.01
J2,1503,29.93
J2,1504,30.10
J2,1505,30.01
J2,1506,30.01
J2,1507,30.01
J2,1508,29.93
J2,1509,30.01
J2,1510,29.93
J2,1511,29.93
J2,1512,30.01
J2,1513,30.01
J2,1514,29.93
J2,1515,29.93
J2,1516,30.01
J2,1517,29.93
J2,1518,29.93
J2,1519,30.01
J2,1520,30.10
J2,1521,30.10
J2,1522,30.01
J2,1523,30.10
J2,1524,29.84
J2,1525,30.01
J2,1526,30.01
J2,1527,29.84
J2,1528,30.01
J2,1529,30.01
J2,1530,30.01
J2,1531,30.01
J2,1532,29.84
J2,1533,30.01
J2,1534,29.93
J2,1535,30.01
J2,1536,30.01
J2,1537,30.01
J2,1538,30.10
J2,1539,30.01
J2,1540,30.01
J2,1541,30.01
J2,1542,30.01
J2,1543,30.10
J2,1544,29.93
J2,1545,30.01
J2,1546,30.01
J2,1547,29.93
J2,1548,30.01
J2,1549,30.01
J2,1550,30.01
J2,1551,29.93
J2,1552,29.93
J2,1553,30.01
J2,1554,30.01
J2,1555,29.93
J2,1556,30.10
J2,1557,29.93
J2,1558,30.01
J2,1559,29.93
J2,1560,29.93
J2,1561,30.10
J2,1562,29.84
J2,1563,29.93
J2,1564,29.93
J2,1565,30.10
J2,1566,30.01
J2,1567,29.93
J2,1568,29.93
J2,1569,29.84
J2,1570,30.10
J2,1571,30.01
J2,1572,29.93
J2,1573,30.01
J2,1574,30.01
J2,1575,29.93
J2,1576,29.84
J2,1577,30.01
J2,1578,30.01
J2,1579,30.01
J2,1580,30.10
J2,1581,30.01
J2,1582,29.93
J2,1583,30.01
J2,1584,29.84
J2,1585,30.01
J2,1586,29.93
J2,1587,30.01
J2,1588,30.01
J2,1589,30.01
J2,1590,30.01
J2,1591,30.10
J2,1592,30.01
J2,1593,29.93
J2,1594,30.01
J2,1595,30.01
J2,1596,30.01
J2,1597,30.01
J2,1598,29.84
J2,1599,29.84
J2,1600,30.01
J2,1601,30.01
J2,1602,29.93
J2,1603,30.01
J2,1604,30.01
J2,1605,30.01
J2,1606,30.01
J2,1607,30.01
J2,1608,29.93
J2,1609,30.10
J2,1610,30.01
J2,1611,30.01
J2,1612,30.10
J2,1613,30.01
J2,1614,29.84
J2,1615,29.93
J2,1616,30.19
J2,1617,29.93
J2,1618,30.01
J2,1619,29.93
J2,1620,29.93
J2,1621,30.10
J2,1622,29.93
J2,1623,30.01
J2,1624,30.01
J2,1625,29.93
J2,1626,30.10
J2,1627,30.10
J2,1628,30.01
J2,1629,30.10
J2,1630,29.84
J2,1631,29.93
J2,1632,30.10
J2,1633,30.28
J2,1634,30.01
J2,1635,29.84
J2,1636,29.93
J2,1637,30.01
J2,1638,30.10
J2,1639,30.01
J2,1640,29.93
J2,1641,30.01
J2,1642,30.01
J2,1643,30.01
J2,1644,30.01
J2,1645,30.01
J2,1646,30.10
J2,1647,30.01
J2,1648,30.10
J2,1649,29.93
J2,1650,30.01
J2,1651,30.01
J2,1652,30.10
J2,1653,29.93
J2,1654,29.93
J2,1655,30.01
J2,1656,30.01
J2,1657,30.10
J2,1658,30.01
J2,1659,30.01
J2,1660,29.93
J2,1661,29.93
J2,1662,29.93
J2,1663,30.10
J2,1664,29.93
J2,1665,29.93
J2,1666,30.01
J2,1667,29.93
J2,1668,30.01
J2,1669,30.01
J2,1670,30.01
J2,1671,30.10
J2,1672,30.10
J2,1673,30.01
J2,1674,30.10
J2,1675,29.84
J2,1676,30.10
J2,1677,30.10
J2,1678,30.10
J2,1679,29.93
J2,1680,30.01
J2,1681,30.01
J2,1682,30.01
J2,1683,29.93
J2,1684,29.84
J2,1685,30.01
J2,1686,30.10
J2,1687,30.01
J2,1688,29.93
J2,1689,29.93
J2,1690,30.01
J2,1691,30.01
J2,1692,30.10
J2,1693,30.01
J2,1694,30.01
J2,1695,30.01
J2,1696,30.01
J2,1697,29.93
J2,1698,30.01
J2,1699,30.01
J2,1700,30.01
J2,1701,29.93
J2,1702,29.93
J2,1703,30.01
J2,1704,29.93
J2,1705,30.01
J2,1706,29.93
J2,1707,30.01
J2,1708,29.93
J2,1709,30.10
J2,1710,30.01
J2,1711,30.19
J2,1712,29.93
J2,1713,30.01
J2,1714,29.93
J2,1715,30.10
J2,1716,30.01
J2,1717,30.01
J2,1718,30.01
J2,1719,29.93
J2,1720,30.01
J2,1721,30.01
J2,1722,29.93
J2,1723,30.01
J2,1724,30.01
J2,1725,30.01
J2,1726,29.93
J2,1727,29.84
J2,1728,30.01
J2,1729,30.01
J2,1730,29.93
J2,1731,30.01
J2,1732,30.01
J2,1733,30.10
J2,1734,30.01
J2,1735,30.01
J2,1736,30.01
J2,1737,30.10
J2,1738,30.01
J2,1739,30.10
J2,1740,29.93
J2,1741,30.01
J2,1742,30.01
J2,1743,30.01
J2,1744,30.01
J2,1745,30.10
J2,1746,29.93
J2,1747,29.93
J2,1748,30.10
J2,1749,29.93
J2,1750,30.10
J2,1751,30.10
J2,1752,30.01
J2,1753,29.93
J2,1754,29.93
J2,1755,30.01
J2,1756,29.93
J2,1757,30.10
J2,1758,29.93
J2,1759,30.01
J2,1760,29.93
J2,1761,30.01
J2,1762,30.01
J2,1763,29.93
J2,1764,30.01
J2,1765,29.93
J2,1766,30.01
J2,1767,30.10
J2,1768,29.93
J2,1769,29.93
J2,1770,30.01
J2,1771,30.01
J2,1772,30.01
J2,1773,29.93
J2,1774,29.93
J2,1775,30.01
J2,1776,29.84
J2,1777,30.01
J2,1778,29.93
J2,1779,29.93
J2,1780,30.01
J2,1781,30.01
J2,1782,30.01
J2,1783,29.93
J2,1784,30.10
J2,1785,30.01
J2,1786,30.10
J2,1787,30.01
J2,1788,29.93
J2,1789,30.01
J2,1790,30.01
J2,1791,30.01
J2,1792,29.93
J2,1793,30.01
J2,1794,30.01
J2,1795,29.84
J2,1796,30.10
J2,1797,30.01
J2,1798,30.10
J2,1799,30.01
J2,1800,29.93
J2,1801,30.01
J2,1802,29.84
J2,1803,30.01
J2,1804,30.01
J2,1805,30.01
J2,1806,29.93
J2,1807,29.93
J2,1808,30.01
J2,1809,29.93
J2,1810,30.01
J2,1811,30.10
J2,1812,29.93
J2,1813,29.93
J2,1814,30.10
J2,1815,30.01
J2,1816,29.84
J2,1817,29.93
J2,1818,29.93
J2,1819,29.93
J2,1820,30.10
J2,1821,29.93
J2,1822,29.84
J2,1823,29.93
J2,1824,30.10
J2,1825,29.93
J2,1826,29.93
J2,1827,29.93
J2,1828,30.01
J2,1829,29.93
J2,1830,29.93
J2,1831,30.01
J2,1832,30.01
J2,1833,29.84
J2,1834,29.93
J2,1835,30.01
J2,1836,30.01
J2,1837,29.93
J2,1838,29.93
J2,1839,29.93
J2,1840,30.01
J2,1841,29.93
J2,1842,29.93
J2,1843,29.84
J2,1844,30.10
J2,1845,30.01
J2,1846,30.01
J2,1847,29.93
J2,1848,30.10
J2,1849,30.01
J2,1850,30.10
J2,1851,30.10
J2,1852,30.01
J2,1853,30.01
J2,1854,30.01
J2,1855,30.01
J2,1856,29.93
J2,1857,30.01
J2,1858,30.01
J2,1859,29.93
J2,1860,29.93
J2,1861,30.01
J2,1862,29.93
J2,1863,29.93
J2,1864,29.93
J2,1865,29.93
J2,1866,30.01
J2,1867,30.01
J2,1868,29.84
J2,1869,30.01
J2,1870,30.01
J2,1871,30.01
J2,1872,29.93
J2,1873,30.01
J2,1874,29.93
J2,1875,30.10
J2,1876,29.93
J2,1877,29.93
J2,1878,29.93
J2,1879,30.01
J2,1880,29.84
J2,1881,30.01
J2,1882,30.01
J2,1883,30.01
J2,1884,30.01
J2,1885,29.93
J2,1886,30.01
J2,1887,29.93
J2,1888,29.93
J2,1889,29.93
J2,1890,29.93
J2,1891,30.01
J2,1892,30.01
J2,1893,30.01
J2,1894,30.01
J2,1895,29.93
J2,1896,30.10
J2,1897,29.93
J2,1898,30.01
J2,1899,29.93
J2,1900,30.10
J2,1901,30.19
J2,1902,30.01
J2,1903,29.93
J2,1904,30.01
J2,1905,29.93
J2,1906,30.01
J2,1907,29.93
J2,1908,29.93
J2,1909,30.01
J2,1910,29.93
J2,1911,29.93
J2,1912,30.01
J2,1913,30.01
J2,1914,29.93
J2,1915,30.01
J2,1916,29.93
J2,1917,30.01
J2,1918,29.93
J2,1919,30.10
J2,1920,30.01
J2,1921,30.10
J2,1922,30.01
J2,1923,29.93
J2,1924,29.93
J2,1925,30.01
J2,1926,30.01
J2,1927,30.10
J2,1928,30.01
J2,1929,30.01
J2,1930,30.10
J2,1931,29.93
J2,1932,29.93
J2,1933,29.93
J2,1934,30.01
J2,1935,30.01
J2,1936,30.01
J2,1937,29.84
J2,1938,30.01
J2,1939,29.93
J2,1940,30.01
J2,1941,30.01
J2,1942,30.01
J2,1943,30.01
J2,1944,30.01
J2,1945,29.93
J2,1946,30.01
J2,1947,30.10
J2,1948,30.01
J2,1949,30.01
J2,1950,30.01
J2,1951,30.10
J2,1952,30.01
J2,1953,29.84
J2,1954,30.10
J2,1955,29.84
J2,1956,30.01
J2,1957,29.93
J2,1958,29.93
J2,1959,29.93
J2,1960,30.01
J2,1961,30.01
J2,1962,30.10
J2,1963,30.01
J2,1964,30.01
J2,1965,30.01
J2,1966,30.10
J2,1967,29.84
J2,1968,30.10
J2,1969,29.93
J2,1970,30.01
J2,1971,29.93
J2,1972,30.01
J2,1973,30.01
J2,1974,29.93
J2,1975,29.93
J2,1976,29.93
J2,1977,30.10
J2,1978,29.93
J2,1979,30.01
J2,1980,30.10
J2,1981,29.93
J2,1982,30.01
J2,1983,29.93
J2,1984,30.01
J2,1985,29.93
J2,1986,29.93
J2,1987,30.01
J2,1988,30.01
J2,1989,29.93
J2,1990,29.93
J2,1991,29.93
J2,1992,30.01
J2,1993,29.93
J2,1994,30.01
J2,1995,29.93
J2,1996,30.01
J2,1997,30.01
J2,1998,29.84
J2,1999,29.93
J2,2000,30.01
J2,2001,29.84
J2,2002,30.10
J2,2003,29.93
J2,2004,30.10
J2,2005,30.01
J2,2006,29.93
J2,2007,30.10
J2,2008,29.84
J2,2009,29.84
J2,2010,30.01
J2,2011,29.93
J2,2012,30.01
J2,2013,30.01
J2,2014,29.93
J2,2015,29.93
J2,2016,30.01
J2,2017,30.01
J2,2018,29.93
J2,2019,30.01
J2,2020,30.10
J2,2021,29.84
J2,2022,30.01
J2,2023,30.10
J2,2024,29.93
J2,2025,30.01
J2,2026,30.01
J2,2027,29.84
J2,2028,30.10
J2,2029,30.01
J2,2030,29.93
J2,2031,30.10
J2,2032,30.01
J2,2033,29.93
J2,2034,30.01
J2,2035,30.10
J2,2036,30.01
J2,2037,30.01
J2,2038,29.84
J2,2039,29.93
J2,2040,30.10
J2,2041,29.93
J2,2042,30.01
J2,2043,30.10
J2,2044,29.93
J2,2045,29.84
J2,2046,30.01
J2,2047,30.10
J2,2048,29.93
J2,2049,30.10
J2,2050,30.01
J2,2051,29.93
J2,2052,30.01
J2,2053,30.01
J2,2054,29.93
J2,2055,30.01
J2,2056,29.93
J2,2057,29.93
J2,2058,29.93
J2,2059,29.93
J2,2060,30.01
J2,2061,30.01
J2,2062,29.93
J2,2063,29.93
J2,2064,30.01
J2,2065,29.93
J2,2066,29.84
J2,2067,29.93
J2,2068,30.10
J2,2069,30.10
J2,2070,30.01
J2,2071,30.01
J2,2072,29.93
J2,2073,30.01
J2,2074,30.01
J2,2075,30.01
J2,2076,29.93
J2,2077,30.01
J2,2078,29.93
J2,2079,29.84
J2,2080,29.93
J2,2081,30.01
J2,2082,30.01
J2,2083,30.01
J2,2084,29.84
J2,2085,30.01
J2,2086,30.01
J2,2087,30.01
J2,2088,30.01
J2,2089,30.10
J2,2090,30.10
J2,2091,29.93
J2,2092,30.01
J2,2093,30.01
J2,2094,30.01
J2,2095,29.93
J2,2096,30.01
J2,2097,30.01
J2,2098,30.01
J2,2099,30.01
J2,2100,29.93
J2,2101,30.01
J2,2102,29.93
J2,2103,29.93
J2,2104,30.01
J2,2105,30.10
J2,2106,30.10
J2,2107,29.93
J2,2108,30.10
J2,2109,29.93
J2,2110,29.93
J2,2111,30.01
J2,2112,29.93
J2,2113,30.01
J2,2114,30.01
J2,2115,30.01
J2,2116,29.93
J2,2117,30.01
J2,2118,30.01
J2,2119,30.01
J2,2120,29.93
J2,2121,29.93
J2,2122,30.01
J2,2123,30.01
J2,2124,30.10
J2,2125,30.01
J2,2126,29.93
J2,2127,30.01
J2,2128,29.93
J2,2129,30.01
J2,2130,29.93
J2,2131,30.01
J2,2132,29.93
J2,2133,29.93
J2,2134,30.01
J2,2135,30.10
J2,2136,29.93
J2,2137,29.93
J2,2138,30.01
J2,2139,30.01
J2,2140,30.10
J2,2141,30.01
J2,2142,29.84
J2,2143,29.93
J2,2144,30.01
J2,2145,29.93
J2,2146,30.10
J2,2147,30.01
J2,2148,30.01
J2,2149,29.93
J2,2150,30.01
J2,2151,29.93
J2,2152,29.93
J2,2153,30.01
J2,2154,30.01
J2,2155,30.01
J2,2156,30.01
J2,2157,29.84
J2,2158,29.93
J2,2159,30.01
J2,2160,29.93
J2,2161,29.93
J2,2162,29.93
J2,2163,30.10
J2,2164,30.10
J2,2165,30.01
J2,2166,30.01
J2,2167,30.10
J2,2168,30.01
J2,2169,30.10
J2,2170,29.93
J2,2171,29.93
J2,2172,29.93
J2,2173,29.93
J2,2174,29.93
J2,2175,29.93
J2,2176,30.01
J2,2177,30.01
J2,2178,29.93
J2,2179,29.93
J2,2180,29.93
J2,2181,30.10
J2,2182,29.84
J2,2183,29.84
J2,2184,30.01
J2,2185,30.01
J2,2186,30.10
J2,2187,30.01
J2,2188,30.01
J2,2189,29.93
J2,2190,30.01
J2,2191,29.93
J2,2192,30.10
J2,2193,30.01
J2,2194,29.84
J2,2195,30.10
J2,2196,29.93
J2,2197,29.93
J2,2198,30.10
J2,2199,30.01
J2,2200,29.93
J2,2201,30.01
J2,2202,30.01
J2,2203,30.10
J2,2204,30.01
J2,2205,30.10
J2,2206,29.93
J2,2207,30.01
J2,2208,29.84
J2,2209,30.01
J2,2210,30.01
J2,2211,30.01
J2,2212,30.01
J2,2213,29.93
J2,2214,30.01
J2,2215,29.93
J2,2216,29.93
J2,2217,30.01
J2,2218,30.01
J2,2219,29.84
J2,2220,29.93
J2,2221,30.01
J2,2222,30.01
J2,2223,29.93
J2,2224,29.93
J2,2225,29.93
J2,2226,30.01
J2,2227,30.10
J2,2228,30.01
J2,2229,30.01
J2,2230,29.93
J2,2231,30.01
J2,2232,29.93
J2,2233,30.10
J2,2234,30.01
J2,2235,30.01
J2,2236,30.01
J2,2237,30.01
J2,2238,30.01
J2,2239,30.01
J2,2240,30.01
J2,2241,30.01
J2,2242,29.84
J2,2243,29.93
J2,2244,29.84
J2,2245,30.01
J2,2246,30.01
J2,2247,29.93
J2,2248,29.93
J2,2249,29.93
J2,2250,30.10
J2,2251,30.10
J2,2252,29.93
J2,2253,30.01
J2,2254,30.10
J2,2255,29.93
J2,2256,30.01
J2,2257,29.93
J2,2258,30.10
J2,2259,29.93
J2,2260,29.84
J2,2261,29.93
J2,2262,30.01
J2,2263,30.01
J2,2264,30.01
J2,2265,29.93
J2,2266,30.10
J2,2267,30.10
J2,2268,30.01
J2,2269,30.01
J2,2270,29.93
J2,2271,29.93
J2,2272,30.01
J2,2273,29.93
J2,2274,30.01
J2,2275,30.01
J2,2276,30.01
J2,2277,29.93
J2,2278,29.93
J2,2279,29.93
J2,2280,29.93
J2,2281,30.10
J2,2282,30.01
J2,2283,30.01
J2,2284,30.01
J2,2285,30.01
J2,2286,30.01
J2,2287,30.01
J2,2288,30.01
J2,2289,30.01
J2,2290,29.84
J2,2291,30.01
J2,2292,29.93
J2,2293,30.01
J2,2294,29.93
J2,2295,30.10
J2,2296,29.93
J2,2297,29.93
J2,2298,29.84
J2,2299,29.93
J2,2300,30.10
J2,2301,30.01
J2,2302,29.93
J2,2303,30.01
J2,2304,30.01
J2,2305,29.93
J2,2306,30.01
J2,2307,30.01
J2,2308,29.93
J2,2309,30.01
J2,2310,29.93
J2,2311,30.01
J2,2312,29.93
J2,2313,30.01
J2,2314,29.93
J2,2315,30.01
J2,2316,30.01
J2,2317,30.10
J2,2318,29.93
J2,2319,30.10
J2,2320,30.01
J2,2321,29.93
J2,2322,29.93
J2,2323,30.01
J2,2324,29.93
J2,2325,30.01
J2,2326,29.93
J2,2327,30.01
J2,2328,29.93
J2,2329,30.10
J2,2330,30.01
J2,2331,29.93
J2,2332,30.10
J2,2333,30.01
J2,2334,29.93
J2,2335,30.01
J2,2336,30.10
J2,2337,29.93
J2,2338,29.93
J2,2339,29.93
J2,2340,30.01
J2,2341,30.01
J2,2342,30.01
J2,2343,30.01
J2,2344,30.01
J2,2345,30.01
J2,2346,30.01
J2,2347,30.01
J2,2348,29.93
J2,2349,30.01
J2,2350,29.93
J2,2351,29.93
J2,2352,30.01
J2,2353,30.10
J2,2354,30.10
J2,2355,29.84
J2,2356,30.01
J2,2357,30.01
J2,2358,30.10
J2,2359,30.01
J2,2360,30.01
J2,2361,30.01
J2,2362,29.93
J2,2363,30.10
J2,2364,29.93
J2,2365,29.93
J2,2366,30.10
J2,2367,30.01
J2,2368,29.93
J2,2369,30.01
J2,2370,30.01
J2,2371,29.93
J2,2372,29.93
J2,2373,30.19
J2,2374,29.93
J2,2375,30.01
J2,2376,30.01
J2,2377,30.10
J2,2378,29.93
J2,2379,29.84
J2,2380,29.93
J2,2381,30.10
J2,2382,29.93
J2,2383,30.01
J2,2384,29.93
J2,2385,29.93
J2,2386,29.93
J2,2387,30.10
J2,2388,30.10
J2,2389,30.01
J2,2390,30.01
J2,2391,29.84
J2,2392,29.93
J2,2393,30.01
J2,2394,29.93
J2,2395,29.93
J2,2396,30.10
J2,2397,29.93
J2,2398,30.01
J2,2399,30.10
J2,2400,29.93
J2,2401,30.01
J2,2402,29.93
J2,2403,30.10
J2,2404,29.93
J2,2405,30.01
J2,2406,30.10
J2,2407,30.01
J2,2408,30.01
J2,2409,30.01
J2,2410,29.93
J2,2411,30.01
J2,2412,30.01
J2,2413,30.10
J2,2414,30.01
J2,2415,30.01
J2,2416,30.10
J2,2417,29.84
J2,2418,29.93
J2,2419,30.01
J2,2420,29.93
J2,2421,30.01
J2,2422,30.01
J2,2423,30.10
J2,2424,29.84
J2,2425,29.93
J2,2426,30.10
J2,2427,29.93
J2,2428,30.01
J2,2429,30.01
J2,2430,30.01
J2,2431,30.01
J2,2432,30.01
J2,2433,30.01
J2,2434,29.93
J2,2435,30.10
J2,2436,30.10
J2,2437,29.84
J2,2438,30.01
J2,2439,29.93
J2,2440,30.01
J2,2441,29.93
J2,2442,29.93
J2,2443,29.93
J2,2444,30.01
J2,2445,29.93
J2,2446,30.01
J2,2447,30.01
J2,2448,29.93
J2,2449,30.01
J2,2450,29.93
J2,2451,30.01
J2,2452,30.01
J2,2453,30.01
J2,2454,29.93
J2,2455,30.01
J2,2456,30.10
J2,2457,30.10
J2,2458,30.01
J2,2459,30.10
J2,2460,29.93
J2,2461,30.10
J2,2462,29.93
J2,2463,30.01
J2,2464,30.01
J2,2465,30.01
J2,2466,29.93
J2,2467,29.93
J2,2468,30.01
J2,2469,30.10
J2,2470,30.01
J2,2471,30.01
J2,2472,30.01
J2,2473,29.93
J2,2474,30.01
J2,2475,30.10
J2,2476,30.01
J2,2477,29.93
J2,2478,29.84
J2,2479,29.93
J2,2480,30.01
J2,2481,29.93
J2,2482,30.01
J2,2483,30.01
J2,2484,29.93
J2,2485,29.93
J2,2486,29.93
J2,2487,30.01
J2,2488,29.93
J2,2489,30.10
J2,2490,30.01
J2,2491,30.01
J2,2492,30.10
J2,2493,30.01
J2,2494,30.01
J2,2495,30.01
J2,2496,30.01
J2,2497,29.93
J2,2498,29.93
J2,2499,30.01
J2,2500,30.01
J2,2501,30.10
J2,2502,30.19
J2,2503,30.01
J2,2504,30.01
J2,2505,30.01
J2,2506,30.01
J2,2507,30.10
J2,2508,30.01
J2,2509,30.10
J2,2510,30.01
J2,2511,30.01
J2,2512,29.93
J2,2513,30.01
J2,2514,29.93
J2,2515,29.93
J2,2516,29.93
J2,2517,30.01
J2,2518,30.01
J2,2519,29.93
J2,2520,29.93
J2,2521,29.93
J2,2522,29.84
J2,2523,30.01
J2,2524,29.93
J2,2525,30.01
J2,2526,29.93
J2,2527,30.10
J2,2528,30.01
J2,2529,30.10
J2,2530,29.93
J2,2531,30.10
J2,2532,30.01
J2,2533,29.93
J2,2534,29.93
J2,2535,30.01
J2,2536,30.01
J2,2537,30.10
J2,2538,30.01
J2,2539,29.93
J2,2540,29.93
J2,2541,30.01
J2,2542,30.01
J2,2543,29.84
J2,2544,30.10
J2,2545,30.01
J2,2546,30.10
J2,2547,29.93
J2,2548,30.01
J2,2549,29.93
J2,2550,29.93
J2,2551,29.84
J2,2552,30.01
J2,2553,29.93
J2,2554,30.10
J2,2555,30.01
J2,2556,29.93
J2,2557,30.01
J2,2558,30.10
J2,2559,29.93
J2,2560,30.01
J2,2561,30.01
J2,2562,29.93
J2,2563,30.19
J2,2564,30.01
J2,2565,30.01
J2,2566,30.01
J2,2567,30.01
J2,2568,29.93
J2,2569,30.01
J2,2570,30.01
J2,2571,30.10
J2,2572,30.01
J2,2573,29.93
J2,2574,29.93
J2,2575,30.01
J2,2576,30.10
J2,2577,30.01
J2,2578,29.93
J2,2579,30.10
J2,2580,30.01
J2,2581,30.10
J2,2582,29.93
J2,2583,29.84
J2,2584,29.93
J2,2585,29.93
J2,2586,30.01
J2,2587,29.93
J2,2588,29.93
J2,2589,30.01
J2,2590,30.01
J2,2591,30.01
J2,2592,30.10
J2,2593,30.01
J2,2594,29.93
J2,2595,30.01
J2,2596,30.10
J2,2597,30.01
J2,2598,30.01
J2,2599,30.01
J2,2600,29.93
J2,2601,30.01
J2,2602,30.01
J2,2603,29.93
J2,2604,29.93
J2,2605,29.93
J2,2606,30.01
J2,2607,30.01
J2,2608,30.01
J2,2609,29.93
J2,2610,30.10
J2,2611,30.01
J2,2612,30.01
J2,2613,29.93
J2,2614,30.10
J2,2615,29.93
J2,2616,29.84
J2,2617,30.10
J2,2618,30.01
J2,2619,30.01
J2,2620,30.01
J2,2621,30.01
J2,2622,30.01
J2,2623,30.10
J2,2624,30.19
J2,2625,30.01
J2,2626,30.01
J2,2627,29.93
J2,2628,30.01
J2,2629,30.01
J2,2630,30.01
J2,2631,29.84
J2,2632,30.01
J2,2633,29.93
J2,2634,30.01
J2,2635,29.93
J2,2636,30.01
J2,2637,29.93
J2,2638,29.93
J2,2639,30.01
J2,2640,29.93
J2,2641,29.93
J2,2642,30.10
J2,2643,29.93
J2,2644,30.19
J2,2645,30.01
J2,2646,29.84
J2,2647,29.93
J2,2648,30.01
J2,2649,29.93
J2,2650,30.01
J2,2651,30.01
J2,2652,30.01
J2,2653,30.19
J2,2654,29.93
J2,2655,30.01
J2,2656,30.01
J2,2657,30.10
J2,2658,29.93
J2,2659,30.01
J2,2660,29.93
J2,2661,29.93
J2,2662,30.01
J2,2663,30.01
J2,2664,30.01
J2,2665,30.19
J2,2666,29.93
J2,2667,29.93
J2,2668,30.01
J2,2669,29.93
J2,2670,29.93
J2,2671,30.01
J2,2672,30.01
J2,2673,29.93
J2,2674,29.93
J2,2675,29.93
J2,2676,29.93
J2,2677,29.93
J2,2678,29.93
J2,2679,29.93
J2,2680,29.84
J2,2681,29.93
J2,2682,29.93
J2,2683,30.01
J2,2684,30.01
J2,2685,29.93
J2,2686,29.93
J2,2687,30.01
J2,2688,30.01
J2,2689,29.93
J2,2690,30.01
J2,2691,30.01
J2,2692,30.01
J2,2693,29.93
J2,2694,30.01
J2,2695,30.10
J2,2696,30.01
J2,2697,30.01
J2,2698,29.93
J2,2699,30.01
J2,2700,30.01
J2,2701,30.01
J2,2702,30.01
J2,2703,30.10
J2,2704,29.84
J2,2705,29.93
J2,2706,29.93
J2,2707,29.93
J2,2708,30.10
J2,2709,30.10
J2,2710,29.84
J2,2711,29.93
J2,2712,29.93
J2,2713,29.93
J2,2714,30.01
J2,2715,29.84
J2,2716,30.10
J2,2717,29.93
J2,2718,30.10
J2,2719,30.01
J2,2720,30.10
J2,2721,29.93
J2,2722,29.84
J2,2723,30.01
J2,2724,30.01
J2,2725,30.10
J2,2726,30.10
J2,2727,30.01
J2,2728,29.93
J2,2729,29.84
J2,2730,30.01
J2,2731,30.01
J2,2732,29.93
J2,2733,30.01
J2,2734,30.10
J2,2735,30.01
J2,2736,30.10
J2,2737,30.01
J2,2738,30.10
J2,2739,30.01
J2,2740,30.10
J2,2741,30.01
J2,2742,30.10
J2,2743,29.93
J2,2744,29.93
J2,2745,30.10
J2,2746,29.93
J2,2747,30.19
J2,2748,30.01
J2,2749,29.84
J2,2750,29.93
J2,2751,29.93
J2,2752,29.84
J2,2753,30.01
J2,2754,30.10
J2,2755,30.01
J2,2756,29.75
J2,2757,29.84
J2,2758,29.93
J2,2759,30.10
J2,2760,30.01
J2,2761,30.01
J2,2762,30.01
J2,2763,30.10
J2,2764,30.01
J2,2765,30.10
J2,2766,30.01
J2,2767,29.93
J2,2768,29.93
J2,2769,29.93
J2,2770,29.93
J2,2771,30.01
J2,2772,30.01
J2,2773,29.93
J2,2774,29.93
J2,2775,30.10
J2,2776,30.01
J2,2777,30.01
J2,2778,30.01
J2,2779,30.10
J2,2780,30.01
J2,2781,30.01
J2,2782,30.10
J2,2783,30.01
J2,2784,29.93
J2,2785,30.01
J2,2786,29.93
J2,2787,29.93
J2,2788,30.01
J2,2789,30.01
J2,2790,29.93
J2,2791,30.01
J2,2792,29.84
J2,2793,29.93
J2,2794,29.84
J2,2795,30.10
J2,2796,30.10
J2,2797,29.93
J2,2798,30.01
J2,2799,30.10
J2,2800,30.01
J2,2801,30.10
J2,2802,29.93
J2,2803,29.93
J2,2804,29.93
J2,2805,30.01
J2,2806,29.93
J2,2807,29.93
J2,2808,29.93
J2,2809,30.01
J2,2810,29.93
J2,2811,29.93
J2,2812,30.01
J2,2813,30.10
J2,2814,30.01
J2,2815,30.10
J2,2816,29.93
J2,2817,29.93
J2,2818,30.01
J2,2819,29.93
J2,2820,30.01
J2,2821,29.93
J2,2822,30.01
J2,2823,30.01
J2,2824,30.10
J2,2825,29.93
J2,2826,29.93
J2,2827,30.01
J2,2828,30.01
J2,2829,30.01
J2,2830,30.01
J2,2831,30.01
J2,2832,30.10
J2,2833,30.01
J2,2834,29.93
J2,2835,29.93
J2,2836,29.93
J2,2837,29.93
J2,2838,30.10
J2,2839,29.93
J2,2840,30.19
J2,2841,30.01
J2,2842,30.01
J2,2843,30.10
J2,2844,30.10
J2,2845,30.01
J2,2846,30.01
J2,2847,30.01
J2,2848,30.01
J2,2849,29.93
J2,2850,30.10
J2,2851,29.93
J2,2852,29.93
J2,2853,29.93
J2,2854,30.19
J2,2855,30.10
J2,2856,30.10
J2,2857,29.93
J2,2858,30.01
J2,2859,29.93
J2,2860,30.10
J2,2861,30.01
J2,2862,30.01
J2,2863,30.10
J2,2864,29.93
J2,2865,30.01
J2,2866,30.10
J2,2867,30.01
J2,2868,30.01
J2,2869,30.01
J2,2870,30.01
J2,2871,30.01
J2,2872,30.10
J2,2873,30.01
J2,2874,29.93
J2,2875,29.93
J2,2876,30.01
J2,2877,30.01
J2,2878,29.93
J2,2879,30.01
J2,2880,29.93
J2,2881,30.01
J2,2882,30.01
J2,2883,29.93
J2,2884,30.10
J2,2885,29.93
J2,2886,30.01
J2,2887,30.10
J2,2888,30.01
J2,2889,30.01
J2,2890,30.01
J2,2891,30.01
J2,2892,30.01
J2,2893,29.93
J2,2894,29.93
J2,2895,29.84
J2,2896,30.01
J2,2897,30.01
J2,2898,29.84
J2,2899,30.01
J2,2900,29.93
J2,2901,30.01
J2,2902,29.93
J2,2903,29.93
J2,2904,30.01
J2,2905,29.93
J2,2906,29.93
J2,2907,30.01
J2,2908,30.10
J2,2909,30.01
J2,2910,29.93
J2,2911,30.10
J2,2912,30.01
J2,2913,29.93
J2,2914,29.93
J2,2915,30.01
J2,2916,30.01
J2,2917,30.01
J2,2918,30.10
J2,2919,30.10
J2,2920,30.01
J2,2921,29.93
J2,2922,29.84
J2,2923,30.10
J2,2924,30.01
J2,2925,30.01
J2,2926,30.10
J2,2927,30.01
J2,2928,29.93
J2,2929,30.01
J2,2930,30.01
J2,2931,30.01
J2,2932,30.01
J2,2933,30.01
J2,2934,29.93
J2,2935,30.10
J2,2936,29.84
J2,2937,30.01
J2,2938,30.01
J2,2939,29.93
J2,2940,30.01
J2,2941,29.93
J2,2942,29.93
J2,2943,30.01
J2,2944,29.93
J2,2945,30.01
J2,2946,30.19
J2,2947,30.01
J2,2948,30.01
J2,2949,29.93
J2,2950,30.01
J2,2951,30.01
J2,2952,30.10
J2,2953,30.01
J2,2954,30.01
J2,2955,29.93
J2,2956,30.10
J2,2957,29.84
J2,2958,29.93
J2,2959,30.01
J2,2960,30.01
J2,2961,30.01
J2,2962,29.93
J2,2963,30.01
J2,2964,30.01
J2,2965,30.01
J2,2966,30.01
J2,2967,29.93
J2,2968,30.01
J2,2969,30.01
J2,2970,29.93
J2,2971,29.93
J2,2972,29.93
J2,2973,30.01
J2,2974,30.01
J2,2975,29.93
J2,2976,30.01
J2,2977,30.01
J2,2978,29.93
J2,2979,30.01
J2,2980,30.10
J2,2981,29.84
J2,2982,29.84
J2,2983,30.10
J2,2984,30.01
J2,2985,29.93
J2,2986,29.84
J2,2987,30.01
J2,2988,30.10
J2,2989,30.10
J2,2990,30.10
J2,2991,30.10
J2,2992,30.01
J2,2993,30.01
J2,2994,30.10
J2,2995,29.93
J2,2996,30.01
J2,2997,30.01
J2,2998,30.01
J2,2999,30.01
J2,3000,30.10
J3,1,-29.97
J3,2,-29.97
J3,3,-29.97
J3,4,-30.05
J3,5,-30.05
J3,6,-30.05
J3,7,-29.97
J3,8,-29.97
J3,9,-29.97
J3,10,-29.97
J3,11,-30.05
J3,12,-30.05
J3,13,-29.97
J3,14,-30.05
J3,15,-30.05
J3,16,-30.05
J3,17,-29.97
J3,18,-30.05
J3,19,-29.97
J3,20,-30.05
J3,21,-30.05
J3,22,-29.97
J3,23,-30.05
J3,24,-29.97
J3,25,-29.97
J3,26,-29.97
J3,27,-29.97
J3,28,-29.97
J3,29,-30.05
J3,30,-29.97
J3,31,-29.97
J3,32,-30.05
J3,33,-29.88
J3,34,-29.97
J3,35,-30.05
J3,36,-30.05
J3,37,-29.97
J3,38,-30.05
J3,39,-30.05
J3,40,-29.88
J3,41,-29.97
J3,42,-29.97
J3,43,-30.05
J3,44,-30.05
J3,45,-29.97
J3,46,-29.88
J3,47,-30.05
J3,48,-29.88
J3,49,-30.05
J3,50,-29.97
J3,51,-29.97
J3,52,-29.97
J3,53,-29.97
J3,54,-29.97
J3,55,-29.97
J3,56,-30.05
J3,57,-29.97
J3,58,-30.05
J3,59,-30.05
J3,60,-29.97
J3,61,-29.97
J3,62,-30.05
J3,63,-29.97
J3,64,-29.97
J3,65,-29.97
J3,66,-30.05
J3,67,-29.97
J3,68,-29.97
J3,69,-29.88
J3,70,-29.97
J3,71,-30.05
J3,72,-29.97
J3,73,-29.97
J3,74,-30.05
J3,75,-30.05
J3,76,-29.97
J3,77,-30.05
J3,78,-29.97
J3,79,-30.05
J3,80,-30.05
J3,81,-29.88
J3,82,-29.97
J3,83,-29.88
J3,84,-30.05
J3,85,-30.05
J3,86,-29.97
J3,87,-30.05
J3,88,-29.97
J3,89,-29.97
J3,90,-30.05
J3,91,-30.05
J3,92,-30.05
J3,93,-29.97
J3,94,-29.97
J3,95,-29.97
J3,96,-30.05
J3,97,-29.97
J3,98,-29.88
J3,99,-29.88
J3,100,-29.88
J3,101,-30.14
J3,102,-29.97
J3,103,-29.88
J3,104,-29.97
J3,105,-30.05
J3,106,-29.97
J3,107,-29.97
J3,108,-30.05
J3,109,-29.97
J3,110,-29.97
J3,111,-29.97
J3,112,-29.88
J3,113,-29.97
J3,114,-29.97
J3,115,-30.05
J3,116,-30.05
J3,117,-30.05
J3,118,-29.97
J3,119,-29.97
J3,120,-29.97
J3,121,-29.97
J3,122,-29.97
J3,123,-30.05
J3,124,-30.05
J3,125,-29.88
J3,126,-29.97
J3,127,-29.97
J3,128,-30.05
J3,129,-29.97
J3,130,-30.05
J3,131,-30.05
J3,132,-29.97
J3,133,-30.05
J3,134,-29.97
J3,135,-30.05
J3,136,-29.97
J3,137,-29.97
J3,138,-29.97
J3,139,-29.79
J3,140,-30.05
J3,141,-29.88
J3,142,-29.97
J3,143,-29.88
J3,144,-29.97
J3,145,-29.97
J3,146,-29.97
J3,147,-30.05
J3,148,-29.97
J3,149,-29.97
J3,150,-29.97
J3,151,-30.05
J3,152,-29.88
J3,153,-29.97
J3,154,-30.05
J3,155,-29.97
J3,156,-29.97
J3,157,-29.97
J3,158,-29.97
J3,159,-29.97
J3,160,-30.05
J3,161,-29.97
J3,162,-29.88
J3,163,-30.05
J3,164,-29.97
J3,165,-30.05
J3,166,-29.97
J3,167,-30.05
J3,168,-29.88
J3,169,-30.05
J3,170,-29.97
J3,171,-30.05
J3,172,-29.97
J3,173,-30.05
J3,174,-29.97
J3,175,-29.97
J3,176,-30.05
J3,177,-29.97
J3,178,-30.05
J3,179,-29.97
J3,180,-29.88
J3,181,-30.05
J3,182,-29.97
J3,183,-30.05
J3,184,-30.05
J3,185,-29.97
J3,186,-30.05
J3,187,-29.97
J3,188,-30.05
J3,189,-29.97
J3,190,-30.05
J3,191,-29.97
J3,192,-30.05
J3,193,-29.97
J3,194,-30.05
J3,195,-29.88
J3,196,-29.97
J3,197,-30.05
J3,198,-29.97
J3,199,-29.97
J3,200,-30.05
J3,201,-30.05
J3,202,-30.05
J3,203,-30.05
J3,204,-30.05
J3,205,-29.97
J3,206,-29.97
J3,207,-29.97
J3,208,-30.05
J3,209,-29.97
J3,210,-30.05
J3,211,-30.14
J3,212,-29.88
J3,213,-30.05
J3,214,-29.97
J3,215,-29.97
J3,216,-29.97
J3,217,-30.05
J3,218,-30.05
J3,219,-30.05
J3,220,-29.97
J3,221,-29.97
J3,222,-29.97
J3,223,-29.97
J3,224,-29.97
J3,225,-29.97
J3,226,-29.88
J3,227,-30.05
J3,228,-30.05
J3,229,-29.97
J3,230,-29.97
J3,231,-29.88
J3,232,-29.97
J3,233,-29.97
J3,234,-30.05
J3,235,-29.97
J3,236,-30.05
J3,237,-29.97
J3,238,-30.05
J3,239,-30.05
J3,240,-29.88
J3,241,-30.05
J3,242,-29.97
J3,243,-30.05
J3,244,-29.97
J3,245,-30.05
J3,246,-29.88
J3,247,-30.05
J3,248,-29.88
J3,249,-29.97
J3,250,-29.97
J3,251,-29.97
J3,252,-29.97
J3,253,-30.05
J3,254,-30.05
J3,255,-29.97
J3,256,-30.05
J3,257,-29.97
J3,258,-29.97
J3,259,-30.05
J3,260,-29.97
J3,261,-29.97
J3,262,-29.97
J3,263,-30.05
J3,264,-30.05
J3,265,-30.05
J3,266,-29.97
J3,267,-29.97
J3,268,-30.05
J3,269,-29.97
J3,270,-29.97
J3,271,-30.05
J3,272,-30.05
J3,273,-29.97
J3,274,-30.05
J3,275,-29.97
J3,276,-29.97
J3,277,-30.05
J3,278,-30.05
J3,279,-29.97
J3,280,-29.97
J3,281,-30.05
J3,282,-30.05
J3,283,-29.97
J3,284,-30.05
J3,285,-30.05
J3,286,-30.05
J3,287,-29.97
J3,288,-29.97
J3,289,-29.97
J3,290,-29.97
J3,291,-29.97
J3,292,-29.97
J3,293,-29.97
J3,294,-29.97
J3,295,-29.97
J3,296,-29.97
J3,297,-29.97
J3,298,-29.97
J3,299,-29.97
J3,300,-29.97
J3,301,-30.05
J3,302,-29.97
J3,303,-30.05
J3,304,-29.97
J3,305,-29.88
J3,306,-30.05
J3,307,-29.97
J3,308,-29.97
J3,309,-30.05
J3,310,-30.05
J3,311,-29.97
J3,312,-29.97
J3,313,-30.05
J3,314,-29.97
J3,315,-29.88
J3,316,-30.05
J3,317,-30.14
J3,318,-29.97
J3,319,-30.05
J3,320,-30.05
J3,321,-29.97
J3,322,-29.97
J3,323,-29.97
J3,324,-30.05
J3,325,-29.88
J3,326,-29.97
J3,327,-29.97
J3,328,-30.05
J3,329,-30.14
J3,330,-30.05
J3,331,-29.88
J3,332,-29.97
J3,333,-30.14
J3,334,-29.97
J3,335,-29.97
J3,336,-30.05
J3,337,-30.05
J3,338,-29.97
J3,339,-29.97
J3,340,-30.05
J3,341,-30.05
J3,342,-30.05
J3,343,-30.05
J3,344,-30.05
J3,345,-29.97
J3,346,-29.97
J3,347,-30.05
J3,348,-29.97
J3,349,-29.97
J3,350,-29.97
J3,351,-30.05
J3,352,-30.05
J3,353,-29.97
J3,354,-29.88
J3,355,-29.97
J3,356,-29.97
J3,357,-29.97
J3,358,-30.05
J3,359,-29.97
J3,360,-30.05
J3,361,-29.97
J3,362,-30.05
J3,363,-30.05
J3,364,-29.97
J3,365,-30.05
J3,366,-29.88
J3,367,-29.97
J3,368,-30.05
J3,369,-29.88
J3,370,-30.05
J3,371,-30.05
J3,372,-29.97
J3,373,-29.97
J3,374,-29.88
J3,375,-29.97
J3,376,-29.97
J3,377,-29.97
J3,378,-30.05
J3,379,-29.88
J3,380,-29.97
J3,381,-29.97
J3,382,-29.97
J3,383,-29.97
J3,384,-29.97
J3,385,-30.05
J3,386,-29.88
J3,387,-29.97
J3,388,-29.97
J3,389,-29.97
J3,390,-30.05
J3,391,-29.97
J3,392,-29.97
J3,393,-30.05
J3,394,-29.97
J3,395,-30.05
J3,396,-29.88
J3,397,-29.97
J3,398,-29.97
J3,399,-29.88
J3,400,-29.79
J3,401,-29.97
J3,402,-30.05
J3,403,-29.97
J3,404,-29.97
J3,405,-30.05
J3,406,-29.97
J3,407,-30.05
J3,408,-29.97
J3,409,-29.97
J3,410,-30.05
J3,411,-30.05
J3,412,-29.97
J3,413,-29.97
J3,414,-29.97
J3,415,-29.97
J3,416,-30.05
J3,417,-29.97
J3,418,-29.97
J3,419,-30.05
J3,420,-29.97
J3,421,-29.97
J3,422,-29.97
J3,423,-30.05
J3,424,-29.97
J3,425,-29.97
J3,426,-30.05
J3,427,-30.05
J3,428,-29.97
J3,429,-29.97
J3,430,-29.97
J3,431,-30.05
J3,432,-29.97
J3,433,-30.05
J3,434,-30.05
J3,435,-30.05
J3,436,-29.97
J3,437,-29.88
J3,438,-30.05
J3,439,-30.05
J3,440,-29.97
J3,441,-30.05
J3,442,-29.97
J3,443,-30.05
J3,444,-29.97
J3,445,-29.97
J3,446,-30.14
J3,447,-29.97
J3,448,-29.97
J3,449,-29.97
J3,450,-29.97
J3,451,-30.05
J3,452,-29.97
J3,453,-29.97
J3,454,-29.97
J3,455,-30.05
J3,456,-29.88
J3,457,-29.88
J3,458,-29.97
J3,459,-29.97
J3,460,-30.05
J3,461,-29.97
J3,462,-29.97
J3,463,-30.05
J3,464,-30.14
J3,465,-29.97
J3,466,-30.05
J3,467,-29.97
J3,468,-29.97
J3,469,-29.97
J3,470,-30.05
J3,471,-29.97
J3,472,-29.97
J3,473,-29.97
J3,474,-29.97
J3,475,-30.05
J3,476,-29.88
J3,477,-29.97
J3,478,-29.97
J3,479,-29.88
J3,480,-29.97
J3,481,-29.97
J3,482,-29.97
J3,483,-29.97
J3,484,-30.05
J3,485,-29.97
J3,486,-30.05
J3,487,-29.97
J3,488,-29.97
J3,489,-30.05
J3,490,-30.05
J3,491,-29.97
J3,492,-30.05
J3,493,-29.97
J3,494,-29.97
J3,495,-29.97
J3,496,-29.88
J3,497,-29.97
J3,498,-29.97
J3,499,-29.97
J3,500,-30.05
J3,501,-29.97
J3,502,-29.97
J3,503,-30.05
J3,504,-29.97
J3,505,-30.05
J3,506,-30.05
J3,507,-29.97
J3,508,-29.88
J3,509,-30.05
J3,510,-30.05
J3,511,-30.05
J3,512,-29.97
J3,513,-29.88
J3,514,-29.88
J3,515,-29.88
J3,516,-29.97
J3,517,-29.97
J3,518,-30.05
J3,519,-29.97
J3,520,-29.97
J3,521,-30.05
J3,522,-29.97
J3,523,-29.97
J3,524,-30.05
J3,525,-29.97
J3,526,-30.05
J3,527,-29.97
J3,528,-30.05
J3,529,-30.05
J3,530,-30.05
J3,531,-29.97
J3,532,-30.05
J3,533,-30.05
J3,534,-29.97
J3,535,-29.97
J3,536,-29.97
J3,537,-29.97
J3,538,-30.05
J3,539,-30.05
J3,540,-29.97
J3,541,-30.05
J3,542,-29.97
J3,543,-29.88
J3,544,-29.97
J3,545,-30.05
J3,546,-29.97
J3,547,-29.97
J3,548,-30.05
J3,549,-30.05
J3,550,-29.97
J3,551,-29.97
J3,552,-30.05
J3,553,-29.88
J3,554,-29.97
J3,555,-29.97
J3,556,-29.97
J3,557,-29.97
J3,558,-30.05
J3,559,-29.97
J3,560,-30.05
J3,561,-30.14
J3,562,-29.97
J3,563,-29.88
J3,564,-30.05
J3,565,-29.97
J3,566,-30.05
J3,567,-29.97
J3,568,-29.97
J3,569,-30.05
J3,570,-29.97
J3,571,-29.97
J3,572,-30.05
J3,573,-29.97
J3,574,-29.97
J3,575,-29.97
J3,576,-30.05
J3,577,-29.97
J3,578,-30.05
J3,579,-30.05
J3,580,-29.97
J3,581,-29.97
J3,582,-29.97
J3,583,-29.97
J3,584,-29.97
J3,585,-29.88
J3,586,-29.97
J3,587,-29.97
J3,588,-29.97
J3,589,-30.05
J3,590,-29.97
J3,591,-29.97
J3,592,-29.97
J3,593,-29.88
J3,594,-29.97
J3,595,-29.97
J3,596,-30.14
J3,597,-29.88
J3,598,-29.97
J3,599,-29.97
J3,600,-29.97
J3,601,-30.05
J3,602,-29.97
J3,603,-29.97
J3,604,-29.97
J3,605,-29.97
J3,606,-29.97
J3,607,-29.88
J3,608,-30.05
J3,609,-29.97
J3,610,-30.05
J3,611,-30.05
J3,612,-29.97
J3,613,-29.97
J3,614,-30.05
J3,615,-29.97
J3,616,-29.97
J3,617,-30.05
J3,618,-29.97
J3,619,-30.05
J3,620,-29.97
J3,621,-29.97
J3,622,-30.14
J3,623,-29.88
J3,624,-29.88
J3,625,-29.97
J3,626,-29.88
J3,627,-30.05
J3,628,-30.05
J3,629,-30.05
J3,630,-30.05
J3,631,-29.97
J3,632,-29.97
J3,633,-30.05
J3,634,-29.97
J3,635,-29.97
J3,636,-29.97
J3,637,-30.05
J3,638,-29.97
J3,639,-29.97
J3,640,-29.97
J3,641,-29.97
J3,642,-29.97
J3,643,-29.88
J3,644,-30.05
J3,645,-29.97
J3,646,-29.97
J3,647,-29.97
J3,648,-29.88
J3,649,-29.97
J3,650,-30.05
J3,651,-29.97
J3,652,-29.88
J3,653,-30.05
J3,654,-29.88
J3,655,-30.05
J3,656,-29.97
J3,657,-29.97
J3,658,-29.97
J3,659,-29.97
J3,660,-30.05
J3,661,-30.05
J3,662,-29.97
J3,663,-29.97
J3,664,-29.97
J3,665,-29.97
J3,666,-29.88
J3,667,-29.97
J3,668,-30.05
J3,669,-30.05
J3,670,-29.97
J3,671,-29.97
J3,672,-29.97
J3,673,-30.05
J3,674,-29.97
J3,675,-29.97
J3,676,-29.97
J3,677,-29.97
J3,678,-29.97
J3,679,-29.97
J3,680,-29.97
J3,681,-30.05
J3,682,-29.97
J3,683,-29.97
J3,684,-29.97
J3,685,-30.05
J3,686,-30.05
J3,687,-29.97
J3,688,-29.97
J3,689,-30.05
J3,690,-30.05
J3,691,-29.88
J3,692,-29.97
J3,693,-29.97
J3,694,-29.97
J3,695,-29.97
J3,696,-29.88
J3,697,-29.88
J3,698,-30.05
J3,699,-30.05
J3,700,-29.97
J3,701,-29.97
J3,702,-29.97
J3,703,-29.88
J3,704,-29.97
J3,705,-29.97
J3,706,-30.14
J3,707,-29.97
J3,708,-29.97
J3,709,-30.05
J3,710,-30.05
J3,711,-30.05
J3,712,-29.97
J3,713,-30.14
J3,714,-29.97
J3,715,-29.97
J3,716,-29.97
J3,717,-29.97
J3,718,-29.97
J3,719,-30.14
J3,720,-29.97
J3,721,-29.97
J3,722,-30.05
J3,723,-29.88
J3,724,-29.97
J3,725,-30.05
J3,726,-29.97
J3,727,-29.97
J3,728,-29.97
J3,729,-29.97
J3,730,-29.88
J3,731,-29.97
J3,732,-29.97
J3,733,-29.97
J3,734,-29.97
J3,735,-30.05
J3,736,-30.05
J3,737,-30.05
J3,738,-30.05
J3,739,-29.97
J3,740,-30.05
J3,741,-30.05
J3,742,-30.05
J3,743,-29.88
J3,744,-29.97
J3,745,-29.97
J3,746,-29.97
J3,747,-30.05
J3,748,-29.97
J3,749,-29.97
J3,750,-29.97
J3,751,-29.97
J3,752,-29.88
J3,753,-30.05
J3,754,-29.97
J3,755,-29.97
J3,756,-29.97
J3,757,-29.97
J3,758,-29.97
J3,759,-29.88
J3,760,-30.05
J3,761,-29.97
J3,762,-29.88
J3,763,-29.97
J3,764,-29.97
J3,765,-29.97
J3,766,-30.05
J3,767,-30.05
J3,768,-30.05
J3,769,-30.05
J3,770,-29.97
J3,771,-29.97
J3,772,-29.97
J3,773,-30.05
J3,774,-29.97
J3,775,-29.97
J3,776,-29.97
J3,777,-30.05
J3,778,-29.97
J3,779,-30.05
J3,780,-29.97
J3,781,-30.05
J3,782,-30.05
J3,783,-29.97
J3,784,-30.05
J3,785,-29.88
J3,786,-29.97
J3,787,-29.97
J3,788,-29.97
J3,789,-29.97
J3,790,-29.97
J3,791,-29.97
J3,792,-29.88
J3,793,-29.97
J3,794,-29.97
J3,795,-29.97
J3,796,-30.05
J3,797,-29.88
J3,798,-29.88
J3,799,-30.05
J3,800,-29.97
J3,801,-30.05
J3,802,-29.97
J3,803,-29.97
J3,804,-29.88
J3,805,-29.97
J3,806,-29.97
J3,807,-29.97
J3,808,-29.97
J3,809,-29.97
J3,810,-30.05
J3,811,-29.97
J3,812,-30.05
J3,813,-30.05
J3,814,-29.97
J3,815,-30.05
J3,816,-29.88
J3,817,-29.97
J3,818,-29.97
J3,819,-30.05
J3,820,-29.97
J3,821,-29.97
J3,822,-29.97
J3,823,-29.97
J3,824,-30.05
J3,825,-29.97
J3,826,-30.14
J3,827,-29.97
J3,828,-30.05
J3,829,-30.05
J3,830,-29.97
J3,831,-29.97
J3,832,-29.97
J3,833,-29.97
J3,834,-29.97
J3,835,-29.97
J3,836,-30.05
J3,837,-29.97
J3,838,-29.97
J3,839,-30.05
J3,840,-30.05
J3,841,-30.05
J3,842,-29.88
J3,843,-29.97
J3,844,-29.88
J3,845,-29.97
J3,846,-30.05
J3,847,-30.05
J3,848,-30.05
J3,849,-29.88
J3,850,-30.05
J3,851,-29.97
J3,852,-29.97
J3,853,-30.05
J3,854,-30.05
J3,855,-29.97
J3,856,-29.97
J3,857,-29.97
J3,858,-29.97
J3,859,-29.88
J3,860,-29.88
J3,861,-29.97
J3,862,-29.97
J3,863,-29.97
J3,864,-29.97
J3,865,-30.05
J3,866,-30.05
J3,867,-29.97
J3,868,-30.05
J3,869,-30.05
J3,870,-29.97
J3,871,-29.97
J3,872,-30.05
J3,873,-29.97
J3,874,-30.05
J3,875,-29.97
J3,876,-29.97
J3,877,-29.97
J3,878,-29.88
J3,879,-29.97
J3,880,-29.97
J3,881,-29.97
J3,882,-29.97
J3,883,-29.88
J3,884,-29.97
J3,885,-29.97
J3,886,-30.05
J3,887,-29.97
J3,888,-30.14
J3,889,-30.05
J3,890,-29.97
J3,891,-29.97
J3,892,-29.97
J3,893,-29.97
J3,894,-30.05
J3,895,-30.05
J3,896,-29.97
J3,897,-29.97
J3,898,-29.97
J3,899,-30.05
J3,900,-30.14
J3,901,-29.97
J3,902,-29.97
J3,903,-29.97
J3,904,-29.97
J3,905,-29.97
J3,906,-30.05
J3,907,-29.97
J3,908,-29.97
J3,909,-29.97
J3,910,-29.88
J3,911,-29.88
J3,912,-29.97
J3,913,-29.97
J3,914,-29.88
J3,915,-29.97
J3,916,-30.05
J3,917,-29.97
J3,918,-29.97
J3,919,-29.97
J3,920,-29.97
J3,921,-29.88
J3,922,-29.97
J3,923,-30.05
J3,924,-29.88
J3,925,-30.05
J3,926,-29.97
J3,927,-29.97
J3,928,-29.97
J3,929,-29.97
J3,930,-29.97
J3,931,-29.97
J3,932,-30.05
J3,933,-30.05
J3,934,-29.97
J3,935,-29.97
J3,936,-29.97
J3,937,-30.05
J3,938,-29.88
J3,939,-29.88
J3,940,-29.97
J3,941,-29.97
J3,942,-29.88
J3,943,-30.05
J3,944,-30.05
J3,945,-29.97
J3,946,-29.97
J3,947,-30.05
J3,948,-29.97
J3,949,-29.88
J3,950,-30.05
J3,951,-29.97
J3,952,-30.05
J3,953,-29.97
J3,954,-29.97
J3,955,-30.05
J3,956,-29.97
J3,957,-30.05
J3,958,-29.88
J3,959,-30.05
J3,960,-29.97
J3,961,-29.97
J3,962,-29.97
J3,963,-29.97
J3,964,-29.88
J3,965,-29.97
J3,966,-30.05
J3,967,-29.97
J3,968,-29.88
J3,969,-29.88
J3,970,-29.88
J3,971,-29.97
J3,972,-29.97
J3,973,-29.97
J3,974,-29.88
J3,975,-29.97
J3,976,-29.97
J3,977,-29.88
J3,978,-29.97
J3,979,-29.88
J3,980,-30.05
J3,981,-30.05
J3,982,-29.97
J3,983,-29.88
J3,984,-29.97
J3,985,-30.05
J3,986,-29.97
J3,987,-30.05
J3,988,-29.97
J3,989,-29.79
J3,990,-30.05
J3,991,-29.88
J3,992,-30.05
J3,993,-30.05
J3,994,-29.97
J3,995,-29.97
J3,996,-29.97
J3,997,-29.97
J3,998,-30.05
J3,999,-30.05
J3,1000,-29.88
J3,1001,-29.97
J3,1002,-30.05
J3,1003,-30.05
J3,1004,-29.97
J3,1005,-29.97
J3,1006,-30.05
J3,1007,-29.97
J3,1008,-29.97
J3,1009,-30.05
J3,1010,-30.05
J3,1011,-29.97
J3,1012,-29.97
J3,1013,-29.97
J3,1014,-29.97
J3,1015,-30.05
J3,1016,-29.88
J3,1017,-30.05
J3,1018,-29.88
J3,1019,-30.05
J3,1020,-29.97
J3,1021,-30.05
J3,1022,-30.05
J3,1023,-29.97
J3,1024,-30.05
J3,1025,-30.05
J3,1026,-30.05
J3,1027,-29.97
J3,1028,-30.05
J3,1029,-30.05
J3,1030,-30.05
J3,1031,-30.05
J3,1032,-29.97
J3,1033,-29.97
J3,1034,-30.05
J3,1035,-29.97
J3,1036,-30.05
J3,1037,-29.97
J3,1038,-30.05
J3,1039,-30.05
J3,1040,-30.05
J3,1041,-29.97
J3,1042,-29.97
J3,1043,-30.05
J3,1044,-29.97
J3,1045,-29.97
J3,1046,-29.97
J3,1047,-29.97
J3,1048,-29.97
J3,1049,-29.97
J3,1050,-29.97
J3,1051,-29.97
J3,1052,-29.97
J3,1053,-29.97
J3,1054,-29.97
J3,1055,-30.05
J3,1056,-29.97
J3,1057,-29.97
J3,1058,-29.97
J3,1059,-30.05
J3,1060,-29.97
J3,1061,-29.88
J3,1062,-29.97
J3,1063,-30.05
J3,1064,-30.05
J3,1065,-29.97
J3,1066,-29.97
J3,1067,-29.97
J3,1068,-29.88
J3,1069,-29.97
J3,1070,-30.05
J3,1071,-29.97
J3,1072,-29.97
J3,1073,-29.97
J3,1074,-29.97
J3,1075,-30.05
J3,1076,-30.05
J3,1077,-30.05
J3,1078,-29.97
J3,1079,-29.97
J3,1080,-30.05
J3,1081,-30.05
J3,1082,-29.88
J3,1083,-29.97
J3,1084,-30.05
J3,1085,-29.97
J3,1086,-30.05
J3,1087,-29.97
J3,1088,-29.97
J3,1089,-29.97
J3,1090,-30.05
J3,1091,-30.05
J3,1092,-30.14
J3,1093,-30.05
J3,1094,-29.97
J3,1095,-29.97
J3,1096,-29.97
J3,1097,-29.88
J3,1098,-30.05
J3,1099,-29.88
J3,1100,-29.97
J3,1101,-29.97
J3,1102,-30.14
J3,1103,-30.05
J3,1104,-30.05
J3,1105,-30.05
J3,1106,-29.97
J3,1107,-30.05
J3,1108,-30.05
J3,1109,-30.05
J3,1110,-29.97
J3,1111,-29.97
J3,1112,-29.97
J3,1113,-29.97
J3,1114,-30.05
J3,1115,-29.88
J3,1116,-29.97
J3,1117,-30.05
J3,1118,-30.05
J3,1119,-29.97
J3,1120,-29.88
J3,1121,-30.05
J3,1122,-30.05
J3,1123,-29.97
J3,1124,-30.05
J3,1125,-29.88
J3,1126,-29.97
J3,1127,-29.88
J3,1128,-29.97
J3,1129,-30.05
J3,1130,-30.05
J3,1131,-30.05
J3,1132,-30.05
J3,1133,-29.97
J3,1134,-29.97
J3,1135,-29.97
J3,1136,-29.97
J3,1137,-30.05
J3,1138,-29.88
J3,1139,-30.05
J3,1140,-29.97
J3,1141,-29.97
J3,1142,-29.97
J3,1143,-30.05
J3,1144,-29.88
J3,1145,-29.97
J3,1146,-29.97
J3,1147,-29.97
J3,1148,-29.97
J3,1149,-29.97
J3,1150,-30.05
J3,1151,-30.05
J3,1152,-30.05
J3,1153,-29.97
J3,1154,-29.97
J3,1155,-29.97
J3,1156,-30.05
J3,1157,-29.97
J3,1158,-29.97
J3,1159,-29.97
J3,1160,-29.97
J3,1161,-30.05
J3,1162,-30.05
J3,1163,-29.97
J3,1164,-29.97
J3,1165,-30.05
J3,1166,-30.05
J3,1167,-30.05
J3,1168,-29.97
J3,1169,-29.97
J3,1170,-29.97
J3,1171,-30.05
J3,1172,-29.88
J3,1173,-29.97
J3,1174,-29.97
J3,1175,-30.05
J3,1176,-29.97
J3,1177,-29.88
J3,1178,-29.97
J3,1179,-30.05
J3,1180,-30.05
J3,1181,-30.05
J3,1182,-29.97
J3,1183,-30.14
J3,1184,-29.97
J3,1185,-30.14
J3,1186,-29.97
J3,1187,-29.97
J3,1188,-29.97
J3,1189,-29.97
J3,1190,-29.97
J3,1191,-30.05
J3,1192,-29.97
J3,1193,-30.05
J3,1194,-29.97
J3,1195,-30.05
J3,1196,-30.05
J3,1197,-29.97
J3,1198,-30.05
J3,1199,-29.97
J3,1200,-29.88
J3,1201,-29.97
J3,1202,-30.05
J3,1203,-29.97
J3,1204,-29.97
J3,1205,-30.05
J3,1206,-29.97
J3,1207,-30.05
J3,1208,-30.05
J3,1209,-29.97
J3,1210,-30.05
J3,1211,-29.97
J3,1212,-29.88
J3,1213,-29.97
J3,1214,-30.05
J3,1215,-29.97
J3,1216,-30.05
J3,1217,-29.97
J3,1218,-30.05
J3,1219,-30.14
J3,1220,-29.97
J3,1221,-29.97
J3,1222,-30.05
J3,1223,-30.05
J3,1224,-29.97
J3,1225,-29.97
J3,1226,-29.97
J3,1227,-29.97
J3,1228,-29.97
J3,1229,-30.14
J3,1230,-29.97
J3,1231,-30.05
J3,1232,-30.05
J3,1233,-30.05
J3,1234,-29.97
J3,1235,-30.05
J3,1236,-29.97
J3,1237,-29.97
J3,1238,-30.05
J3,1239,-30.05
J3,1240,-29.97
J3,1241,-29.88
J3,1242,-30.05
J3,1243,-30.05
J3,1244,-30.05
J3,1245,-30.05
J3,1246,-29.97
J3,1247,-29.97
J3,1248,-29.97
J3,1249,-29.97
J3,1250,-30.05
J3,1251,-29.97
J3,1252,-30.05
J3,1253,-29.97
J3,1254,-30.05
J3,1255,-30.05
J3,1256,-29.97
J3,1257,-29.97
J3,1258,-29.97
J3,1259,-29.97
J3,1260,-29.97
J3,1261,-29.97
J3,1262,-29.88
J3,1263,-29.88
J3,1264,-29.97
J3,1265,-30.05
J3,1266,-29.97
J3,1267,-29.97
J3,1268,-30.05
J3,1269,-30.05
J3,1270,-29.97
J3,1271,-29.88
J3,1272,-29.97
J3,1273,-29.97
J3,1274,-30.05
J3,1275,-29.97
J3,1276,-29.97
J3,1277,-29.97
J3,1278,-30.05
J3,1279,-29.97
J3,1280,-29.97
J3,1281,-29.97
J3,1282,-30.05
J3,1283,-30.05
J3,1284,-29.88
J3,1285,-30.05
J3,1286,-29.97
J3,1287,-29.97
J3,1288,-29.97
J3,1289,-30.05
J3,1290,-30.05
J3,1291,-29.88
J3,1292,-30.05
J3,1293,-29.97
J3,1294,-29.97
J3,1295,-30.05
J3,1296,-29.97
J3,1297,-30.05
J3,1298,-29.97
J3,1299,-29.97
J3,1300,-29.97
J3,1301,-29.97
J3,1302,-30.05
J3,1303,-29.97
J3,1304,-29.88
J3,1305,-29.97
J3,1306,-29.97
J3,1307,-30.05
J3,1308,-29.97
J3,1309,-29.97
J3,1310,-29.97
J3,1311,-29.97
J3,1312,-29.97
J3,1313,-29.97
J3,1314,-30.05
J3,1315,-29.97
J3,1316,-29.97
J3,1317,-30.05
J3,1318,-30.05
J3,1319,-30.14
J3,1320,-30.05
J3,1321,-29.97
J3,1322,-29.97
J3,1323,-30.05
J3,1324,-29.97
J3,1325,-29.97
J3,1326,-30.05
J3,1327,-29.97
J3,1328,-29.97
J3,1329,-29.97
J3,1330,-29.88
J3,1331,-29.97
J3,1332,-29.97
J3,1333,-29.97
J3,1334,-30.05
J3,1335,-30.05
J3,1336,-30.05
J3,1337,-29.97
J3,1338,-30.05
J3,1339,-29.97
J3,1340,-30.05
J3,1341,-29.97
J3,1342,-29.97
J3,1343,-29.97
J3,1344,-29.97
J3,1345,-30.05
J3,1346,-29.97
J3,1347,-29.88
J3,1348,-29.97
J3,1349,-29.97
J3,1350,-29.97
J3,1351,-29.97
J3,1352,-30.05
J3,1353,-29.97
J3,1354,-30.05
J3,1355,-30.05
J3,1356,-30.05
J3,1357,-30.05
J3,1358,-29.97
J3,1359,-30.05
J3,1360,-29.88
J3,1361,-30.05
J3,1362,-29.97
J3,1363,-29.97
J3,1364,-29.97
J3,1365,-30.05
J3,1366,-30.05
J3,1367,-29.97
J3,1368,-29.88
J3,1369,-29.97
J3,1370,-30.05
J3,1371,-29.97
J3,1372,-29.97
J3,1373,-30.05
J3,1374,-29.97
J3,1375,-29.97
J3,1376,-29.97
J3,1377,-29.97
J3,1378,-29.97
J3,1379,-29.97
J3,1380,-30.05
J3,1381,-29.97
J3,1382,-29.97
J3,1383,-29.97
J3,1384,-29.97
J3,1385,-29.97
J3,1386,-30.05
J3,1387,-29.97
J3,1388,-30.05
J3,1389,-29.97
J3,1390,-30.14
J3,1391,-29.97
J3,1392,-29.97
J3,1393,-30.05
J3,1394,-30.05
J3,1395,-29.97
J3,1396,-29.97
J3,1397,-30.05
J3,1398,-29.97
J3,1399,-29.97
J3,1400,-29.97
J3,1401,-29.97
J3,1402,-29.88
J3,1403,-29.97
J3,1404,-30.05
J3,1405,-29.88
J3,1406,-29.97
J3,1407,-30.05
J3,1408,-29.97
J3,1409,-29.97
J3,1410,-29.97
J3,1411,-29.97
J3,1412,-29.97
J3,1413,-29.97
J3,1414,-30.05
J3,1415,-30.05
J3,1416,-29.97
J3,1417,-29.97
J3,1418,-30.05
J3,1419,-29.97
J3,1420,-29.97
J3,1421,-29.88
J3,1422,-30.14
J3,1423,-29.97
J3,1424,-29.97
J3,1425,-30.05
J3,1426,-30.05
J3,1427,-30.05
J3,1428,-30.05
J3,1429,-29.97
J3,1430,-30.05
J3,1431,-30.05
J3,1432,-29.97
J3,1433,-30.05
J3,1434,-30.05
J3,1435,-30.05
J3,1436,-29.97
J3,1437,-30.05
J3,1438,-30.05
J3,1439,-29.97
J3,1440,-29.97
J3,1441,-30.14
J3,1442,-30.05
J3,1443,-30.05
J3,1444,-29.97
J3,1445,-29.97
J3,1446,-29.97
J3,1447,-29.97
J3,1448,-30.05
J3,1449,-30.05
J3,1450,-29.97
J3,1451,-30.05
J3,1452,-29.97
J3,1453,-29.97
J3,1454,-29.97
J3,1455,-30.05
J3,1456,-30.14
J3,1457,-29.97
J3,1458,-29.97
J3,1459,-29.97
J3,1460,-29.97
J3,1461,-30.05
J3,1462,-29.88
J3,1463,-30.05
J3,1464,-29.97
J3,1465,-30.05
J3,1466,-30.05
J3,1467,-30.05
J3,1468,-29.97
J3,1469,-30.05
J3,1470,-29.97
J3,1471,-29.97
J3,1472,-29.97
J3,1473,-30.05
J3,1474,-30.05
J3,1475,-30.05
J3,1476,-29.97
J3,1477,-29.97
J3,1478,-29.97
J3,1479,-29.97
J3,1480,-29.97
J3,1481,-30.05
J3,1482,-29.88
J3,1483,-30.05
J3,1484,-30.05
J3,1485,-29.97
J3,1486,-29.97
J3,1487,-30.05
J3,1488,-29.97
J3,1489,-30.05
J3,1490,-29.97
J3,1491,-29.88
J3,1492,-29.97
J3,1493,-29.97
J3,1494,-29.97
J3,1495,-30.05
J3,1496,-29.97
J3,1497,-29.97
J3,1498,-30.05
J3,1499,-29.97
J3,1500,-30.05
J3,1501,-29.97
J3,1502,-30.05
J3,1503,-29.97
J3,1504,-29.97
J3,1505,-30.05
J3,1506,-29.97
J3,1507,-29.97
J3,1508,-30.05
J3,1509,-30.05
J3,1510,-29.88
J3,1511,-29.97
J3,1512,-29.97
J3,1513,-30.05
J3,1514,-30.05
J3,1515,-30.05
J3,1516,-29.88
J3,1517,-30.14
J3,1518,-29.97
J3,1519,-29.97
J3,1520,-30.05
J3,1521,-29.97
J3,1522,-29.97
J3,1523,-30.05
J3,1524,-30.05
J3,1525,-30.05
J3,1526,-30.05
J3,1527,-30.05
J3,1528,-30.05
J3,1529,-29.97
J3,1530,-29.97
J3,1531,-30.05
J3,1532,-29.97
J3,1533,-30.05
J3,1534,-29.97
J3,1535,-30.05
J3,1536,-30.05
J3,1537,-29.97
J3,1538,-30.05
J3,1539,-29.97
J3,1540,-29.97
J3,1541,-29.88
J3,1542,-30.05
J3,1543,-29.88
J3,1544,-30.05
J3,1545,-30.05
J3,1546,-30.05
J3,1547,-29.97
J3,1548,-29.97
J3,1549,-29.97
J3,1550,-29.97
J3,1551,-29.97
J3,1552,-29.97
J3,1553,-30.05
J3,1554,-29.97
J3,1555,-29.97
J3,1556,-29.97
J3,1557,-29.97
J3,1558,-30.05
J3,1559,-30.05
J3,1560,-29.97
J3,1561,-30.05
J3,1562,-29.88
J3,1563,-29.97
J3,1564,-29.97
J3,1565,-29.97
J3,1566,-30.05
J3,1567,-30.05
J3,1568,-30.05
J3,1569,-29.88
J3,1570,-29.97
J3,1571,-29.88
J3,1572,-29.97
J3,1573,-29.97
J3,1574,-30.05
J3,1575,-29.97
J3,1576,-29.97
J3,1577,-30.05
J3,1578,-30.05
J3,1579,-29.97
J3,1580,-30.05
J3,1581,-29.97
J3,1582,-30.05
J3,1583,-29.97
J3,1584,-30.05
J3,1585,-30.14
J3,1586,-30.05
J3,1587,-29.97
J3,1588,-29.97
J3,1589,-30.05
J3,1590,-29.97
J3,1591,-30.05
J3,1592,-30.14
J3,1593,-29.97
J3,1594,-29.97
J3,1595,-30.14
J3,1596,-29.97
J3,1597,-29.88
J3,1598,-30.05
J3,1599,-30.05
J3,1600,-29.97
J3,1601,-30.05
J3,1602,-29.97
J3,1603,-29.97
J3,1604,-30.05
J3,1605,-30.05
J3,1606,-29.97
J3,1607,-30.05
J3,1608,-30.05
J3,1609,-29.97
J3,1610,-30.05
J3,1611,-30.05
J3,1612,-30.05
J3,1613,-30.05
J3,1614,-29.97
J3,1615,-30.05
J3,1616,-29.88
J3,1617,-30.05
J3,1618,-29.97
J3,1619,-30.05
J3,1620,-29.97
J3,1621,-29.88
J3,1622,-30.05
J3,1623,-29.97
J3,1624,-30.05
J3,1625,-30.05
J3,1626,-29.97
J3,1627,-29.97
J3,1628,-30.05
J3,1629,-29.97
J3,1630,-30.05
J3,1631,-30.05
J3,1632,-29.97
J3,1633,-30.05
J3,1634,-30.05
J3,1635,-30.05
J3,1636,-29.97
J3,1637,-30.05
J3,1638,-29.97
J3,1639,-30.05
J3,1640,-29.97
J3,1641,-29.88
J3,1642,-29.97
J3,1643,-30.05
J3,1644,-30.05
J3,1645,-29.88
J3,1646,-30.05
J3,1647,-29.97
J3,1648,-30.05
J3,1649,-29.97
J3,1650,-30.05
J3,1651,-29.97
J3,1652,-30.05
J3,1653,-30.05
J3,1654,-29.97
J3,1655,-30.05
J3,1656,-30.05
J3,1657,-30.05
J3,1658,-29.97
J3,1659,-30.05
J3,1660,-30.05
J3,1661,-29.88
J3,1662,-30.05
J3,1663,-30.05
J3,1664,-29.97
J3,1665,-30.05
J3,1666,-29.97
J3,1667,-29.88
J3,1668,-29.97
J3,1669,-29.97
J3,1670,-29.97
J3,1671,-29.97
J3,1672,-29.97
J3,1673,-30.05
J3,1674,-30.05
J3,1675,-30.05
J3,1676,-29.97
J3,1677,-30.14
J3,1678,-30.05
J3,1679,-30.05
J3,1680,-29.97
J3,1681,-29.97
J3,1682,-30.05
J3,1683,-30.05
J3,1684,-30.05
J3,1685,-30.05
J3,1686,-29.97
J3,1687,-29.97
J3,1688,-30.05
J3,1689,-29.97
J3,1690,-30.05
J3,1691,-29.97
J3,1692,-29.97
J3,1693,-29.97
J3,1694,-30.05
J3,1695,-29.97
J3,1696,-30.05
J3,1697,-30.05
J3,1698,-29.97
J3,1699,-29.97
J3,1700,-29.97
J3,1701,-30.05
J3,1702,-29.97
J3,1703,-30.05
J3,1704,-29.97
J3,1705,-30.05
J3,1706,-30.05
J3,1707,-30.05
J3,1708,-30.05
J3,1709,-29.97
J3,1710,-30.05
J3,1711,-30.05
J3,1712,-29.97
J3,1713,-30.05
J3,1714,-29.97
J3,1715,-30.05
J3,1716,-30.05
J3,1717,-29.97
J3,1718,-30.05
J3,1719,-30.14
J3,1720,-30.05
J3,1721,-29.97
J3,1722,-29.97
J3,1723,-30.05
J3,1724,-29.97
J3,1725,-29.97
J3,1726,-29.97
J3,1727,-30.05
J3,1728,-29.97
J3,1729,-29.97
J3,1730,-29.97
J3,1731,-29.97
J3,1732,-29.97
J3,1733,-29.97
J3,1734,-30.05
J3,1735,-30.05
J3,1736,-30.14
J3,1737,-29.88
J3,1738,-29.97
J3,1739,-30.05
J3,1740,-29.97
J3,1741,-30.05
J3,1742,-30.05
J3,1743,-29.97
J3,1744,-30.05
J3,1745,-29.97
J3,1746,-30.05
J3,1747,-30.14
J3,1748,-30.14
J3,1749,-30.14
J3,1750,-30.05
J3,1751,-29.97
J3,1752,-29.97
J3,1753,-30.05
J3,1754,-29.97
J3,1755,-30.05
J3,1756,-29.97
J3,1757,-29.97
J3,1758,-30.05
J3,1759,-30.14
J3,1760,-29.88
J3,1761,-30.14
J3,1762,-29.97
J3,1763,-30.05
J3,1764,-29.97
J3,1765,-29.97
J3,1766,-29.97
J3,1767,-29.97
J3,1768,-29.97
J3,1769,-30.05
J3,1770,-30.05
J3,1771,-30.05
J3,1772,-30.05
J3,1773,-29.97
J3,1774,-29.97
J3,1775,-30.05
J3,1776,-30.05
J3,1777,-30.05
J3,1778,-29.97
J3,1779,-30.05
J3,1780,-29.88
J3,1781,-29.97
J3,1782,-30.05
J3,1783,-29.97
J3,1784,-29.97
J3,1785,-30.05
J3,1786,-30.05
J3,1787,-29.88
J3,1788,-29.97
J3,1789,-29.97
J3,1790,-30.05
J3,1791,-29.97
J3,1792,-30.05
J3,1793,-29.97
J3,1794,-30.05
J3,1795,-29.97
J3,1796,-29.97
J3,1797,-29.97
J3,1798,-29.97
J3,1799,-30.14
J3,1800,-30.05
J3,1801,-29.97
J3,1802,-30.05
J3,1803,-29.97
J3,1804,-29.97
J3,1805,-29.97
J3,1806,-30.05
J3,1807,-29.97
J3,1808,-29.97
J3,1809,-30.05
J3,1810,-29.97
J3,1811,-29.97
J3,1812,-29.97
J3,1813,-30.05
J3,1814,-30.05
J3,1815,-29.97
J3,1816,-30.05
J3,1817,-30.05
J3,1818,-30.05
J3,1819,-29.97
J3,1820,-29.97
J3,1821,-29.97
J3,1822,-30.05
J3,1823,-30.05
J3,1824,-30.05
J3,1825,-29.97
J3,1826,-30.05
J3,1827,-29.97
J3,1828,-30.05
J3,1829,-30.05
J3,1830,-30.05
J3,1831,-29.97
J3,1832,-30.05
J3,1833,-29.97
J3,1834,-30.05
J3,1835,-30.05
J3,1836,-30.05
J3,1837,-29.97
J3,1838,-29.97
J3,1839,-29.97
J3,1840,-29.97
J3,1841,-29.97
J3,1842,-30.05
J3,1843,-30.05
J3,1844,-30.05
J3,1845,-30.05
J3,1846,-29.97
J3,1847,-29.97
J3,1848,-30.05
J3,1849,-30.05
J3,1850,-30.05
J3,1851,-30.05
J3,1852,-29.88
J3,1853,-29.88
J3,1854,-29.97
J3,1855,-29.97
J3,1856,-29.97
J3,1857,-30.05
J3,1858,-29.97
J3,1859,-30.05
J3,1860,-29.97
J3,1861,-30.05
J3,1862,-30.05
J3,1863,-30.05
J3,1864,-30.05
J3,1865,-30.05
J3,1866,-29.97
J3,1867,-29.97
J3,1868,-29.97
J3,1869,-30.05
J3,1870,-29.97
J3,1871,-30.05
J3,1872,-30.05
J3,1873,-29.97
J3,1874,-30.05
J3,1875,-29.97
J3,1876,-29.88
J3,1877,-30.05
J3,1878,-29.97
J3,1879,-29.97
J3,1880,-29.97
J3,1881,-29.97
J3,1882,-29.97
J3,1883,-29.97
J3,1884,-30.05
J3,1885,-30.05
J3,1886,-29.97
J3,1887,-30.05
J3,1888,-29.97
J3,1889,-29.97
J3,1890,-29.97
J3,1891,-30.05
J3,1892,-29.97
J3,1893,-29.97
J3,1894,-30.14
J3,1895,-30.14
J3,1896,-30.05
J3,1897,-29.97
J3,1898,-29.97
J3,1899,-29.97
J3,1900,-30.05
J3,1901,-30.05
J3,1902,-29.97
J3,1903,-30.05
J3,1904,-29.88
J3,1905,-29.97
J3,1906,-29.97
J3,1907,-29.88
J3,1908,-30.05
J3,1909,-29.97
J3,1910,-29.97
J3,1911,-30.05
J3,1912,-29.97
J3,1913,-30.05
J3,1914,-30.05
J3,1915,-30.05
J3,1916,-30.05
J3,1917,-30.05
J3,1918,-29.97
J3,1919,-29.97
J3,1920,-29.97
J3,1921,-30.05
J3,1922,-29.97
J3,1923,-30.05
J3,1924,-30.14
J3,1925,-29.97
J3,1926,-29.97
J3,1927,-30.05
J3,1928,-29.88
J3,1929,-30.05
J3,1930,-29.97
J3,1931,-29.97
J3,1932,-30.05
J3,1933,-30.05
J3,1934,-30.05
J3,1935,-30.05
J3,1936,-29.97
J3,1937,-30.05
J3,1938,-30.05
J3,1939,-30.05
J3,1940,-29.97
J3,1941,-30.05
J3,1942,-30.05
J3,1943,-30.05
J3,1944,-29.97
J3,1945,-29.97
J3,1946,-29.97
J3,1947,-29.97
J3,1948,-30.05
J3,1949,-29.97
J3,1950,-30.05
J3,1951,-29.97
J3,1952,-29.97
J3,1953,-29.97
J3,1954,-30.05
J3,1955,-29.97
J3,1956,-29.97
J3,1957,-30.05
J3,1958,-29.97
J3,1959,-30.05
J3,1960,-30.05
J3,1961,-30.05
J3,1962,-29.97
J3,1963,-29.97
J3,1964,-30.05
J3,1965,-29.97
J3,1966,-29.97
J3,1967,-30.05
J3,1968,-30.05
J3,1969,-29.97
J3,1970,-29.88
J3,1971,-29.97
J3,1972,-29.97
J3,1973,-29.97
J3,1974,-30.05
J3,1975,-30.05
J3,1976,-30.05
J3,1977,-30.14
J3,1978,-29.97
J3,1979,-30.05
J3,1980,-30.05
J3,1981,-30.05
J3,1982,-29.97
J3,1983,-29.97
J3,1984,-30.14
J3,1985,-29.97
J3,1986,-30.14
J3,1987,-29.97
J3,1988,-29.97
J3,1989,-29.97
J3,1990,-30.05
J3,1991,-29.97
J3,1992,-30.05
J3,1993,-29.97
J3,1994,-29.97
J3,1995,-30.05
J3,1996,-29.97
J3,1997,-30.05
J3,1998,-29.97
J3,1999,-30.05
J3,2000,-30.05
J3,2001,-30.05
J3,2002,-29.97
J3,2003,-30.05
J3,2004,-29.97
J3,2005,-30.14
J3,2006,-29.97
J3,2007,-29.97
J3,2008,-30.05
J3,2009,-29.97
J3,2010,-29.97
J3,2011,-30.05
J3,2012,-30.05
J3,2013,-29.97
J3,2014,-29.97
J3,2015,-29.97
J3,2016,-29.97
J3,2017,-29.88
J3,2018,-30.05
J3,2019,-30.05
J3,2020,-30.05
J3,2021,-29.97
J3,2022,-30.05
J3,2023,-30.05
J3,2024,-30.05
J3,2025,-29.97
J3,2026,-29.97
J3,2027,-30.05
J3,2028,-30.05
J3,2029,-29.88
J3,2030,-29.97
J3,2031,-29.97
J3,2032,-30.05
J3,2033,-29.97
J3,2034,-30.05
J3,2035,-29.97
J3,2036,-30.05
J3,2037,-29.97
J3,2038,-30.05
J3,2039,-29.97
J3,2040,-29.97
J3,2041,-30.05
J3,2042,-29.97
J3,2043,-30.05
J3,2044,-29.88
J3,2045,-30.05
J3,2046,-29.97
J3,2047,-29.88
J3,2048,-29.97
J3,2049,-29.97
J3,2050,-30.05
J3,2051,-29.97
J3,2052,-29.97
J3,2053,-29.97
J3,2054,-29.97
J3,2055,-29.97
J3,2056,-29.97
J3,2057,-29.97
J3,2058,-29.97
J3,2059,-29.97
J3,2060,-29.88
J3,2061,-29.97
J3,2062,-29.97
J3,2063,-29.97
J3,2064,-30.14
J3,2065,-29.97
J3,2066,-30.05
J3,2067,-29.97
J3,2068,-29.97
J3,2069,-30.05
J3,2070,-30.05
J3,2071,-29.97
J3,2072,-29.97
J3,2073,-29.97
J3,2074,-29.97
J3,2075,-30.05
J3,2076,-30.05
J3,2077,-29.88
J3,2078,-29.97
J3,2079,-30.14
J3,2080,-30.05
J3,2081,-30.05
J3,2082,-29.97
J3,2083,-29.97
J3,2084,-29.97
J3,2085,-30.05
J3,2086,-29.97
J3,2087,-29.97
J3,2088,-29.97
J3,2089,-30.05
J3,2090,-29.97
J3,2091,-30.05
J3,2092,-29.97
J3,2093,-30.05
J3,2094,-29.88
J3,2095,-30.05
J3,2096,-29.97
J3,2097,-29.97
J3,2098,-29.97
J3,2099,-30.14
J3,2100,-29.97
J3,2101,-30.05
J3,2102,-29.97
J3,2103,-30.14
J3,2104,-30.05
J3,2105,-29.97
J3,2106,-30.05
J3,2107,-29.97
J3,2108,-30.05
J3,2109,-30.05
J3,2110,-30.05
J3,2111,-30.14
J3,2112,-29.97
J3,2113,-30.05
J3,2114,-29.97
J3,2115,-29.97
J3,2116,-29.97
J3,2117,-30.05
J3,2118,-30.05
J3,2119,-29.97
J3,2120,-30.05
J3,2121,-29.97
J3,2122,-29.97
J3,2123,-29.97
J3,2124,-30.05
J3,2125,-29.97
J3,2126,-30.05
J3,2127,-30.05
J3,2128,-29.97
J3,2129,-30.14
J3,2130,-29.97
J3,2131,-30.05
J3,2132,-29.97
J3,2133,-30.05
J3,2134,-30.05
J3,2135,-30.05
J3,2136,-29.97
J3,2137,-30.05
J3,2138,-29.97
J3,2139,-29.97
J3,2140,-30.05
J3,2141,-30.05
J3,2142,-29.97
J3,2143,-29.97
J3,2144,-30.05
J3,2145,-30.05
J3,2146,-30.05
J3,2147,-29.97
J3,2148,-29.97
J3,2149,-29.97
J3,2150,-30.05
J3,2151,-30.05
J3,2152,-30.05
J3,2153,-29.97
J3,2154,-29.97
J3,2155,-29.97
J3,2156,-29.97
J3,2157,-29.97
J3,2158,-29.97
J3,2159,-29.88
J3,2160,-29.97
J3,2161,-29.97
J3,2162,-30.05
J3,2163,-30.05
J3,2164,-29.97
J3,2165,-29.97
J3,2166,-30.05
J3,2167,-30.14
J3,2168,-29.97
J3,2169,-29.97
J3,2170,-29.97
J3,2171,-30.05
J3,2172,-29.97
J3,2173,-30.05
J3,2174,-29.97
J3,2175,-29.97
J3,2176,-29.97
J3,2177,-29.97
J3,2178,-30.05
J3,2179,-29.97
J3,2180,-29.97
J3,2181,-29.97
J3,2182,-29.97
J3,2183,-30.05
J3,2184,-30.05
J3,2185,-29.97
J3,2186,-29.97
J3,2187,-29.97
J3,2188,-30.05
J3,2189,-30.05
J3,2190,-29.97
J3,2191,-29.88
J3,2192,-30.05
J3,2193,-29.88
J3,2194,-30.05
J3,2195,-30.05
J3,2196,-29.88
J3,2197,-30.05
J3,2198,-30.14
J3,2199,-29.97
J3,2200,-29.97
J3,2201,-30.05
J3,2202,-30.14
J3,2203,-29.97
J3,2204,-30.05
J3,2205,-30.05
J3,2206,-29.97
J3,2207,-30.05
J3,2208,-29.97
J3,2209,-30.14
J3,2210,-30.05
J3,2211,-29.97
J3,2212,-30.05
J3,2213,-29.97
J3,2214,-29.97
J3,2215,-30.05
J3,2216,-29.97
J3,2217,-29.88
J3,2218,-29.97
J3,2219,-30.05
J3,2220,-29.97
J3,2221,-30.05
J3,2222,-30.05
J3,2223,-30.05
J3,2224,-30.05
J3,2225,-30.05
J3,2226,-29.97
J3,2227,-29.97
J3,2228,-29.97
J3,2229,-30.05
J3,2230,-29.97
J3,2231,-30.14
J3,2232,-30.05
J3,2233,-30.05
J3,2234,-30.14
J3,2235,-30.05
J3,2236,-29.97
J3,2237,-30.05
J3,2238,-29.97
J3,2239,-29.97
J3,2240,-30.05
J3,2241,-29.97
J3,2242,-30.14
J3,2243,-30.05
J3,2244,-30.05
J3,2245,-29.97
J3,2246,-30.05
J3,2247,-29.97
J3,2248,-29.97
J3,2249,-29.97
J3,2250,-30.05
J3,2251,-30.05
J3,2252,-30.05
J3,2253,-30.05
J3,2254,-30.05
J3,2255,-29.97
J3,2256,-30.05
J3,2257,-30.05
J3,2258,-29.97
J3,2259,-29.97
J3,2260,-29.97
J3,2261,-29.97
J3,2262,-29.88
J3,2263,-30.05
J3,2264,-30.05
J3,2265,-29.97
J3,2266,-29.97
J3,2267,-30.05
J3,2268,-29.97
J3,2269,-29.97
J3,2270,-30.05
J3,2271,-30.05
J3,2272,-30.05
J3,2273,-29.97
J3,2274,-29.97
J3,2275,-29.97
J3,2276,-30.05
J3,2277,-30.05
J3,2278,-29.97
J3,2279,-30.14
J3,2280,-29.97
J3,2281,-29.97
J3,2282,-29.88
J3,2283,-30.05
J3,2284,-29.97
J3,2285,-30.05
J3,2286,-30.05
J3,2287,-29.97
J3,2288,-30.05
J3,2289,-29.97
J3,2290,-30.05
J3,2291,-30.05
J3,2292,-30.05
J3,2293,-30.05
J3,2294,-30.05
J3,2295,-30.14
J3,2296,-30.05
J3,2297,-30.05
J3,2298,-29.97
J3,2299,-29.97
J3,2300,-30.05
J3,2301,-29.97
J3,2302,-29.97
J3,2303,-30.05
J3,2304,-29.97
J3,2305,-29.97
J3,2306,-29.97
J3,2307,-29.97
J3,2308,-30.05
J3,2309,-29.97
J3,2310,-29.97
J3,2311,-29.97
J3,2312,-30.05
J3,2313,-30.05
J3,2314,-30.05
J3,2315,-30.05
J3,2316,-29.97
J3,2317,-29.88
J3,2318,-30.14
J3,2319,-30.05
J3,2320,-29.97
J3,2321,-29.97
J3,2322,-30.05
J3,2323,-30.05
J3,2324,-29.97
J3,2325,-30.05
J3,2326,-29.97
J3,2327,-30.05
J3,2328,-29.97
J3,2329,-30.05
J3,2330,-30.05
J3,2331,-29.97
J3,2332,-29.97
J3,2333,-30.05
J3,2334,-29.97
J3,2335,-30.05
J3,2336,-29.97
J3,2337,-29.97
J3,2338,-30.14
J3,2339,-29.97
J3,2340,-29.97
J3,2341,-30.05
J3,2342,-29.97
J3,2343,-30.05
J3,2344,-29.97
J3,2345,-30.05
J3,2346,-30.05
J3,2347,-29.97
J3,2348,-29.97
J3,2349,-29.97
J3,2350,-29.97
J3,2351,-30.14
J3,2352,-30.05
J3,2353,-29.97
J3,2354,-29.97
J3,2355,-30.05
J3,2356,-29.97
J3,2357,-29.97
J3,2358,-30.05
J3,2359,-30.05
J3,2360,-29.97
J3,2361,-29.97
J3,2362,-30.05
J3,2363,-29.97
J3,2364,-29.97
J3,2365,-30.05
J3,2366,-30.05
J3,2367,-29.97
J3,2368,-30.05
J3,2369,-29.97
J3,2370,-30.05
J3,2371,-29.97
J3,2372,-29.97
J3,2373,-30.05
J3,2374,-29.88
J3,2375,-30.05
J3,2376,-29.97
J3,2377,-30.05
J3,2378,-29.97
J3,2379,-29.97
J3,2380,-29.97
J3,2381,-29.97
J3,2382,-29.97
J3,2383,-29.97
J3,2384,-30.05
J3,2385,-30.14
J3,2386,-30.14
J3,2387,-29.97
J3,2388,-30.05
J3,2389,-29.97
J3,2390,-29.97
J3,2391,-29.97
J3,2392,-30.14
J3,2393,-29.97
J3,2394,-30.05
J3,2395,-29.97
J3,2396,-29.97
J3,2397,-30.05
J3,2398,-29.97
J3,2399,-29.97
J3,2400,-30.05
J3,2401,-30.05
J3,2402,-30.05
J3,2403,-30.05
J3,2404,-29.97
J3,2405,-29.97
J3,2406,-29.97
J3,2407,-30.05
J3,2408,-29.97
J3,2409,-30.05
J3,2410,-30.05
J3,2411,-29.97
J3,2412,-29.97
J3,2413,-30.14
J3,2414,-30.05
J3,2415,-30.05
J3,2416,-29.97
J3,2417,-29.97
J3,2418,-29.97
J3,2419,-30.05
J3,2420,-30.05
J3,2421,-30.05
J3,2422,-30.05
J3,2423,-29.88
J3,2424,-30.05
J3,2425,-29.97
J3,2426,-29.97
J3,2427,-30.05
J3,2428,-29.97
J3,2429,-30.05
J3,2430,-30.05
J3,2431,-29.97
J3,2432,-29.97
J3,2433,-29.97
J3,2434,-29.88
J3,2435,-30.05
J3,2436,-29.97
J3,2437,-30.05
J3,2438,-29.88
J3,2439,-29.97
J3,2440,-29.97
J3,2441,-29.97
J3,2442,-29.97
J3,2443,-30.05
J3,2444,-29.97
J3,2445,-30.14
J3,2446,-29.97
J3,2447,-29.97
J3,2448,-29.97
J3,2449,-30.05
J3,2450,-30.05
J3,2451,-29.97
J3,2452,-30.05
J3,2453,-29.97
J3,2454,-30.05
J3,2455,-30.05
J3,2456,-29.88
J3,2457,-30.05
J3,2458,-29.97
J3,2459,-30.05
J3,2460,-30.05
J3,2461,-30.05
J3,2462,-30.05
J3,2463,-30.05
J3,2464,-29.97
J3,2465,-29.97
J3,2466,-30.05
J3,2467,-29.97
J3,2468,-30.05
J3,2469,-29.97
J3,2470,-30.05
J3,2471,-30.05
J3,2472,-30.05
J3,2473,-29.97
J3,2474,-30.05
J3,2475,-30.05
J3,2476,-29.97
J3,2477,-29.88
J3,2478,-30.05
J3,2479,-30.05
J3,2480,-30.14
J3,2481,-29.97
J3,2482,-29.97
J3,2483,-29.97
J3,2484,-30.05
J3,2485,-30.05
J3,2486,-30.05
J3,2487,-29.97
J3,2488,-29.97
J3,2489,-30.05
J3,2490,-29.88
J3,2491,-30.05
J3,2492,-30.05
J3,2493,-29.97
J3,2494,-29.88
J3,2495,-29.97
J3,2496,-30.14
J3,2497,-30.05
J3,2498,-29.97
J3,2499,-29.97
J3,2500,-29.97
J3,2501,-29.97
J3,2502,-30.05
J3,2503,-30.05
J3,2504,-29.88
J3,2505,-29.97
J3,2506,-29.97
J3,2507,-29.97
J3,2508,-29.97
J3,2509,-30.05
J3,2510,-30.05
J3,2511,-30.05
J3,2512,-30.05
J3,2513,-29.97
J3,2514,-30.05
J3,2515,-29.97
J3,2516,-29.97
J3,2517,-29.97
J3,2518,-29.97
J3,2519,-29.97
J3,2520,-29.97
J3,2521,-30.05
J3,2522,-29.97
J3,2523,-29.97
J3,2524,-29.97
J3,2525,-29.97
J3,2526,-29.88
J3,2527,-30.05
J3,2528,-30.05
J3,2529,-29.97
J3,2530,-29.97
J3,2531,-29.97
J3,2532,-30.05
J3,2533,-29.97
J3,2534,-29.97
J3,2535,-29.97
J3,2536,-30.05
J3,2537,-30.05
J3,2538,-29.97
J3,2539,-29.97
J3,2540,-29.97
J3,2541,-30.05
J3,2542,-30.05
J3,2543,-29.97
J3,2544,-30.05
J3,2545,-29.97
J3,2546,-29.97
J3,2547,-29.97
J3,2548,-30.05
J3,2549,-29.97
J3,2550,-29.97
J3,2551,-29.97
J3,2552,-30.05
J3,2553,-29.97
J3,2554,-30.05
J3,2555,-30.05
J3,2556,-29.97
J3,2557,-29.97
J3,2558,-29.97
J3,2559,-30.14
J3,2560,-29.97
J3,2561,-29.97
J3,2562,-30.05
J3,2563,-30.05
J3,2564,-29.97
J3,2565,-30.05
J3,2566,-29.97
J3,2567,-29.97
J3,2568,-29.97
J3,2569,-30.05
J3,2570,-29.97
J3,2571,-30.05
J3,2572,-30.05
J3,2573,-29.97
J3,2574,-29.97
J3,2575,-30.05
J3,2576,-29.97
J3,2577,-30.14
J3,2578,-30.05
J3,2579,-30.05
J3,2580,-29.97
J3,2581,-29.97
J3,2582,-30.05
J3,2583,-29.97
J3,2584,-29.97
J3,2585,-30.05
J3,2586,-29.97
J3,2587,-29.97
J3,2588,-30.05
J3,2589,-29.97
J3,2590,-29.97
J3,2591,-29.97
J3,2592,-29.97
J3,2593,-30.05
J3,2594,-29.97
J3,2595,-30.05
J3,2596,-29.97
J3,2597,-29.97
J3,2598,-30.05
J3,2599,-30.05
J3,2600,-29.97
J3,2601,-29.97
J3,2602,-29.97
J3,2603,-29.97
J3,2604,-30.05
J3,2605,-30.14
J3,2606,-29.97
J3,2607,-30.14
J3,2608,-29.97
J3,2609,-29.97
J3,2610,-29.97
J3,2611,-30.05
J3,2612,-29.97
J3,2613,-30.05
J3,2614,-29.97
J3,2615,-30.05
J3,2616,-30.05
J3,2617,-29.97
J3,2618,-29.97
J3,2619,-29.97
J3,2620,-29.97
J3,2621,-30.05
J3,2622,-30.14
J3,2623,-29.97
J3,2624,-29.97
J3,2625,-29.97
J3,2626,-30.05
J3,2627,-30.05
J3,2628,-29.97
J3,2629,-29.97
J3,2630,-30.14
J3,2631,-29.97
J3,2632,-30.05
J3,2633,-30.14
J3,2634,-30.05
J3,2635,-30.05
J3,2636,-29.97
J3,2637,-30.05
J3,2638,-29.97
J3,2639,-29.97
J3,2640,-30.05
J3,2641,-29.97
J3,2642,-29.97
J3,2643,-30.05
J3,2644,-29.97
J3,2645,-29.97
J3,2646,-29.97
J3,2647,-29.97
J3,2648,-30.05
J3,2649,-30.05
J3,2650,-29.97
J3,2651,-29.97
J3,2652,-30.05
J3,2653,-29.88
J3,2654,-29.97
J3,2655,-29.97
J3,2656,-29.97
J3,2657,-30.05
J3,2658,-30.14
J3,2659,-29.97
J3,2660,-29.97
J3,2661,-30.05
J3,2662,-30.05
J3,2663,-29.97
J3,2664,-30.05
J3,2665,-30.05
J3,2666,-30.05
J3,2667,-29.97
J3,2668,-29.97
J3,2669,-29.97
J3,2670,-29.97
J3,2671,-29.97
J3,2672,-29.97
J3,2673,-29.97
J3,2674,-30.05
J3,2675,-29.97
J3,2676,-30.05
J3,2677,-30.05
J3,2678,-29.97
J3,2679,-29.97
J3,2680,-30.05
J3,2681,-29.97
J3,2682,-30.05
J3,2683,-30.05
J3,2684,-30.05
J3,2685,-29.97
J3,2686,-30.05
J3,2687,-30.05
J3,2688,-30.05
J3,2689,-30.05
J3,2690,-30.05
J3,2691,-29.97
J3,2692,-30.05
J3,2693,-29.97
J3,2694,-29.88
J3,2695,-29.97
J3,2696,-29.97
J3,2697,-30.05
J3,2698,-30.05
J3,2699,-29.97
J3,2700,-29.97
J3,2701,-30.05
J3,2702,-30.05
J3,2703,-29.97
J3,2704,-29.97
J3,2705,-30.05
J3,2706,-30.05
J3,2707,-29.97
J3,2708,-30.05
J3,2709,-30.05
J3,2710,-30.05
J3,2711,-29.97
J3,2712,-29.97
J3,2713,-30.05
J3,2714,-29.97
J3,2715,-29.97
J3,2716,-30.05
J3,2717,-29.97
J3,2718,-29.97
J3,2719,-30.05
J3,2720,-29.97
J3,2721,-29.97
J3,2722,-30.14
J3,2723,-30.05
J3,2724,-29.97
J3,2725,-30.05
J3,2726,-30.05
J3,2727,-29.97
J3,2728,-30.05
J3,2729,-29.97
J3,2730,-30.05
J3,2731,-30.05
J3,2732,-29.97
J3,2733,-30.05
J3,2734,-29.97
J3,2735,-29.97
J3,2736,-30.05
J3,2737,-30.05
J3,2738,-30.05
J3,2739,-30.05
J3,2740,-29.97
J3,2741,-29.97
J3,2742,-30.05
J3,2743,-29.88
J3,2744,-29.97
J3,2745,-30.05
J3,2746,-30.05
J3,2747,-29.97
J3,2748,-29.97
J3,2749,-30.05
J3,2750,-30.05
J3,2751,-29.97
J3,2752,-30.05
J3,2753,-29.97
J3,2754,-29.97
J3,2755,-30.05
J3,2756,-29.97
J3,2757,-29.97
J3,2758,-29.97
J3,2759,-29.97
J3,2760,-29.97
J3,2761,-30.05
J3,2762,-30.05
J3,2763,-30.05
J3,2764,-30.05
J3,2765,-30.05
J3,2766,-29.97
J3,2767,-30.05
J3,2768,-30.05
J3,2769,-30.05
J3,2770,-29.97
J3,2771,-30.05
J3,2772,-29.97
J3,2773,-29.88
J3,2774,-29.97
J3,2775,-30.05
J3,2776,-30.05
J3,2777,-29.88
J3,2778,-30.05
J3,2779,-29.97
J3,2780,-29.97
J3,2781,-30.05
J3,2782,-29.97
J3,2783,-29.97
J3,2784,-29.97
J3,2785,-29.97
J3,2786,-29.97
J3,2787,-29.97
J3,2788,-29.97
J3,2789,-29.88
J3,2790,-29.97
J3,2791,-29.97
J3,2792,-29.97
J3,2793,-30.05
J3,2794,-29.97
J3,2795,-30.05
J3,2796,-29.97
J3,2797,-29.97
J3,2798,-30.05
J3,2799,-29.97
J3,2800,-29.97
J3,2801,-30.05
J3,2802,-29.97
J3,2803,-29.97
J3,2804,-30.14
J3,2805,-30.05
J3,2806,-29.88
J3,2807,-29.97
J3,2808,-30.05
J3,2809,-29.97
J3,2810,-30.05
J3,2811,-29.97
J3,2812,-30.05
J3,2813,-29.97
J3,2814,-29.97
J3,2815,-30.05
J3,2816,-30.05
J3,2817,-29.97
J3,2818,-29.97
J3,2819,-30.05
J3,2820,-30.14
J3,2821,-30.05
J3,2822,-29.97
J3,2823,-29.97
J3,2824,-29.97
J3,2825,-29.97
J3,2826,-29.97
J3,2827,-29.97
J3,2828,-30.05
J3,2829,-30.14
J3,2830,-29.97
J3,2831,-29.97
J3,2832,-29.97
J3,2833,-30.05
J3,2834,-29.97
J3,2835,-29.97
J3,2836,-30.14
J3,2837,-30.05
J3,2838,-30.05
J3,2839,-29.97
J3,2840,-30.05
J3,2841,-29.97
J3,2842,-30.05
J3,2843,-29.97
J3,2844,-30.05
J3,2845,-29.97
J3,2846,-30.05
J3,2847,-29.97
J3,2848,-29.97
J3,2849,-29.97
J3,2850,-30.05
J3,2851,-29.97
J3,2852,-29.97
J3,2853,-29.97
J3,2854,-30.05
J3,2855,-30.05
J3,2856,-30.05
J3,2857,-30.05
J3,2858,-29.97
J3,2859,-30.05
J3,2860,-30.05
J3,2861,-29.97
J3,2862,-29.97
J3,2863,-29.97
J3,2864,-29.88
J3,2865,-30.05
J3,2866,-30.05
J3,2867,-29.97
J3,2868,-30.05
J3,2869,-29.97
J3,2870,-29.97
J3,2871,-30.05
J3,2872,-29.97
J3,2873,-29.97
J3,2874,-30.05
J3,2875,-30.05
J3,2876,-30.05
J3,2877,-29.97
J3,2878,-29.97
J3,2879,-29.97
J3,2880,-29.97
J3,2881,-30.05
J3,2882,-30.05
J3,2883,-29.88
J3,2884,-30.14
J3,2885,-30.14
J3,2886,-30.05
J3,2887,-30.14
J3,2888,-30.05
J3,2889,-29.97
J3,2890,-29.97
J3,2891,-29.97
J3,2892,-29.97
J3,2893,-29.97
J3,2894,-29.97
J3,2895,-29.97
J3,2896,-30.05
J3,2897,-30.05
J3,2898,-29.97
J3,2899,-29.88
J3,2900,-29.88
J3,2901,-30.14
J3,2902,-29.88
J3,2903,-30.05
J3,2904,-30.05
J3,2905,-30.05
J3,2906,-30.05
J3,2907,-30.05
J3,2908,-30.14
J3,2909,-29.97
J3,2910,-29.97
J3,2911,-29.97
J3,2912,-30.05
J3,2913,-29.97
J3,2914,-30.05
J3,2915,-29.97
J3,2916,-29.97
J3,2917,-29.97
J3,2918,-29.97
J3,2919,-29.97
J3,2920,-29.97
J3,2921,-30.05
J3,2922,-29.88
J3,2923,-30.05
J3,2924,-30.05
J3,2925,-29.97
J3,2926,-29.88
J3,2927,-29.97
J3,2928,-30.05
J3,2929,-29.97
J3,2930,-30.14
J3,2931,-29.88
J3,2932,-29.88
J3,2933,-30.05
J3,2934,-29.97
J3,2935,-30.05
J3,2936,-29.97
J3,2937,-30.05
J3,2938,-29.97
J3,2939,-30.05
J3,2940,-30.05
J3,2941,-30.05
J3,2942,-30.05
J3,2943,-29.97
J3,2944,-30.05
J3,2945,-29.97
J3,2946,-30.14
J3,2947,-30.05
J3,2948,-29.97
J3,2949,-30.14
J3,2950,-30.05
J3,2951,-30.05
J3,2952,-29.97
J3,2953,-29.97
J3,2954,-29.97
J3,2955,-29.97
J3,2956,-30.05
J3,2957,-29.97
J3,2958,-29.97
J3,2959,-30.05
J3,2960,-30.05
J3,2961,-29.97
J3,2962,-30.05
J3,2963,-30.05
J3,2964,-29.97
J3,2965,-29.97
J3,2966,-29.88
J3,2967,-30.05
J3,2968,-29.97
J3,2969,-30.14
J3,2970,-30.05
J3,2971,-30.05
J3,2972,-29.97
J3,2973,-30.05
J3,2974,-29.97
J3,2975,-29.97
J3,2976,-30.05
J3,2977,-29.97
J3,2978,-29.88
J3,2979,-30.05
J3,2980,-30.05
J3,2981,-30.05
J3,2982,-29.97
J3,2983,-30.05
J3,2984,-30.05
J3,2985,-29.97
J3,2986,-30.05
J3,2987,-29.97
J3,2988,-30.05
J3,2989,-29.97
J3,2990,-29.97
J3,2991,-30.05
J3,2992,-30.05
J3,2993,-30.05
J3,2994,-30.05
J3,2995,-30.05
J3,2996,-30.14
J3,2997,-29.97
J3,2998,-29.97
J3,2999,-30.05
J3,3000,-30.05
J4,1,-0.06
J4,2,-0.06
J4,3,-0.06
J4,4,-0.06
J4,5,0.03
J4,6,0.03
J4,7,0.03
J4,8,0.03
J4,9,-0.06
J4,10,0.03
J4,11,-0.06
J4,12,0.03
J4,13,0.03
J4,14,0.03
J4,15,-0.06
J4,16,0.03
J4,17,-0.06
J4,18,0.03
J4,19,0.03
J4,20,0.03
J4,21,-0.06
J4,22,-0.06
J4,23,-0.06
J4,24,0.03
J4,25,-0.06
J4,26,-0.06
J4,27,0.03
J4,28,0.03
J4,29,0.03
J4,30,0.03
J4,31,-0.06
J4,32,-0.06
J4,33,0.03
J4,34,0.03
J4,35,0.03
J4,36,-0.06
J4,37,0.03
J4,38,0.03
J4,39,0.03
J4,40,-0.06
J4,41,-0.06
J4,42,0.03
J4,43,0.03
J4,44,-0.06
J4,45,-0.06
J4,46,-0.06
J4,47,0.03
J4,48,-0.06
J4,49,0.03
J4,50,0.03
J4,51,0.03
J4,52,0.03
J4,53,0.03
J4,54,-0.06
J4,55,0.03
J4,56,0.03
J4,57,0.03
J4,58,0.03
J4,59,0.03
J4,60,0.03
J4,61,-0.06
J4,62,0.03
J4,63,-0.06
J4,64,-0.06
J4,65,-0.06
J4,66,-0.06
J4,67,0.03
J4,68,-0.06
J4,69,0.03
J4,70,0.03
J4,71,-0.06
J4,72,-0.06
J4,73,-0.06
J4,74,0.03
J4,75,-0.06
J4,76,-0.06
J4,77,0.03
J4,78,-0.06
J4,79,-0.06
J4,80,-0.06
J4,81,0.03
J4,82,0.03
J4,83,0.03
J4,84,-0.06
J4,85,0.03
J4,86,0.03
J4,87,0.03
J4,88,0.03
J4,89,0.03
J4,90,0.03
J4,91,-0.06
J4,92,0.03
J4,93,0.03
J4,94,0.03
J4,95,-0.06
J4,96,-0.06
J4,97,0.03
J4,98,0.03
J4,99,0.03
J4,100,0.03
J4,101,0.03
J4,102,0.03
J4,103,0.03
J4,104,0.03
J4,105,0.03
J4,106,0.03
J4,107,0.03
J4,108,-0.06
J4,109,-0.06
J4,110,-0.06
J4,111,-0.06
J4,112,-0.06
J4,113,0.03
J4,114,0.03
J4,115,-0.06
J4,116,0.03
J4,117,0.03
J4,118,0.03
J4,119,0.03
J4,120,-0.06
J4,121,-0.06
J4,122,0.03
J4,123,0.03
J4,124,0.12
J4,125,0.03
J4,126,-0.06
J4,127,-0.06
J4,128,0.03
J4,129,-0.06
J4,130,0.03
J4,131,0.03
J4,132,0.03
J4,133,-0.06
J4,134,0.03
J4,135,0.03
J4,136,0.03
J4,137,0.03
J4,138,-0.06
J4,139,0.03
J4,140,0.03
J4,141,0.03
J4,142,0.03
J4,143,0.03
J4,144,0.03
J4,145,0.03
J4,146,0.03
J4,147,-0.06
J4,148,0.03
J4,149,0.03
J4,150,0.03
J4,151,0.03
J4,152,0.03
J4,153,0.03
J4,154,0.03
J4,155,0.03
J4,156,-0.06
J4,157,0.03
J4,158,-0.06
J4,159,0.03
J4,160,-0.06
J4,161,-0.06
J4,162,0.03
J4,163,0.03
J4,164,-0.06
J4,165,0.12
J4,166,0.03
J4,167,0.03
J4,168,0.03
J4,169,0.03
J4,170,0.12
J4,171,0.03
J4,172,0.03
J4,173,0.03
J4,174,0.03
J4,175,0.03
J4,176,-0.06
J4,177,-0.06
J4,178,-0.06
J4,179,-0.06
J4,180,0.03
J4,181,0.03
J4,182,0.03
J4,183,-0.06
J4,184,0.03
J4,185,0.03
J4,186,-0.06
J4,187,0.03
J4,188,0.03
J4,189,0.03
J4,190,0.03
J4,191,-0.06
J4,192,-0.06
J4,193,0.03
J4,194,-0.06
J4,195,0.03
J4,196,0.03
J4,197,0.03
J4,198,0.03
J4,199,0.03
J4,200,0.03
J4,201,0.03
J4,202,-0.06
J4,203,0.03
J4,204,-0.06
J4,205,0.03
J4,206,0.03
J4,207,0.03
J4,208,0.03
J4,209,-0.06
J4,210,0.03
J4,211,-0.06
J4,212,0.03
J4,213,0.03
J4,214,-0.15
J4,215,-0.06
J4,216,0.03
J4,217,-0.06
J4,218,0.03
J4,219,-0.06
J4,220,0.03
J4,221,0.12
J4,222,0.03
J4,223,0.03
J4,224,0.03
J4,225,0.03
J4,226,0.03
J4,227,0.03
J4,228,-0.06
J4,229,0.03
J4,230,-0.06
J4,231,0.03
J4,232,0.03
J4,233,0.03
J4,234,0.03
J4,235,0.03
J4,236,-0.06
J4,237,0.03
J4,238,-0.06
J4,239,0.03
J4,240,-0.06
J4,241,0.03
J4,242,-0.06
J4,243,0.03
J4,244,0.03
J4,245,0.03
J4,246,0.03
J4,247,-0.06
J4,248,-0.06
J4,249,-0.06
J4,250,-0.06
J4,251,0.03
J4,252,0.03
J4,253,0.03
J4,254,0.03
J4,255,0.03
J4,256,0.12
J4,257,0.03
J4,258,0.03
J4,259,-0.06
J4,260,0.03
J4,261,0.03
J4,262,0.03
J4,263,0.03
J4,264,-0.06
J4,265,0.03
J4,266,0.03
J4,267,0.03
J4,268,0.03
J4,269,-0.06
J4,270,-0.06
J4,271,0.03
J4,272,-0.06
J4,273,0.03
J4,274,0.03
J4,275,0.03
J4,276,-0.06
J4,277,0.03
J4,278,0.03
J4,279,-0.06
J4,280,0.03
J4,281,0.03
J4,282,0.03
J4,283,0.03
J4,284,-0.06
J4,285,0.03
J4,286,0.03
J4,287,0.03
J4,288,0.03
J4,289,-0.06
J4,290,0.03
J4,291,0.03
J4,292,0.12
J4,293,0.03
J4,294,0.03
J4,295,0.03
J4,296,0.03
J4,297,-0.06
J4,298,0.03
J4,299,0.03
J4,300,0.03
J4,301,-0.06
J4,302,0.03
J4,303,-0.06
J4,304,0.03
J4,305,0.03
J4,306,-0.06
J4,307,0.03
J4,308,0.03
J4,309,0.03
J4,310,-0.06
J4,311,0.03
J4,312,0.03
J4,313,-0.06
J4,314,0.03
J4,315,0.03
J4,316,0.03
J4,317,-0.06
J4,318,0.03
J4,319,0.03
J4,320,0.12
J4,321,0.03
J4,322,0.03
J4,323,0.03
J4,324,0.03
J4,325,-0.06
J4,326,0.03
J4,327,0.03
J4,328,0.03
J4,329,0.03
J4,330,0.03
J4,331,0.03
J4,332,0.03
J4,333,0.03
J4,334,0.03
J4,335,0.03
J4,336,0.03
J4,337,0.03
J4,338,0.12
J4,339,0.03
J4,340,0.03
J4,341,-0.06
J4,342,0.03
J4,343,0.03
J4,344,0.03
J4,345,0.03
J4,346,0.03
J4,347,0.03
J4,348,0.03
J4,349,-0.06
J4,350,0.03
J4,351,0.03
J4,352,-0.06
J4,353,0.03
J4,354,-0.06
J4,355,-0.06
J4,356,-0.06
J4,357,-0.06
J4,358,0.03
J4,359,-0.06
J4,360,0.03
J4,361,0.03
J4,362,0.03
J4,363,0.03
J4,364,0.03
J4,365,-0.06
J4,366,0.03
J4,367,0.03
J4,368,0.03
J4,369,0.03
J4,370,0.03
J4,371,0.03
J4,372,-0.06
J4,373,0.12
J4,374,-0.06
J4,375,0.03
J4,376,0.03
J4,377,0.03
J4,378,0.03
J4,379,-0.06
J4,380,0.03
J4,381,0.03
J4,382,-0.06
J4,383,-0.06
J4,384,0.03
J4,385,0.03
J4,386,-0.06
J4,387,0.12
J4,388,0.03
J4,389,0.03
J4,390,0.03
J4,391,0.03
J4,392,0.03
J4,393,0.03
J4,394,-0.06
J4,395,0.03
J4,396,0.12
J4,397,0.03
J4,398,0.03
J4,399,0.03
J4,400,0.03
J4,401,-0.06
J4,402,0.03
J4,403,0.03
J4,404,-0.06
J4,405,0.12
J4,406,-0.06
J4,407,0.03
J4,408,0.03
J4,409,0.03
J4,410,-0.06
J4,411,0.03
J4,412,0.03
J4,413,0.03
J4,414,0.03
J4,415,-0.06
J4,416,0.03
J4,417,0.03
J4,418,0.03
J4,419,0.03
J4,420,0.03
J4,421,-0.06
J4,422,-0.06
J4,423,0.03
J4,424,0.03
J4,425,0.03
J4,426,0.03
J4,427,0.03
J4,428,0.03
J4,429,0.03
J4,430,0.03
J4,431,0.03
J4,432,0.03
J4,433,0.03
J4,434,0.03
J4,435,0.03
J4,436,0.03
J4,437,0.03
J4,438,0.03
J4,439,0.03
J4,440,0.03
J4,441,0.03
J4,442,0.03
J4,443,0.03
J4,444,0.03
J4,445,0.03
J4,446,0.03
J4,447,0.03
J4,448,0.12
J4,449,0.12
J4,450,0.03
J4,451,-0.06
J4,452,0.03
J4,453,0.03
J4,454,-0.06
J4,455,0.03
J4,456,0.03
J4,457,0.03
J4,458,-0.06
J4,459,-0.06
J4,460,0.03
J4,461,0.03
J4,462,0.03
J4,463,0.03
J4,464,0.03
J4,465,0.03
J4,466,0.03
J4,467,0.03
J4,468,0.03
J4,469,0.03
J4,470,0.03
J4,471,0.03
J4,472,0.03
J4,473,0.03
J4,474,-0.06
J4,475,0.03
J4,476,0.03
J4,477,0.03
J4,478,0.03
J4,479,0.03
J4,480,0.03
J4,481,-0.06
J4,482,0.03
J4,483,0.03
J4,484,0.03
J4,485,-0.06
J4,486,0.03
J4,487,0.03
J4,488,0.03
J4,489,0.03
J4,490,-0.06
J4,491,0.03
J4,492,0.03
J4,493,-0.06
J4,494,0.12
J4,495,0.03
J4,496,0.03
J4,497,0.03
J4,498,0.03
J4,499,0.03
J4,500,-0.06
J4,501,0.03
J4,502,0.03
J4,503,0.03
J4,504,-0.06
J4,505,-0.06
J4,506,0.03
J4,507,0.03
J4,508,0.03
J4,509,0.03
J4,510,0.03
J4,511,-0.06
J4,512,-0.06
J4,513,0.03
J4,514,0.03
J4,515,-0.06
J4,516,0.03
J4,517,-0.06
J4,518,0.03
J4,519,-0.06
J4,520,0.03
J4,521,0.03
J4,522,0.03
J4,523,0.03
J4,524,0.03
J4,525,-0.06
J4,526,0.03
J4,527,0.03
J4,528,0.03
J4,529,-0.06
J4,530,0.03
J4,531,0.03
J4,532,-0.06
J4,533,0.03
J4,534,-0.06
J4,535,0.03
J4,536,0.03
J4,537,0.03
J4,538,0.03
J4,539,0.03
J4,540,0.03
J4,541,0.03
J4,542,0.03
J4,543,0.03
J4,544,0.03
J4,545,0.03
J4,546,-0.06
J4,547,0.03
J4,548,0.03
J4,549,-0.06
J4,550,0.03
J4,551,0.03
J4,552,0.03
J4,553,0.03
J4,554,0.03
J4,555,0.03
J4,556,-0.06
J4,557,-0.06
J4,558,0.03
J4,559,0.03
J4,560,0.03
J4,561,0.03
J4,562,0.03
J4,563,0.03
J4,564,-0.06
J4,565,0.03
J4,566,0.03
J4,567,-0.06
J4,568,-0.06
J4,569,0.03
J4,570,0.03
J4,571,0.12
J4,572,0.03
J4,573,0.03
J4,574,0.03
J4,575,0.03
J4,576,0.03
J4,577,0.12
J4,578,-0.06
J4,579,0.03
J4,580,0.03
J4,581,-0.06
J4,582,0.03
J4,583,0.03
J4,584,0.03
J4,585,0.03
J4,586,0.03
J4,587,0.03
J4,588,0.03
J4,589,0.12
J4,590,0.03
J4,591,0.03
J4,592,0.03
J4,593,0.03
J4,594,-0.06
J4,595,0.03
J4,596,0.03
J4,597,0.03
J4,598,-0.06
J4,599,-0.06
J4,600,-0.06
J4,601,0.03
J4,602,0.03
J4,603,-0.06
J4,604,0.03
J4,605,0.03
J4,606,0.03
J4,607,0.03
J4,608,0.03
J4,609,0.03
J4,610,-0.06
J4,611,0.03
J4,612,0.03
J4,613,0.03
J4,614,0.03
J4,615,0.03
J4,616,0.03
J4,617,-0.06
J4,618,-0.06
J4,619,0.03
J4,620,0.03
J4,621,0.03
J4,622,-0.06
J4,623,-0.06
J4,624,-0.06
J4,625,0.03
J4,626,0.03
J4,627,-0.06
J4,628,0.03
J4,629,-0.06
J4,630,0.03
J4,631,0.03
J4,632,0.03
J4,633,0.03
J4,634,-0.06
J4,635,-0.06
J4,636,0.03
J4,637,0.12
J4,638,0.03
J4,639,0.03
J4,640,-0.06
J4,641,0.03
J4,642,0.03
J4,643,0.03
J4,644,0.03
J4,645,0.03
J4,646,0.03
J4,647,-0.06
J4,648,0.12
J4,649,0.03
J4,650,-0.06
J4,651,0.03
J4,652,0.03
J4,653,0.03
J4,654,0.03
J4,655,0.03
J4,656,0.03
J4,657,0.03
J4,658,0.03
J4,659,0.03
J4,660,0.03
J4,661,0.03
J4,662,0.03
J4,663,0.03
J4,664,-0.06
J4,665,0.03
J4,666,0.03
J4,667,0.03
J4,668,-0.06
J4,669,-0.06
J4,670,0.03
J4,671,0.03
J4,672,0.03
J4,673,0.03
J4,674,0.03
J4,675,0.03
J4,676,-0.06
J4,677,-0.06
J4,678,-0.06
J4,679,0.03
J4,680,0.03
J4,681,0.03
J4,682,0.03
J4,683,0.03
J4,684,0.03
J4,685,0.03
J4,686,0.12
J4,687,0.03
J4,688,0.03
J4,689,-0.06
J4,690,0.03
J4,691,0.12
J4,692,0.03
J4,693,0.12
J4,694,0.03
J4,695,0.12
J4,696,0.03
J4,697,0.03
J4,698,0.03
J4,699,-0.06
J4,700,0.03
J4,701,0.03
J4,702,0.03
J4,703,0.03
J4,704,0.03
J4,705,0.03
J4,706,0.03
J4,707,-0.06
J4,708,0.12
J4,709,0.03
J4,710,-0.06
J4,711,0.03
J4,712,0.03
J4,713,-0.06
J4,714,0.12
J4,715,-0.06
J4,716,0.03
J4,717,0.03
J4,718,0.03
J4,719,0.03
J4,720,-0.06
J4,721,-0.06
J4,722,-0.06
J4,723,-0.06
J4,724,0.03
J4,725,-0.06
J4,726,0.03
J4,727,0.03
J4,728,0.03
J4,729,-0.06
J4,730,-0.06
J4,731,0.03
J4,732,0.03
J4,733,0.03
J4,734,-0.06
J4,735,0.03
J4,736,-0.06
J4,737,0.03
J4,738,0.03
J4,739,0.03
J4,740,0.03
J4,741,0.03
J4,742,0.03
J4,743,0.03
J4,744,0.03
J4,745,0.03
J4,746,0.03
J4,747,0.03
J4,748,-0.06
J4,749,0.03
J4,750,0.03
J4,751,0.03
J4,752,0.03
J4,753,-0.06
J4,754,0.03
J4,755,0.03
J4,756,-0.06
J4,757,0.03
J4,758,0.03
J4,759,-0.06
J4,760,0.03
J4,761,0.03
J4,762,0.03
J4,763,-0.06
J4,764,0.03
J4,765,0.03
J4,766,0.03
J4,767,0.03
J4,768,-0.06
J4,769,-0.06
J4,770,0.03
J4,771,0.03
J4,772,0.03
J4,773,-0.06
J4,774,0.03
J4,775,-0.06
J4,776,0.03
J4,777,-0.06
J4,778,0.03
J4,779,-0.06
J4,780,0.03
J4,781,0.03
J4,782,0.03
J4,783,0.03
J4,784,0.03
J4,785,0.03
J4,786,0.03
J4,787,0.03
J4,788,0.03
J4,789,0.03
J4,790,0.03
J4,791,0.03
J4,792,0.03
J4,793,-0.06
J4,794,-0.06
J4,795,0.03
J4,796,0.03
J4,797,0.03
J4,798,-0.06
J4,799,0.03
J4,800,0.03
J4,801,0.03
J4,802,0.03
J4,803,-0.06
J4,804,0.03
J4,805,0.12
J4,806,0.12
J4,807,0.03
J4,808,0.03
J4,809,0.03
J4,810,0.03
J4,811,0.03
J4,812,0.03
J4,813,-0.06
J4,814,0.03
J4,815,0.03
J4,816,0.03
J4,817,0.03
J4,818,0.03
J4,819,0.03
J4,820,-0.06
J4,821,-0.06
J4,822,0.03
J4,823,0.03
J4,824,0.03
J4,825,-0.06
J4,826,0.03
J4,827,0.03
J4,828,-0.06
J4,829,0.03
J4,830,0.03
J4,831,0.03
J4,832,0.03
J4,833,-0.06
J4,834,-0.06
J4,835,-0.06
J4,836,0.12
J4,837,0.03
J4,838,0.03
J4,839,0.03
J4,840,0.03
J4,841,-0.06
J4,842,0.03
J4,843,0.03
J4,844,0.03
J4,845,0.03
J4,846,-0.06
J4,847,0.12
J4,848,0.03
J4,849,0.03
J4,850,0.03
J4,851,0.03
J4,852,-0.06
J4,853,-0.06
J4,854,-0.06
J4,855,0.03
J4,856,0.03
J4,857,0.03
J4,858,-0.06
J4,859,-0.06
J4,860,0.12
J4,861,0.12
J4,862,-0.06
J4,863,0.03
J4,864,0.03
J4,865,0.03
J4,866,0.03
J4,867,0.03
J4,868,-0.06
J4,869,0.03
J4,870,0.03
J4,871,-0.06
J4,872,0.03
J4,873,-0.06
J4,874,0.03
J4,875,-0.06
J4,876,-0.06
J4,877,0.03
J4,878,0.03
J4,879,-0.06
J4,880,0.03
J4,881,0.03
J4,882,0.03
J4,883,0.03
J4,884,-0.06
J4,885,0.03
J4,886,0.03
J4,887,0.03
J4,888,0.03
J4,889,-0.06
J4,890,0.03
J4,891,0.03
J4,892,-0.06
J4,893,0.03
J4,894,0.03
J4,895,-0.06
J4,896,0.03
J4,897,0.03
J4,898,0.03
J4,899,-0.06
J4,900,0.03
J4,901,0.03
J4,902,0.03
J4,903,0.03
J4,904,0.03
J4,905,0.03
J4,906,0.03
J4,907,-0.06
J4,908,0.03
J4,909,-0.06
J4,910,0.03
J4,911,0.03
J4,912,0.03
J4,913,0.03
J4,914,0.03
J4,915,0.03
J4,916,0.03
J4,917,0.03
J4,918,0.12
J4,919,0.03
J4,920,-0.06
J4,921,0.03
J4,922,0.03
J4,923,0.03
J4,924,-0.06
J4,925,-0.06
J4,926,0.03
J4,927,0.03
J4,928,0.03
J4,929,-0.06
J4,930,0.03
J4,931,0.03
J4,932,0.03
J4,933,0.03
J4,934,-0.06
J4,935,0.03
J4,936,0.03
J4,937,0.03
J4,938,0.03
J4,939,0.03
J4,940,0.03
J4,941,0.03
J4,942,0.03
J4,943,0.03
J4,944,0.03
J4,945,0.03
J4,946,0.03
J4,947,0.03
J4,948,-0.06
J4,949,0.03
J4,950,0.03
J4,951,0.03
J4,952,-0.06
J4,953,0.03
J4,954,-0.06
J4,955,-0.06
J4,956,0.03
J4,957,0.03
J4,958,0.03
J4,959,-0.06
J4,960,0.03
J4,961,0.03
J4,962,0.03
J4,963,0.03
J4,964,0.03
J4,965,-0.06
J4,966,0.03
J4,967,0.03
J4,968,0.03
J4,969,0.03
J4,970,0.03
J4,971,0.03
J4,972,0.03
J4,973,0.03
J4,974,0.03
J4,975,0.03
J4,976,-0.06
J4,977,0.03
J4,978,0.03
J4,979,0.12
J4,980,0.03
J4,981,0.03
J4,982,0.03
J4,983,0.03
J4,984,-0.06
J4,985,0.03
J4,986,0.03
J4,987,-0.06
J4,988,0.03
J4,989,0.03
J4,990,0.03
J4,991,0.03
J4,992,0.12
J4,993,-0.06
J4,994,0.03
J4,995,-0.06
J4,996,-0.06
J4,997,0.03
J4,998,-0.06
J4,999,-0.06
J4,1000,0.03
J4,1001,0.03
J4,1002,0.03
J4,1003,0.03
J4,1004,0.03
J4,1005,0.03
J4,1006,0.03
J4,1007,0.03
J4,1008,-0.06
J4,1009,0.03
J4,1010,-0.06
J4,1011,0.03
J4,1012,0.03
J4,1013,-0.06
J4,1014,0.03
J4,1015,-0.06
J4,1016,0.03
J4,1017,0.03
J4,1018,0.03
J4,1019,0.03
J4,1020,0.03
J4,1021,-0.06
J4,1022,0.03
J4,1023,-0.06
J4,1024,0.03
J4,1025,0.03
J4,1026,0.03
J4,1027,0.03
J4,1028,0.12
J4,1029,0.03
J4,1030,0.03
J4,1031,0.03
J4,1032,0.03
J4,1033,0.03
J4,1034,0.03
J4,1035,0.03
J4,1036,0.03
J4,1037,-0.06
J4,1038,0.03
J4,1039,-0.06
J4,1040,0.03
J4,1041,0.03
J4,1042,-0.06
J4,1043,0.03
J4,1044,0.03
J4,1045,0.12
J4,1046,-0.06
J4,1047,0.03
J4,1048,-0.06
J4,1049,0.03
J4,1050,0.03
J4,1051,0.03
J4,1052,0.03
J4,1053,0.03
J4,1054,-0.06
J4,1055,-0.06
J4,1056,0.03
J4,1057,0.03
J4,1058,0.03
J4,1059,0.03
J4,1060,-0.06
J4,1061,0.03
J4,1062,0.03
J4,1063,0.03
J4,1064,0.03
J4,1065,0.03
J4,1066,0.03
J4,1067,0.03
J4,1068,0.03
J4,1069,-0.06
J4,1070,0.03
J4,1071,0.03
J4,1072,0.03
J4,1073,0.03
J4,1074,0.03
J4,1075,0.03
J4,1076,-0.06
J4,1077,0.03
J4,1078,0.03
J4,1079,0.03
J4,1080,0.03
J4,1081,0.03
J4,1082,-0.06
J4,1083,-0.06
J4,1084,0.03
J4,1085,0.03
J4,1086,0.03
J4,1087,0.03
J4,1088,-0.06
J4,1089,0.03
J4,1090,0.03
J4,1091,0.03
J4,1092,0.03
J4,1093,-0.06
J4,1094,0.03
J4,1095,0.03
J4,1096,0.03
J4,1097,0.03
J4,1098,-0.06
J4,1099,-0.06
J4,1100,-0.06
J4,1101,-0.06
J4,1102,0.03
J4,1103,0.03
J4,1104,0.03
J4,1105,0.03
J4,1106,0.03
J4,1107,-0.06
J4,1108,0.03
J4,1109,-0.06
J4,1110,0.03
J4,1111,0.03
J4,1112,0.12
J4,1113,0.03
J4,1114,-0.06
J4,1115,0.03
J4,1116,0.03
J4,1117,0.03
J4,1118,0.12
J4,1119,-0.06
J4,1120,0.03
J4,1121,0.03
J4,1122,0.03
J4,1123,0.03
J4,1124,0.03
J4,1125,0.03
J4,1126,0.03
J4,1127,0.03
J4,1128,-0.06
J4,1129,0.03
J4,1130,0.03
J4,1131,0.03
J4,1132,0.03
J4,1133,0.03
J4,1134,-0.06
J4,1135,-0.06
J4,1136,0.03
J4,1137,0.03
J4,1138,-0.06
J4,1139,0.03
J4,1140,0.03
J4,1141,0.03
J4,1142,0.03
J4,1143,0.03
J4,1144,0.03
J4,1145,0.03
J4,1146,-0.06
J4,1147,0.03
J4,1148,0.03
J4,1149,-0.06
J4,1150,0.03
J4,1151,0.03
J4,1152,0.03
J4,1153,0.03
J4,1154,0.03
J4,1155,0.03
J4,1156,0.03
J4,1157,0.03
J4,1158,-0.06
J4,1159,-0.06
J4,1160,0.03
J4,1161,0.03
J4,1162,-0.06
J4,1163,0.03
J4,1164,0.03
J4,1165,0.03
J4,1166,-0.06
J4,1167,-0.06
J4,1168,0.03
J4,1169,0.03
J4,1170,0.03
J4,1171,0.03
J4,1172,0.03
J4,1173,0.03
J4,1174,-0.06
J4,1175,0.03
J4,1176,0.03
J4,1177,-0.06
J4,1178,0.03
J4,1179,0.03
J4,1180,-0.06
J4,1181,0.03
J4,1182,0.03
J4,1183,-0.06
J4,1184,-0.06
J4,1185,-0.06
J4,1186,-0.06
J4,1187,0.03
J4,1188,-0.06
J4,1189,-0.06
J4,1190,0.03
J4,1191,0.03
J4,1192,0.03
J4,1193,0.03
J4,1194,0.03
J4,1195,0.03
J4,1196,0.03
J4,1197,-0.06
J4,1198,0.03
J4,1199,-0.06
J4,1200,0.03
J4,1201,0.03
J4,1202,0.03
J4,1203,0.03
J4,1204,0.03
J4,1205,0.03
J4,1206,-0.06
J4,1207,0.03
J4,1208,-0.06
J4,1209,0.03
J4,1210,-0.06
J4,1211,0.03
J4,1212,0.03
J4,1213,0.03
J4,1214,0.03
J4,1215,0.03
J4,1216,0.03
J4,1217,0.03
J4,1218,0.03
J4,1219,-0.06
J4,1220,0.03
J4,1221,0.03
J4,1222,0.03
J4,1223,0.03
J4,1224,-0.06
J4,1225,0.03
J4,1226,-0.06
J4,1227,0.03
J4,1228,-0.06
J4,1229,0.03
J4,1230,0.03
J4,1231,0.03
J4,1232,-0.06
J4,1233,0.03
J4,1234,0.03
J4,1235,0.03
J4,1236,0.03
J4,1237,0.03
J4,1238,0.03
J4,1239,0.03
J4,1240,-0.06
J4,1241,-0.06
J4,1242,-0.06
J4,1243,0.03
J4,1244,-0.06
J4,1245,0.03
J4,1246,-0.06
J4,1247,-0.06
J4,1248,-0.06
J4,1249,-0.06
J4,1250,0.03
J4,1251,0.03
J4,1252,-0.06
J4,1253,0.03
J4,1254,-0.06
J4,1255,0.03
J4,1256,0.03
J4,1257,-0.06
J4,1258,0.03
J4,1259,0.03
J4,1260,0.12
J4,1261,0.03
J4,1262,0.03
J4,1263,0.03
J4,1264,-0.06
J4,1265,0.03
J4,1266,0.03
J4,1267,0.03
J4,1268,0.03
J4,1269,0.03
J4,1270,0.03
J4,1271,-0.06
J4,1272,0.03
J4,1273,0.03
J4,1274,0.03
J4,1275,-0.06
J4,1276,0.03
J4,1277,-0.06
J4,1278,0.03
J4,1279,0.03
J4,1280,0.03
J4,1281,0.03
J4,1282,0.03
J4,1283,0.03
J4,1284,-0.06
J4,1285,-0.06
J4,1286,-0.06
J4,1287,0.03
J4,1288,0.03
J4,1289,0.03
J4,1290,0.03
J4,1291,0.03
J4,1292,0.03
J4,1293,0.03
J4,1294,-0.06
J4,1295,-0.06
J4,1296,-0.06
J4,1297,0.03
J4,1298,-0.06
J4,1299,0.03
J4,1300,0.03
J4,1301,-0.06
J4,1302,0.03
J4,1303,-0.06
J4,1304,-0.06
J4,1305,0.03
J4,1306,-0.06
J4,1307,0.03
J4,1308,0.03
J4,1309,0.03
J4,1310,0.03
J4,1311,-0.06
J4,1312,-0.06
J4,1313,-0.06
J4,1314,0.03
J4,1315,0.03
J4,1316,-0.06
J4,1317,0.03
J4,1318,0.03
J4,1319,0.03
J4,1320,0.03
J4,1321,0.03
J4,1322,0.03
J4,1323,0.03
J4,1324,0.03
J4,1325,-0.06
J4,1326,0.03
J4,1327,-0.06
J4,1328,0.03
J4,1329,0.03
J4,1330,0.03
J4,1331,-0.06
J4,1332,0.03
J4,1333,0.03
J4,1334,0.03
J4,1335,0.03
J4,1336,0.03
J4,1337,-0.06
J4,1338,-0.06
J4,1339,-0.06
J4,1340,0.03
J4,1341,0.03
J4,1342,0.03
J4,1343,0.03
J4,1344,0.03
J4,1345,0.03
J4,1346,0.03
J4,1347,0.03
J4,1348,0.03
J4,1349,-0.06
J4,1350,0.03
J4,1351,0.03
J4,1352,0.03
J4,1353,0.03
J4,1354,-0.06
J4,1355,0.03
J4,1356,0.03
J4,1357,0.03
J4,1358,0.03
J4,1359,0.03
J4,1360,0.12
J4,1361,0.12
J4,1362,0.03
J4,1363,-0.06
J4,1364,0.03
J4,1365,0.03
J4,1366,0.03
J4,1367,0.03
J4,1368,0.03
J4,1369,0.03
J4,1370,-0.06
J4,1371,0.03
J4,1372,-0.06
J4,1373,0.03
J4,1374,-0.06
J4,1375,0.03
J4,1376,-0.06
J4,1377,-0.06
J4,1378,-0.06
J4,1379,-0.06
J4,1380,-0.06
J4,1381,0.03
J4,1382,0.03
J4,1383,0.03
J4,1384,0.03
J4,1385,0.03
J4,1386,0.03
J4,1387,0.03
J4,1388,0.03
J4,1389,0.03
J4,1390,0.03
J4,1391,0.03
J4,1392,0.03
J4,1393,0.03
J4,1394,0.03
J4,1395,0.03
J4,1396,0.03
J4,1397,0.03
J4,1398,0.03
J4,1399,-0.06
J4,1400,0.03
J4,1401,0.03
J4,1402,-0.06
J4,1403,-0.06
J4,1404,0.03
J4,1405,-0.06
J4,1406,0.03
J4,1407,0.03
J4,1408,0.03
J4,1409,0.12
J4,1410,0.03
J4,1411,0.03
J4,1412,0.03
J4,1413,0.03
J4,1414,0.12
J4,1415,0.03
J4,1416,0.03
J4,1417,0.03
J4,1418,-0.06
J4,1419,0.03
J4,1420,0.03
J4,1421,-0.06
J4,1422,0.03
J4,1423,0.03
J4,1424,-0.06
J4,1425,0.03
J4,1426,0.03
J4,1427,0.03
J4,1428,0.03
J4,1429,0.03
J4,1430,-0.06
J4,1431,0.03
J4,1432,-0.06
J4,1433,0.03
J4,1434,0.03
J4,1435,0.03
J4,1436,-0.06
J4,1437,0.03
J4,1438,-0.06
J4,1439,0.03
J4,1440,-0.06
J4,1441,0.03
J4,1442,0.03
J4,1443,-0.06
J4,1444,-0.06
J4,1445,0.03
J4,1446,-0.06
J4,1447,0.03
J4,1448,0.03
J4,1449,-0.06
J4,1450,-0.06
J4,1451,-0.06
J4,1452,0.03
J4,1453,0.03
J4,1454,0.03
J4,1455,0.03
J4,1456,0.03
J4,1457,-0.06
J4,1458,0.03
J4,1459,0.03
J4,1460,0.03
J4,1461,-0.06
J4,1462,0.03
J4,1463,0.03
J4,1464,0.03
J4,1465,0.03
J4,1466,-0.06
J4,1467,-0.06
J4,1468,-0.06
J4,1469,0.03
J4,1470,0.12
J4,1471,0.03
J4,1472,0.03
J4,1473,-0.06
J4,1474,-0.06
J4,1475,0.03
J4,1476,0.03
J4,1477,0.03
J4,1478,0.03
J4,1479,0.03
J4,1480,0.03
J4,1481,0.03
J4,1482,-0.06
J4,1483,0.03
J4,1484,-0.06
J4,1485,0.03
J4,1486,0.03
J4,1487,-0.06
J4,1488,-0.06
J4,1489,-0.06
J4,1490,-0.06
J4,1491,0.03
J4,1492,-0.06
J4,1493,0.03
J4,1494,-0.06
J4,1495,0.03
J4,1496,-0.06
J4,1497,0.03
J4,1498,0.03
J4,1499,0.03
J4,1500,0.03
J4,1501,0.03
J4,1502,0.03
J4,1503,-0.06
J4,1504,0.03
J4,1505,0.03
J4,1506,0.03
J4,1507,0.03
J4,1508,0.03
J4,1509,0.03
J4,1510,-0.06
J4,1511,0.03
J4,1512,-0.06
J4,1513,0.03
J4,1514,0.03
J4,1515,0.03
J4,1516,-0.06
J4,1517,0.03
J4,1518,-0.06
J4,1519,0.03
J4,1520,-0.06
J4,1521,-0.06
J4,1522,0.03
J4,1523,0.03
J4,1524,-0.06
J4,1525,0.03
J4,1526,0.03
J4,1527,0.03
J4,1528,0.03
J4,1529,0.03
J4,1530,0.03
J4,1531,-0.06
J4,1532,-0.06
J4,1533,0.03
J4,1534,-0.06
J4,1535,0.03
J4,1536,0.03
J4,1537,0.03
J4,1538,0.03
J4,1539,0.03
J4,1540,0.03
J4,1541,0.03
J4,1542,-0.06
J4,1543,-0.06
J4,1544,0.03
J4,1545,-0.06
J4,1546,-0.06
J4,1547,-0.06
J4,1548,-0.06
J4,1549,0.03
J4,1550,0.03
J4,1551,0.03
J4,1552,0.03
J4,1553,-0.06
J4,1554,0.03
J4,1555,0.03
J4,1556,0.03
J4,1557,0.03
J4,1558,-0.06
J4,1559,0.03
J4,1560,0.03
J4,1561,-0.06
J4,1562,0.03
J4,1563,0.03
J4,1564,-0.06
J4,1565,-0.06
J4,1566,0.03
J4,1567,0.03
J4,1568,0.03
J4,1569,-0.06
J4,1570,0.03
J4,1571,-0.06
J4,1572,0.03
J4,1573,-0.06
J4,1574,0.03
J4,1575,0.12
J4,1576,0.03
J4,1577,0.03
J4,1578,-0.06
J4,1579,-0.06
J4,1580,-0.06
J4,1581,0.03
J4,1582,0.03
J4,1583,-0.06
J4,1584,0.03
J4,1585,-0.06
J4,1586,0.03
J4,1587,-0.06
J4,1588,0.03
J4,1589,0.03
J4,1590,-0.06
J4,1591,0.03
J4,1592,0.03
J4,1593,0.03
J4,1594,-0.06
J4,1595,0.03
J4,1596,0.03
J4,1597,0.03
J4,1598,-0.06
J4,1599,0.03
J4,1600,-0.06
J4,1601,0.03
J4,1602,0.03
J4,1603,-0.06
J4,1604,0.03
J4,1605,-0.06
J4,1606,-0.06
J4,1607,0.03
J4,1608,0.03
J4,1609,0.03
J4,1610,0.03
J4,1611,0.12
J4,1612,-0.06
J4,1613,-0.06
J4,1614,0.03
J4,1615,-0.06
J4,1616,0.03
J4,1617,0.03
J4,1618,0.03
J4,1619,-0.06
J4,1620,-0.06
J4,1621,-0.06
J4,1622,-0.06
J4,1623,-0.06
J4,1624,0.03
J4,1625,0.03
J4,1626,0.03
J4,1627,-0.06
J4,1628,0.03
J4,1629,0.03
J4,1630,0.03
J4,1631,-0.06
J4,1632,0.12
J4,1633,-0.06
J4,1634,-0.06
J4,1635,0.03
J4,1636,0.03
J4,1637,0.03
J4,1638,0.03
J4,1639,-0.06
J4,1640,-0.06
J4,1641,0.03
J4,1642,-0.06
J4,1643,-0.06
J4,1644,0.03
J4,1645,0.03
J4,1646,0.03
J4,1647,0.03
J4,1648,0.03
J4,1649,0.03
J4,1650,0.03
J4,1651,-0.06
J4,1652,0.03
J4,1653,0.03
J4,1654,-0.06
J4,1655,-0.06
J4,1656,0.03
J4,1657,-0.06
J4,1658,0.03
J4,1659,0.03
J4,1660,0.03
J4,1661,-0.06
J4,1662,0.03
J4,1663,-0.06
J4,1664,-0.06
J4,1665,-0.06
J4,1666,-0.06
J4,1667,-0.06
J4,1668,0.03
J4,1669,0.03
J4,1670,-0.06
J4,1671,0.03
J4,1672,-0.06
J4,1673,-0.06
J4,1674,-0.06
J4,1675,0.03
J4,1676,0.03
J4,1677,0.03
J4,1678,0.03
J4,1679,0.03
J4,1680,0.03
J4,1681,0.03
J4,1682,0.03
J4,1683,-0.06
J4,1684,0.03
J4,1685,-0.06
J4,1686,-0.06
J4,1687,0.03
J4,1688,0.03
J4,1689,-0.06
J4,1690,0.03
J4,1691,0.03
J4,1692,0.03
J4,1693,0.03
J4,1694,0.03
J4,1695,-0.06
J4,1696,-0.06
J4,1697,-0.06
J4,1698,-0.06
J4,1699,0.03
J4,1700,0.03
J4,1701,-0.06
J4,1702,0.03
J4,1703,-0.06
J4,1704,0.03
J4,1705,0.03
J4,1706,-0.06
J4,1707,-0.06
J4,1708,0.03
J4,1709,-0.06
J4,1710,0.03
J4,1711,0.03
J4,1712,0.03
J4,1713,0.03
J4,1714,-0.06
J4,1715,0.03
J4,1716,0.03
J4,1717,0.03
J4,1718,-0.06
J4,1719,0.03
J4,1720,-0.06
J4,1721,0.03
J4,1722,0.03
J4,1723,0.03
J4,1724,-0.06
J4,1725,-0.06
J4,1726,0.03
J4,1727,0.03
J4,1728,0.03
J4,1729,0.03
J4,1730,0.03
J4,1731,0.03
J4,1732,0.03
J4,1733,-0.06
J4,1734,0.03
J4,1735,0.03
J4,1736,0.03
J4,1737,0.03
J4,1738,0.03
J4,1739,-0.06
J4,1740,0.03
J4,1741,-0.06
J4,1742,-0.06
J4,1743,0.03
J4,1744,-0.06
J4,1745,-0.06
J4,1746,0.03
J4,1747,0.03
J4,1748,0.03
J4,1749,0.03
J4,1750,0.03
J4,1751,0.03
J4,1752,0.03
J4,1753,0.03
J4,1754,0.03
J4,1755,-0.06
J4,1756,-0.06
J4,1757,-0.06
J4,1758,-0.06
J4,1759,0.03
J4,1760,0.03
J4,1761,-0.06
J4,1762,0.03
J4,1763,-0.06
J4,1764,0.03
J4,1765,0.03
J4,1766,-0.06
J4,1767,-0.06
J4,1768,-0.06
J4,1769,0.03
J4,1770,0.03
J4,1771,-0.06
J4,1772,-0.06
J4,1773,0.03
J4,1774,-0.06
J4,1775,-0.06
J4,1776,0.03
J4,1777,-0.06
J4,1778,-0.06
J4,1779,0.03
J4,1780,0.03
J4,1781,-0.06
J4,1782,-0.06
J4,1783,-0.06
J4,1784,-0.06
J4,1785,-0.06
J4,1786,0.03
J4,1787,-0.06
J4,1788,-0.06
J4,1789,-0.06
J4,1790,0.03
J4,1791,0.03
J4,1792,-0.06
J4,1793,-0.06
J4,1794,-0.06
J4,1795,-0.06
J4,1796,0.03
J4,1797,-0.06
J4,1798,0.03
J4,1799,0.03
J4,1800,0.03
J4,1801,-0.06
J4,1802,-0.06
J4,1803,-0.06
J4,1804,0.03
J4,1805,0.03
J4,1806,0.03
J4,1807,0.03
J4,1808,0.03
J4,1809,-0.06
J4,1810,0.03
J4,1811,0.03
J4,1812,-0.06
J4,1813,-0.06
J4,1814,-0.06
J4,1815,-0.06
J4,1816,0.03
J4,1817,0.03
J4,1818,-0.06
J4,1819,0.03
J4,1820,0.03
J4,1821,-0.06
J4,1822,-0.06
J4,1823,-0.06
J4,1824,-0.06
J4,1825,-0.06
J4,1826,0.03
J4,1827,0.03
J4,1828,0.03
J4,1829,0.03
J4,1830,-0.06
J4,1831,-0.06
J4,1832,-0.06
J4,1833,-0.06
J4,1834,-0.06
J4,1835,-0.06
J4,1836,-0.06
J4,1837,-0.06
J4,1838,0.03
J4,1839,-0.06
J4,1840,-0.06
J4,1841,-0.06
J4,1842,0.03
J4,1843,0.03
J4,1844,-0.06
J4,1845,0.03
J4,1846,-0.06
J4,1847,0.03
J4,1848,0.03
J4,1849,-0.06
J4,1850,-0.06
J4,1851,0.03
J4,1852,-0.06
J4,1853,-0.06
J4,1854,0.03
J4,1855,-0.06
J4,1856,0.03
J4,1857,0.03
J4,1858,-0.06
J4,1859,0.03
J4,1860,-0.06
J4,1861,0.03
J4,1862,0.03
J4,1863,-0.06
J4,1864,-0.06
J4,1865,0.03
J4,1866,-0.06
J4,1867,0.03
J4,1868,0.03
J4,1869,0.03
J4,1870,0.03
J4,1871,0.03
J4,1872,-0.06
J4,1873,0.03
J4,1874,0.03
J4,1875,0.03
J4,1876,0.03
J4,1877,0.03
J4,1878,-0.06
J4,1879,-0.06
J4,1880,-0.06
J4,1881,-0.06
J4,1882,0.03
J4,1883,-0.06
J4,1884,-0.06
J4,1885,0.03
J4,1886,-0.06
J4,1887,-0.06
J4,1888,0.03
J4,1889,0.03
J4,1890,0.03
J4,1891,0.03
J4,1892,0.03
J4,1893,0.03
J4,1894,0.03
J4,1895,0.03
J4,1896,-0.06
J4,1897,0.03
J4,1898,-0.06
J4,1899,-0.06
J4,1900,-0.06
J4,1901,0.03
J4,1902,0.03
J4,1903,0.03
J4,1904,-0.06
J4,1905,-0.06
J4,1906,-0.06
J4,1907,-0.06
J4,1908,0.03
J4,1909,0.03
J4,1910,-0.06
J4,1911,0.03
J4,1912,0.03
J4,1913,-0.06
J4,1914,0.03
J4,1915,-0.06
J4,1916,-0.06
J4,1917,0.03
J4,1918,0.03
J4,1919,-0.06
J4,1920,0.03
J4,1921,0.03
J4,1922,0.03
J4,1923,0.03
J4,1924,0.03
J4,1925,0.03
J4,1926,-0.06
J4,1927,-0.06
J4,1928,-0.06
J4,1929,-0.06
J4,1930,-0.06
J4,1931,-0.06
J4,1932,-0.06
J4,1933,-0.06
J4,1934,0.03
J4,1935,0.03
J4,1936,-0.06
J4,1937,-0.06
J4,1938,0.03
J4,1939,0.03
J4,1940,-0.06
J4,1941,-0.06
J4,1942,0.03
J4,1943,-0.06
J4,1944,-0.06
J4,1945,-0.06
J4,1946,0.03
J4,1947,0.03
J4,1948,-0.06
J4,1949,-0.06
J4,1950,0.03
J4,1951,-0.06
J4,1952,-0.06
J4,1953,-0.06
J4,1954,0.03
J4,1955,0.03
J4,1956,0.03
J4,1957,-0.06
J4,1958,-0.06
J4,1959,0.03
J4,1960,-0.06
J4,1961,-0.06
J4,1962,-0.06
J4,1963,0.03
J4,1964,0.03
J4,1965,-0.06
J4,1966,-0.06
J4,1967,-0.06
J4,1968,0.03
J4,1969,-0.06
J4,1970,-0.06
J4,1971,0.03
J4,1972,-0.06
J4,1973,-0.06
J4,1974,-0.06
J4,1975,0.03
J4,1976,-0.06
J4,1977,0.03
J4,1978,-0.06
J4,1979,0.03
J4,1980,0.03
J4,1981,0.03
J4,1982,-0.06
J4,1983,-0.06
J4,1984,-0.06
J4,1985,-0.06
J4,1986,0.03
J4,1987,-0.06
J4,1988,0.03
J4,1989,0.03
J4,1990,-0.06
J4,1991,0.03
J4,1992,0.03
J4,1993,-0.06
J4,1994,-0.06
J4,1995,-0.06
J4,1996,-0.06
J4,1997,0.03
J4,1998,0.03
J4,1999,-0.06
J4,2000,0.03
J4,2001,0.03
J4,2002,-0.06
J4,2003,0.03
J4,2004,-0.06
J4,2005,-0.06
J4,2006,0.03
J4,2007,-0.06
J4,2008,0.03
J4,2009,-0.06
J4,2010,0.03
J4,2011,0.03
J4,2012,-0.06
J4,2013,-0.06
J4,2014,0.03
J4,2015,-0.06
J4,2016,-0.06
J4,2017,0.03
J4,2018,0.03
J4,2019,0.03
J4,2020,0.03
J4,2021,0.03
J4,2022,0.03
J4,2023,-0.06
J4,2024,-0.06
J4,2025,0.03
J4,2026,0.03
J4,2027,0.03
J4,2028,0.03
J4,2029,-0.06
J4,2030,-0.06
J4,2031,0.03
J4,2032,0.03
J4,2033,0.03
J4,2034,-0.06
J4,2035,0.03
J4,2036,0.03
J4,2037,0.03
J4,2038,-0.06
J4,2039,-0.06
J4,2040,0.03
J4,2041,0.03
J4,2042,0.03
J4,2043,-0.06
J4,2044,-0.06
J4,2045,-0.06
J4,2046,-0.06
J4,2047,-0.06
J4,2048,-0.06
J4,2049,-0.06
J4,2050,-0.06
J4,2051,0.03
J4,2052,0.03
J4,2053,0.03
J4,2054,0.03
J4,2055,-0.06
J4,2056,-0.06
J4,2057,0.03
J4,2058,0.03
J4,2059,0.03
J4,2060,0.03
J4,2061,0.03
J4,2062,-0.06
J4,2063,0.03
J4,2064,0.03
J4,2065,0.03
J4,2066,0.03
J4,2067,-0.06
J4,2068,-0.06
J4,2069,-0.06
J4,2070,0.03
J4,2071,-0.06
J4,2072,0.03
J4,2073,0.03
J4,2074,0.03
J4,2075,-0.06
J4,2076,-0.06
J4,2077,-0.06
J4,2078,0.03
J4,2079,0.03
J4,2080,-0.06
J4,2081,-0.06
J4,2082,0.03
J4,2083,-0.06
J4,2084,-0.06
J4,2085,0.03
J4,2086,0.03
J4,2087,0.03
J4,2088,0.03
J4,2089,0.03
J4,2090,0.03
J4,2091,-0.06
J4,2092,0.03
J4,2093,-0.06
J4,2094,0.03
J4,2095,-0.06
J4,2096,0.03
J4,2097,0.03
J4,2098,-0.15
J4,2099,0.03
J4,2100,0.03
J4,2101,-0.06
J4,2102,0.03
J4,2103,0.03
J4,2104,0.03
J4,2105,0.03
J4,2106,0.03
J4,2107,0.03
J4,2108,0.03
J4,2109,-0.06
J4,2110,0.03
J4,2111,0.03
J4,2112,0.03
J4,2113,0.03
J4,2114,-0.06
J4,2115,-0.06
J4,2116,-0.06
J4,2117,0.03
J4,2118,0.03
J4,2119,0.03
J4,2120,-0.06
J4,2121,0.03
J4,2122,0.03
J4,2123,-0.06
J4,2124,0.03
J4,2125,0.03
J4,2126,0.03
J4,2127,-0.06
J4,2128,0.03
J4,2129,-0.06
J4,2130,-0.06
J4,2131,-0.06
J4,2132,-0.06
J4,2133,-0.06
J4,2134,-0.06
J4,2135,-0.06
J4,2136,-0.06
J4,2137,0.03
J4,2138,-0.06
J4,2139,0.03
J4,2140,-0.06
J4,2141,0.03
J4,2142,-0.06
J4,2143,0.03
J4,2144,-0.06
J4,2145,-0.06
J4,2146,0.03
J4,2147,-0.06
J4,2148,-0.06
J4,2149,-0.06
J4,2150,-0.06
J4,2151,0.03
J4,2152,-0.06
J4,2153,-0.06
J4,2154,-0.06
J4,2155,-0.06
J4,2156,0.03
J4,2157,0.03
J4,2158,0.03
J4,2159,-0.06
J4,2160,-0.06
J4,2161,0.03
J4,2162,0.03
J4,2163,0.03
J4,2164,-0.06
J4,2165,0.03
J4,2166,0.03
J4,2167,0.03
J4,2168,0.03
J4,2169,0.03
J4,2170,0.03
J4,2171,-0.06
J4,2172,0.03
J4,2173,-0.06
J4,2174,-0.06
J4,2175,0.03
J4,2176,0.03
J4,2177,-0.06
J4,2178,-0.06
J4,2179,0.03
J4,2180,-0.06
J4,2181,-0.06
J4,2182,-0.06
J4,2183,-0.06
J4,2184,-0.06
J4,2185,-0.06
J4,2186,0.03
J4,2187,0.03
J4,2188,-0.06
J4,2189,0.03
J4,2190,0.03
J4,2191,-0.06
J4,2192,-0.06
J4,2193,-0.06
J4,2194,-0.06
J4,2195,0.03
J4,2196,-0.06
J4,2197,-0.06
J4,2198,0.03
J4,2199,0.03
J4,2200,0.03
J4,2201,-0.06
J4,2202,-0.06
J4,2203,0.03
J4,2204,0.03
J4,2205,-0.06
J4,2206,-0.06
J4,2207,0.03
J4,2208,-0.06
J4,2209,0.03
J4,2210,0.03
J4,2211,-0.06
J4,2212,-0.06
J4,2213,0.03
J4,2214,0.03
J4,2215,-0.06
J4,2216,-0.06
J4,2217,0.03
J4,2218,-0.06
J4,2219,0.03
J4,2220,0.03
J4,2221,-0.06
J4,2222,-0.06
J4,2223,0.03
J4,2224,-0.06
J4,2225,0.03
J4,2226,0.03
J4,2227,0.03
J4,2228,-0.06
J4,2229,-0.06
J4,2230,-0.06
J4,2231,0.03
J4,2232,-0.06
J4,2233,0.03
J4,2234,-0.06
J4,2235,-0.06
J4,2236,0.03
J4,2237,-0.06
J4,2238,-0.06
J4,2239,0.03
J4,2240,0.03
J4,2241,-0.06
J4,2242,-0.06
J4,2243,0.03
J4,2244,0.03
J4,2245,-0.06
J4,2246,-0.15
J4,2247,0.03
J4,2248,-0.06
J4,2249,0.03
J4,2250,-0.06
J4,2251,-0.06
J4,2252,-0.06
J4,2253,-0.06
J4,2254,-0.06
J4,2255,0.03
J4,2256,-0.06
J4,2257,-0.06
J4,2258,0.03
J4,2259,0.03
J4,2260,-0.06
J4,2261,-0.06
J4,2262,-0.06
J4,2263,-0.06
J4,2264,0.03
J4,2265,-0.06
J4,2266,0.03
J4,2267,-0.06
J4,2268,0.03
J4,2269,-0.06
J4,2270,0.03
J4,2271,0.03
J4,2272,0.03
J4,2273,-0.06
J4,2274,0.03
J4,2275,0.03
J4,2276,-0.06
J4,2277,-0.06
J4,2278,-0.06
J4,2279,0.03
J4,2280,0.03
J4,2281,0.03
J4,2282,0.03
J4,2283,0.03
J4,2284,-0.06
J4,2285,-0.06
J4,2286,-0.06
J4,2287,0.03
J4,2288,-0.06
J4,2289,0.03
J4,2290,0.03
J4,2291,0.03
J4,2292,-0.06
J4,2293,0.03
J4,2294,-0.06
J4,2295,-0.06
J4,2296,0.03
J4,2297,-0.06
J4,2298,0.03
J4,2299,0.03
J4,2300,-0.06
J4,2301,-0.06
J4,2302,-0.06
J4,2303,0.03
J4,2304,-0.06
J4,2305,-0.06
J4,2306,-0.06
J4,2307,-0.06
J4,2308,-0.06
J4,2309,-0.06
J4,2310,0.03
J4,2311,-0.06
J4,2312,-0.06
J4,2313,-0.06
J4,2314,0.03
J4,2315,-0.06
J4,2316,-0.06
J4,2317,0.03
J4,2318,-0.06
J4,2319,-0.06
J4,2320,-0.06
J4,2321,0.03
J4,2322,-0.06
J4,2323,0.03
J4,2324,0.03
J4,2325,0.03
J4,2326,0.03
J4,2327,0.03
J4,2328,-0.06
J4,2329,0.03
J4,2330,0.03
J4,2331,-0.06
J4,2332,-0.06
J4,2333,0.03
J4,2334,0.03
J4,2335,-0.06
J4,2336,-0.06
J4,2337,0.03
J4,2338,-0.06
J4,2339,0.03
J4,2340,0.03
J4,2341,0.03
J4,2342,-0.06
J4,2343,0.03
J4,2344,-0.06
J4,2345,0.03
J4,2346,-0.06
J4,2347,-0.06
J4,2348,0.03
J4,2349,0.03
J4,2350,-0.06
J4,2351,-0.06
J4,2352,-0.06
J4,2353,0.03
J4,2354,-0.06
J4,2355,0.12
J4,2356,-0.06
J4,2357,0.03
J4,2358,-0.06
J4,2359,0.03
J4,2360,0.03
J4,2361,0.03
J4,2362,0.03
J4,2363,-0.06
J4,2364,0.03
J4,2365,-0.06
J4,2366,-0.06
J4,2367,-0.06
J4,2368,-0.06
J4,2369,0.03
J4,2370,0.03
J4,2371,-0.06
J4,2372,0.03
J4,2373,-0.06
J4,2374,-0.06
J4,2375,0.03
J4,2376,-0.06
J4,2377,-0.06
J4,2378,0.12
J4,2379,-0.06
J4,2380,0.03
J4,2381,0.03
J4,2382,-0.06
J4,2383,0.03
J4,2384,0.03
J4,2385,-0.06
J4,2386,-0.06
J4,2387,-0.06
J4,2388,-0.06
J4,2389,0.03
J4,2390,0.03
J4,2391,-0.06
J4,2392,0.03
J4,2393,0.03
J4,2394,-0.06
J4,2395,0.03
J4,2396,-0.06
J4,2397,0.03
J4,2398,0.03
J4,2399,-0.06
J4,2400,0.03
J4,2401,-0.06
J4,2402,0.03
J4,2403,-0.06
J4,2404,0.03
J4,2405,-0.06
J4,2406,0.03
J4,2407,0.03
J4,2408,-0.06
J4,2409,0.03
J4,2410,-0.06
J4,2411,-0.06
J4,2412,-0.06
J4,2413,-0.06
J4,2414,0.03
J4,2415,-0.06
J4,2416,-0.06
J4,2417,-0.06
J4,2418,-0.06
J4,2419,0.03
J4,2420,0.03
J4,2421,0.03
J4,2422,0.03
J4,2423,0.03
J4,2424,-0.06
J4,2425,0.03
J4,2426,-0.06
J4,2427,-0.06
J4,2428,-0.06
J4,2429,0.03
J4,2430,0.03
J4,2431,-0.06
J4,2432,0.03
J4,2433,0.03
J4,2434,0.03
J4,2435,0.03
J4,2436,-0.06
J4,2437,-0.06
J4,2438,-0.06
J4,2439,-0.06
J4,2440,0.03
J4,2441,0.03
J4,2442,0.03
J4,2443,-0.06
J4,2444,0.03
J4,2445,-0.06
J4,2446,-0.06
J4,2447,0.03
J4,2448,0.03
J4,2449,-0.06
J4,2450,0.03
J4,2451,-0.06
J4,2452,0.12
J4,2453,0.03
J4,2454,-0.06
J4,2455,-0.06
J4,2456,-0.06
J4,2457,-0.06
J4,2458,-0.06
J4,2459,0.03
J4,2460,-0.06
J4,2461,-0.06
J4,2462,-0.06
J4,2463,-0.06
J4,2464,0.03
J4,2465,-0.06
J4,2466,0.03
J4,2467,0.03
J4,2468,0.03
J4,2469,-0.06
J4,2470,0.03
J4,2471,0.03
J4,2472,-0.06
J4,2473,0.03
J4,2474,-0.06
J4,2475,-0.06
J4,2476,-0.06
J4,2477,-0.06
J4,2478,0.03
J4,2479,-0.06
J4,2480,-0.06
J4,2481,0.03
J4,2482,0.03
J4,2483,-0.06
J4,2484,-0.06
J4,2485,-0.06
J4,2486,-0.06
J4,2487,0.03
J4,2488,-0.06
J4,2489,-0.06
J4,2490,0.03
J4,2491,0.03
J4,2492,0.12
J4,2493,0.03
J4,2494,0.03
J4,2495,-0.06
J4,2496,-0.06
J4,2497,0.03
J4,2498,0.03
J4,2499,0.03
J4,2500,-0.06
J4,2501,0.03
J4,2502,0.03
J4,2503,0.03
J4,2504,-0.06
J4,2505,0.03
J4,2506,-0.06
J4,2507,0.03
J4,2508,-0.06
J4,2509,-0.06
J4,2510,0.03
J4,2511,0.03
J4,2512,0.03
J4,2513,0.03
J4,2514,0.03
J4,2515,-0.06
J4,2516,0.03
J4,2517,0.03
J4,2518,0.03
J4,2519,0.03
J4,2520,-0.06
J4,2521,-0.06
J4,2522,0.12
J4,2523,-0.06
J4,2524,0.03
J4,2525,-0.06
J4,2526,0.03
J4,2527,0.03
J4,2528,0.03
J4,2529,0.03
J4,2530,-0.06
J4,2531,0.03
J4,2532,-0.06
J4,2533,-0.06
J4,2534,0.03
J4,2535,0.03
J4,2536,-0.06
J4,2537,-0.06
J4,2538,0.03
J4,2539,0.03
J4,2540,0.03
J4,2541,-0.06
J4,2542,0.03
J4,2543,-0.06
J4,2544,-0.06
J4,2545,-0.06
J4,2546,-0.06
J4,2547,-0.06
J4,2548,0.03
J4,2549,0.03
J4,2550,-0.06
J4,2551,0.03
J4,2552,0.03
J4,2553,-0.06
J4,2554,0.03
J4,2555,0.03
J4,2556,0.03
J4,2557,-0.06
J4,2558,0.03
J4,2559,-0.06
J4,2560,-0.06
J4,2561,-0.06
J4,2562,-0.06
J4,2563,0.03
J4,2564,-0.06
J4,2565,0.03
J4,2566,0.03
J4,2567,-0.06
J4,2568,0.03
J4,2569,-0.06
J4,2570,-0.06
J4,2571,-0.06
J4,2572,-0.06
J4,2573,-0.06
J4,2574,0.03
J4,2575,0.03
J4,2576,0.03
J4,2577,-0.06
J4,2578,0.03
J4,2579,0.03
J4,2580,-0.06
J4,2581,0.03
J4,2582,-0.06
J4,2583,0.03
J4,2584,0.03
J4,2585,-0.06
J4,2586,-0.06
J4,2587,-0.06
J4,2588,-0.06
J4,2589,-0.06
J4,2590,0.03
J4,2591,-0.06
J4,2592,0.03
J4,2593,0.03
J4,2594,-0.06
J4,2595,0.03
J4,2596,-0.06
J4,2597,-0.06
J4,2598,-0.06
J4,2599,0.03
J4,2600,0.03
J4,2601,-0.06
J4,2602,-0.06
J4,2603,-0.06
J4,2604,0.03
J4,2605,-0.06
J4,2606,-0.06
J4,2607,0.03
J4,2608,-0.06
J4,2609,-0.06
J4,2610,0.03
J4,2611,0.03
J4,2612,0.03
J4,2613,0.03
J4,2614,0.03
J4,2615,0.03
J4,2616,0.03
J4,2617,0.03
J4,2618,-0.06
J4,2619,0.03
J4,2620,0.03
J4,2621,0.03
J4,2622,-0.06
J4,2623,-0.15
J4,2624,-0.06
J4,2625,0.03
J4,2626,-0.06
J4,2627,0.03
J4,2628,0.03
J4,2629,-0.06
J4,2630,-0.06
J4,2631,-0.06
J4,2632,0.03
J4,2633,-0.06
J4,2634,0.03
J4,2635,-0.06
J4,2636,-0.06
J4,2637,0.03
J4,2638,-0.06
J4,2639,0.03
J4,2640,0.03
J4,2641,0.03
J4,2642,0.03
J4,2643,0.03
J4,2644,0.03
J4,2645,-0.06
J4,2646,-0.06
J4,2647,-0.06
J4,2648,-0.06
J4,2649,0.03
J4,2650,-0.06
J4,2651,0.03
J4,2652,-0.06
J4,2653,0.03
J4,2654,0.03
J4,2655,-0.06
J4,2656,0.03
J4,2657,0.03
J4,2658,-0.06
J4,2659,-0.06
J4,2660,-0.06
J4,2661,-0.06
J4,2662,0.03
J4,2663,-0.06
J4,2664,-0.06
J4,2665,0.03
J4,2666,-0.06
J4,2667,-0.06
J4,2668,0.03
J4,2669,-0.06
J4,2670,0.03
J4,2671,0.12
J4,2672,0.03
J4,2673,0.03
J4,2674,0.03
J4,2675,0.03
J4,2676,0.03
J4,2677,-0.06
J4,2678,-0.06
J4,2679,0.03
J4,2680,0.03
J4,2681,0.03
J4,2682,-0.06
J4,2683,-0.06
J4,2684,-0.06
J4,2685,0.03
J4,2686,0.03
J4,2687,0.03
J4,2688,-0.06
J4,2689,0.03
J4,2690,0.03
J4,2691,0.03
J4,2692,0.03
J4,2693,-0.06
J4,2694,0.03
J4,2695,0.03
J4,2696,-0.06
J4,2697,0.03
J4,2698,0.03
J4,2699,0.03
J4,2700,-0.06
J4,2701,0.03
J4,2702,-0.06
J4,2703,0.03
J4,2704,-0.06
J4,2705,-0.06
J4,2706,-0.06
J4,2707,0.03
J4,2708,-0.06
J4,2709,-0.06
J4,2710,0.03
J4,2711,0.03
J4,2712,0.03
J4,2713,0.03
J4,2714,0.03
J4,2715,0.03
J4,2716,-0.06
J4,2717,-0.06
J4,2718,0.03
J4,2719,0.03
J4,2720,0.03
J4,2721,0.12
J4,2722,-0.06
J4,2723,0.03
J4,2724,-0.06
J4,2725,0.03
J4,2726,-0.06
J4,2727,0.03
J4,2728,-0.06
J4,2729,0.03
J4,2730,-0.06
J4,2731,0.03
J4,2732,0.03
J4,2733,-0.06
J4,2734,-0.06
J4,2735,-0.06
J4,2736,0.03
J4,2737,0.03
J4,2738,0.03
J4,2739,0.03
J4,2740,0.03
J4,2741,0.03
J4,2742,0.03
J4,2743,-0.06
J4,2744,0.03
J4,2745,0.03
J4,2746,0.03
J4,2747,0.03
J4,2748,-0.06
J4,2749,0.03
J4,2750,0.03
J4,2751,0.03
J4,2752,0.03
J4,2753,-0.06
J4,2754,0.03
J4,2755,-0.06
J4,2756,0.03
J4,2757,0.03
J4,2758,-0.06
J4,2759,0.03
J4,2760,-0.06
J4,2761,0.03
J4,2762,-0.06
J4,2763,0.03
J4,2764,0.03
J4,2765,0.03
J4,2766,0.03
J4,2767,0.03
J4,2768,0.03
J4,2769,-0.06
J4,2770,-0.06
J4,2771,-0.06
J4,2772,-0.06
J4,2773,-0.06
J4,2774,0.03
J4,2775,0.03
J4,2776,-0.06
J4,2777,0.03
J4,2778,-0.06
J4,2779,0.03
J4,2780,0.03
J4,2781,0.03
J4,2782,-0.06
J4,2783,0.03
J4,2784,0.03
J4,2785,-0.06
J4,2786,-0.06
J4,2787,-0.06
J4,2788,0.03
J4,2789,-0.06
J4,2790,0.03
J4,2791,0.03
J4,2792,0.03
J4,2793,0.03
J4,2794,-0.06
J4,2795,0.03
J4,2796,0.03
J4,2797,0.03
J4,2798,-0.06
J4,2799,0.03
J4,2800,-0.06
J4,2801,0.03
J4,2802,0.03
J4,2803,0.03
J4,2804,-0.06
J4,2805,-0.06
J4,2806,0.03
J4,2807,0.12
J4,2808,-0.06
J4,2809,0.03
J4,2810,-0.06
J4,2811,-0.06
J4,2812,0.03
J4,2813,-0.06
J4,2814,-0.06
J4,2815,0.03
J4,2816,0.03
J4,2817,0.03
J4,2818,0.03
J4,2819,0.03
J4,2820,0.03
J4,2821,0.03
J4,2822,0.03
J4,2823,0.03
J4,2824,-0.06
J4,2825,0.03
J4,2826,0.03
J4,2827,0.03
J4,2828,-0.06
J4,2829,0.03
J4,2830,0.03
J4,2831,0.03
J4,2832,0.03
J4,2833,-0.06
J4,2834,0.03
J4,2835,0.03
J4,2836,-0.06
J4,2837,0.03
J4,2838,-0.06
J4,2839,-0.06
J4,2840,0.03
J4,2841,0.03
J4,2842,-0.06
J4,2843,-0.06
J4,2844,-0.06
J4,2845,0.03
J4,2846,0.03
J4,2847,0.03
J4,2848,0.03
J4,2849,0.03
J4,2850,-0.06
J4,2851,0.03
J4,2852,-0.06
J4,2853,0.03
J4,2854,-0.06
J4,2855,0.03
J4,2856,-0.06
J4,2857,-0.06
J4,2858,-0.06
J4,2859,-0.06
J4,2860,-0.06
J4,2861,0.03
J4,2862,0.03
J4,2863,-0.06
J4,2864,-0.06
J4,2865,-0.06
J4,2866,-0.06
J4,2867,0.03
J4,2868,0.03
J4,2869,0.03
J4,2870,0.03
J4,2871,-0.06
J4,2872,0.03
J4,2873,-0.06
J4,2874,0.03
J4,2875,0.03
J4,2876,0.03
J4,2877,0.03
J4,2878,-0.06
J4,2879,-0.06
J4,2880,-0.06
J4,2881,0.03
J4,2882,-0.06
J4,2883,-0.06
J4,2884,0.03
J4,2885,0.03
J4,2886,0.03
J4,2887,0.12
J4,2888,-0.06
J4,2889,-0.06
J4,2890,0.03
J4,2891,0.03
J4,2892,0.03
J4,2893,-0.06
J4,2894,0.03
J4,2895,-0.06
J4,2896,0.03
J4,2897,-0.06
J4,2898,0.03
J4,2899,-0.06
J4,2900,0.03
J4,2901,0.03
J4,2902,0.03
J4,2903,-0.06
J4,2904,0.03
J4,2905,-0.06
J4,2906,0.03
J4,2907,0.03
J4,2908,-0.06
J4,2909,-0.06
J4,2910,0.03
J4,2911,0.03
J4,2912,0.03
J4,2913,0.03
J4,2914,0.03
J4,2915,0.03
J4,2916,-0.06
J4,2917,0.03
J4,2918,0.03
J4,2919,0.03
J4,2920,-0.06
J4,2921,-0.06
J4,2922,-0.06
J4,2923,-0.06
J4,2924,0.03
J4,2925,0.03
J4,2926,-0.06
J4,2927,0.03
J4,2928,-0.06
J4,2929,0.03
J4,2930,0.03
J4,2931,0.03
J4,2932,0.03
J4,2933,0.03
J4,2934,-0.06
J4,2935,0.03
J4,2936,0.03
J4,2937,0.03
J4,2938,-0.06
J4,2939,0.03
J4,2940,0.03
J4,2941,0.03
J4,2942,-0.06
J4,2943,-0.06
J4,2944,0.03
J4,2945,-0.06
J4,2946,0.03
J4,2947,0.03
J4,2948,0.03
J4,2949,0.03
J4,2950,0.03
J4,2951,0.03
J4,2952,0.03
J4,2953,-0.06
J4,2954,-0.06
J4,2955,0.03
J4,2956,0.03
J4,2957,0.03
J4,2958,-0.06
J4,2959,0.03
J4,2960,0.03
J4,2961,0.03
J4,2962,0.03
J4,2963,-0.06
J4,2964,-0.06
J4,2965,-0.06
J4,2966,-0.06
J4,2967,0.03
J4,2968,0.03
J4,2969,0.03
J4,2970,0.03
J4,2971,-0.06
J4,2972,0.03
J4,2973,0.03
J4,2974,0.03
J4,2975,0.03
J4,2976,0.03
J4,2977,-0.06
J4,2978,-0.06
J4,2979,0.03
J4,2980,0.03
J4,2981,0.03
J4,2982,-0.06
J4,2983,-0.06
J4,2984,0.03
J4,2985,0.03
J4,2986,0.03
J4,2987,-0.06
J4,2988,0.03
J4,2989,0.03
J4,2990,0.03
J4,2991,-0.06
J4,2992,0.03
J4,2993,0.03
J4,2994,-0.06
J4,2995,0.03
J4,2996,0.03
J4,2997,0.03
J4,2998,-0.06
J4,2999,0.03
J4,3000,-0.06
