sesi,servo,uji,t_ms,mv,t_cmd_ms
2026-08-10T05:51,J5,penuh_naik,0.0,286.5,80.0
2026-08-10T05:51,J5,penuh_naik,1.1,286.125,80.0
2026-08-10T05:51,J5,penuh_naik,2.3,286.125,80.0
2026-08-10T05:51,J5,penuh_naik,3.4,286.125,80.0
2026-08-10T05:51,J5,penuh_naik,4.6,287.0,80.0
2026-08-10T05:51,J5,penuh_naik,5.8,286.5,80.0
2026-08-10T05:51,J5,penuh_naik,6.9,286.625,80.0
2026-08-10T05:51,J5,penuh_naik,8.1,286.75,80.0
2026-08-10T05:51,J5,penuh_naik,9.2,286.5,80.0
2026-08-10T05:51,J5,penuh_naik,10.4,286.5,80.0
2026-08-10T05:51,J5,penuh_naik,11.6,286.0,80.0
2026-08-10T05:51,J5,penuh_naik,12.7,286.25,80.0
2026-08-10T05:51,J5,penuh_naik,13.9,286.5,80.0
2026-08-10T05:51,J5,penuh_naik,15.0,286.25,80.0
2026-08-10T05:51,J5,penuh_naik,16.2,286.625,80.0
2026-08-10T05:51,J5,penuh_naik,17.4,286.75,80.0
2026-08-10T05:51,J5,penuh_naik,18.5,286.5,80.0
2026-08-10T05:51,J5,penuh_naik,19.7,286.25,80.0
2026-08-10T05:51,J5,penuh_naik,20.8,286.5,80.0
2026-08-10T05:51,J5,penuh_naik,22.0,286.875,80.0
2026-08-10T05:51,J5,penuh_naik,23.2,286.375,80.0
2026-08-10T05:51,J5,penuh_naik,24.3,286.375,80.0
2026-08-10T05:51,J5,penuh_naik,25.5,287.0,80.0
2026-08-10T05:51,J5,penuh_naik,26.6,287.0,80.0
2026-08-10T05:51,J5,penuh_naik,27.8,286.875,80.0
2026-08-10T05:51,J5,penuh_naik,29.0,286.75,80.0
2026-08-10T05:51,J5,penuh_naik,30.1,286.375,80.0
2026-08-10T05:51,J5,penuh_naik,31.3,286.5,80.0
2026-08-10T05:51,J5,penuh_naik,32.4,286.5,80.0
2026-08-10T05:51,J5,penuh_naik,33.6,286.125,80.0
2026-08-10T05:51,J5,penuh_naik,34.8,286.5,80.0
2026-08-10T05:51,J5,penuh_naik,35.9,286.5,80.0
2026-08-10T05:51,J5,penuh_naik,37.1,286.375,80.0
2026-08-10T05:51,J5,penuh_naik,38.2,286.375,80.0
2026-08-10T05:51,J5,penuh_naik,39.4,286.25,80.0
2026-08-10T05:51,J5,penuh_naik,40.6,286.625,80.0
2026-08-10T05:51,J5,penuh_naik,41.7,286.125,80.0
2026-08-10T05:51,J5,penuh_naik,42.9,286.125,80.0
2026-08-10T05:51,J5,penuh_naik,44.0,286.5,80.0
2026-08-10T05:51,J5,penuh_naik,45.2,286.625,80.0
2026-08-10T05:51,J5,penuh_naik,46.4,286.375,80.0
2026-08-10T05:51,J5,penuh_naik,47.5,286.75,80.0
2026-08-10T05:51,J5,penuh_naik,48.7,286.5,80.0
2026-08-10T05:51,J5,penuh_naik,49.8,286.5,80.0
2026-08-10T05:51,J5,penuh_naik,51.0,286.5,80.0
2026-08-10T05:51,J5,penuh_naik,52.2,286.75,80.0
2026-08-10T05:51,J5,penuh_naik,53.3,287.25,80.0
2026-08-10T05:51,J5,penuh_naik,54.5,286.375,80.0
2026-08-10T05:51,J5,penuh_naik,55.6,286.125,80.0
2026-08-10T05:51,J5,penuh_naik,56.8,286.5,80.0
2026-08-10T05:51,J5,penuh_naik,58.0,286.5,80.0
2026-08-10T05:51,J5,penuh_naik,59.1,286.5,80.0
2026-08-10T05:51,J5,penuh_naik,60.3,286.5,80.0
2026-08-10T05:51,J5,penuh_naik,61.4,286.125,80.0
2026-08-10T05:51,J5,penuh_naik,62.6,286.25,80.0
2026-08-10T05:51,J5,penuh_naik,63.8,286.375,80.0
2026-08-10T05:51,J5,penuh_naik,64.9,286.125,80.0
2026-08-10T05:51,J5,penuh_naik,66.1,286.625,80.0
2026-08-10T05:51,J5,penuh_naik,67.2,286.75,80.0
2026-08-10T05:51,J5,penuh_naik,68.4,286.625,80.0
2026-08-10T05:51,J5,penuh_naik,69.6,286.875,80.0
2026-08-10T05:51,J5,penuh_naik,70.7,287.0,80.0
2026-08-10T05:51,J5,penuh_naik,71.9,287.0,80.0
2026-08-10T05:51,J5,penuh_naik,73.0,286.625,80.0
2026-08-10T05:51,J5,penuh_naik,74.2,286.625,80.0
2026-08-10T05:51,J5,penuh_naik,75.4,286.5,80.0
2026-08-10T05:51,J5,penuh_naik,76.5,286.75,80.0
2026-08-10T05:51,J5,penuh_naik,77.7,286.375,80.0
2026-08-10T05:51,J5,penuh_naik,78.8,286.375,80.0
2026-08-10T05:51,J5,penuh_naik,80.0,286.625,80.0
2026-08-10T05:51,J5,penuh_naik,81.2,286.125,80.0
2026-08-10T05:51,J5,penuh_naik,82.3,286.625,80.0
2026-08-10T05:51,J5,penuh_naik,83.5,286.375,80.0
2026-08-10T05:51,J5,penuh_naik,84.6,286.625,80.0
2026-08-10T05:51,J5,penuh_naik,85.8,286.75,80.0
2026-08-10T05:51,J5,penuh_naik,87.0,286.5,80.0
2026-08-10T05:51,J5,penuh_naik,88.1,286.875,80.0
2026-08-10T05:51,J5,penuh_naik,89.3,286.75,80.0
2026-08-10T05:51,J5,penuh_naik,90.4,286.5,80.0
2026-08-10T05:51,J5,penuh_naik,91.6,286.25,80.0
2026-08-10T05:51,J5,penuh_naik,92.8,286.125,80.0
2026-08-10T05:51,J5,penuh_naik,93.9,286.375,80.0
2026-08-10T05:51,J5,penuh_naik,95.1,286.5,80.0
2026-08-10T05:51,J5,penuh_naik,96.2,381.75,80.0
2026-08-10T05:51,J5,penuh_naik,97.4,381.75,80.0
2026-08-10T05:51,J5,penuh_naik,98.6,478.5,80.0
2026-08-10T05:51,J5,penuh_naik,99.7,490.125,80.0
2026-08-10T05:51,J5,penuh_naik,100.9,467.5,80.0
2026-08-10T05:51,J5,penuh_naik,102.0,470.125,80.0
2026-08-10T05:51,J5,penuh_naik,103.2,478.125,80.0
2026-08-10T05:51,J5,penuh_naik,104.4,476.5,80.0
2026-08-10T05:51,J5,penuh_naik,105.5,468.125,80.0
2026-08-10T05:51,J5,penuh_naik,106.7,442.875,80.0
2026-08-10T05:51,J5,penuh_naik,107.8,461.0,80.0
2026-08-10T05:51,J5,penuh_naik,109.0,463.375,80.0
2026-08-10T05:51,J5,penuh_naik,110.2,426.0,80.0
2026-08-10T05:51,J5,penuh_naik,111.3,449.875,80.0
2026-08-10T05:51,J5,penuh_naik,112.5,425.625,80.0
2026-08-10T05:51,J5,penuh_naik,113.6,445.875,80.0
2026-08-10T05:51,J5,penuh_naik,114.8,425.625,80.0
2026-08-10T05:51,J5,penuh_naik,116.0,437.875,80.0
2026-08-10T05:51,J5,penuh_naik,117.1,416.375,80.0
2026-08-10T05:51,J5,penuh_naik,118.3,439.125,80.0
2026-08-10T05:51,J5,penuh_naik,119.4,420.75,80.0
2026-08-10T05:51,J5,penuh_naik,120.6,420.75,80.0
2026-08-10T05:51,J5,penuh_naik,121.8,424.25,80.0
2026-08-10T05:51,J5,penuh_naik,122.9,435.875,80.0
2026-08-10T05:51,J5,penuh_naik,124.1,417.25,80.0
2026-08-10T05:51,J5,penuh_naik,125.2,422.375,80.0
2026-08-10T05:51,J5,penuh_naik,126.4,427.375,80.0
2026-08-10T05:51,J5,penuh_naik,127.6,421.625,80.0
2026-08-10T05:51,J5,penuh_naik,128.7,415.625,80.0
2026-08-10T05:51,J5,penuh_naik,129.9,421.25,80.0
2026-08-10T05:51,J5,penuh_naik,131.0,417.375,80.0
2026-08-10T05:51,J5,penuh_naik,132.2,427.375,80.0
2026-08-10T05:51,J5,penuh_naik,133.4,422.625,80.0
2026-08-10T05:51,J5,penuh_naik,134.5,420.0,80.0
2026-08-10T05:51,J5,penuh_naik,135.7,418.5,80.0
2026-08-10T05:51,J5,penuh_naik,136.8,420.625,80.0
2026-08-10T05:51,J5,penuh_naik,138.0,424.75,80.0
2026-08-10T05:51,J5,penuh_naik,139.2,424.75,80.0
2026-08-10T05:51,J5,penuh_naik,140.3,425.75,80.0
2026-08-10T05:51,J5,penuh_naik,141.5,426.375,80.0
2026-08-10T05:51,J5,penuh_naik,142.6,426.625,80.0
2026-08-10T05:51,J5,penuh_naik,143.8,426.625,80.0
2026-08-10T05:51,J5,penuh_naik,145.0,426.5,80.0
2026-08-10T05:51,J5,penuh_naik,146.1,428.875,80.0
2026-08-10T05:51,J5,penuh_naik,147.3,430.5,80.0
2026-08-10T05:51,J5,penuh_naik,148.4,431.875,80.0
2026-08-10T05:51,J5,penuh_naik,149.6,434.75,80.0
2026-08-10T05:51,J5,penuh_naik,150.8,437.375,80.0
2026-08-10T05:51,J5,penuh_naik,151.9,437.5,80.0
2026-08-10T05:51,J5,penuh_naik,153.1,439.625,80.0
2026-08-10T05:51,J5,penuh_naik,154.2,442.75,80.0
2026-08-10T05:51,J5,penuh_naik,155.4,445.5,80.0
2026-08-10T05:51,J5,penuh_naik,156.6,449.875,80.0
2026-08-10T05:51,J5,penuh_naik,157.7,448.875,80.0
2026-08-10T05:51,J5,penuh_naik,158.9,452.625,80.0
2026-08-10T05:51,J5,penuh_naik,160.0,454.625,80.0
2026-08-10T05:51,J5,penuh_naik,161.2,459.75,80.0
2026-08-10T05:51,J5,penuh_naik,162.4,462.5,80.0
2026-08-10T05:51,J5,penuh_naik,163.5,462.75,80.0
2026-08-10T05:51,J5,penuh_naik,164.7,469.875,80.0
2026-08-10T05:51,J5,penuh_naik,165.8,470.0,80.0
2026-08-10T05:51,J5,penuh_naik,167.0,470.0,80.0
2026-08-10T05:51,J5,penuh_naik,168.2,473.5,80.0
2026-08-10T05:51,J5,penuh_naik,169.3,475.125,80.0
2026-08-10T05:51,J5,penuh_naik,170.5,472.875,80.0
2026-08-10T05:51,J5,penuh_naik,171.6,478.5,80.0
2026-08-10T05:51,J5,penuh_naik,172.8,484.0,80.0
2026-08-10T05:51,J5,penuh_naik,174.0,488.125,80.0
2026-08-10T05:51,J5,penuh_naik,175.1,490.25,80.0
2026-08-10T05:51,J5,penuh_naik,176.3,493.0,80.0
2026-08-10T05:51,J5,penuh_naik,177.4,499.5,80.0
2026-08-10T05:51,J5,penuh_naik,178.6,502.0,80.0
2026-08-10T05:51,J5,penuh_naik,179.8,504.125,80.0
2026-08-10T05:51,J5,penuh_naik,180.9,510.0,80.0
2026-08-10T05:51,J5,penuh_naik,182.1,512.375,80.0
2026-08-10T05:51,J5,penuh_naik,183.2,512.125,80.0
2026-08-10T05:51,J5,penuh_naik,184.4,518.25,80.0
2026-08-10T05:51,J5,penuh_naik,185.6,521.5,80.0
2026-08-10T05:51,J5,penuh_naik,186.7,520.875,80.0
2026-08-10T05:51,J5,penuh_naik,187.9,528.375,80.0
2026-08-10T05:51,J5,penuh_naik,189.0,533.125,80.0
2026-08-10T05:51,J5,penuh_naik,190.2,532.75,80.0
2026-08-10T05:51,J5,penuh_naik,191.4,532.75,80.0
2026-08-10T05:51,J5,penuh_naik,192.5,540.125,80.0
2026-08-10T05:51,J5,penuh_naik,193.7,545.5,80.0
2026-08-10T05:51,J5,penuh_naik,194.8,547.125,80.0
2026-08-10T05:51,J5,penuh_naik,196.0,554.625,80.0
2026-08-10T05:51,J5,penuh_naik,197.2,559.875,80.0
2026-08-10T05:51,J5,penuh_naik,198.3,561.75,80.0
2026-08-10T05:51,J5,penuh_naik,199.5,567.5,80.0
2026-08-10T05:51,J5,penuh_naik,200.6,567.25,80.0
2026-08-10T05:51,J5,penuh_naik,201.8,570.875,80.0
2026-08-10T05:51,J5,penuh_naik,203.0,574.625,80.0
2026-08-10T05:51,J5,penuh_naik,204.1,579.5,80.0
2026-08-10T05:51,J5,penuh_naik,205.3,586.75,80.0
2026-08-10T05:51,J5,penuh_naik,206.4,587.875,80.0
2026-08-10T05:51,J5,penuh_naik,207.6,592.875,80.0
2026-08-10T05:51,J5,penuh_naik,208.8,596.625,80.0
2026-08-10T05:51,J5,penuh_naik,209.9,599.0,80.0
2026-08-10T05:51,J5,penuh_naik,211.1,604.375,80.0
2026-08-10T05:51,J5,penuh_naik,212.2,605.375,80.0
2026-08-10T05:51,J5,penuh_naik,213.4,607.75,80.0
2026-08-10T05:51,J5,penuh_naik,214.6,607.75,80.0
2026-08-10T05:51,J5,penuh_naik,215.7,606.875,80.0
2026-08-10T05:51,J5,penuh_naik,216.9,613.75,80.0
2026-08-10T05:51,J5,penuh_naik,218.0,615.625,80.0
2026-08-10T05:51,J5,penuh_naik,219.2,619.625,80.0
2026-08-10T05:51,J5,penuh_naik,220.4,626.125,80.0
2026-08-10T05:51,J5,penuh_naik,221.5,630.5,80.0
2026-08-10T05:51,J5,penuh_naik,222.7,636.25,80.0
2026-08-10T05:51,J5,penuh_naik,223.8,640.5,80.0
2026-08-10T05:51,J5,penuh_naik,225.0,646.875,80.0
2026-08-10T05:51,J5,penuh_naik,226.2,651.0,80.0
2026-08-10T05:51,J5,penuh_naik,227.3,655.375,80.0
2026-08-10T05:51,J5,penuh_naik,228.5,655.5,80.0
2026-08-10T05:51,J5,penuh_naik,229.6,662.75,80.0
2026-08-10T05:51,J5,penuh_naik,230.8,665.375,80.0
2026-08-10T05:51,J5,penuh_naik,232.0,670.375,80.0
2026-08-10T05:51,J5,penuh_naik,233.1,671.625,80.0
2026-08-10T05:51,J5,penuh_naik,234.3,678.25,80.0
2026-08-10T05:51,J5,penuh_naik,235.4,680.0,80.0
2026-08-10T05:51,J5,penuh_naik,236.6,686.5,80.0
2026-08-10T05:51,J5,penuh_naik,237.8,686.5,80.0
2026-08-10T05:51,J5,penuh_naik,238.9,690.375,80.0
2026-08-10T05:51,J5,penuh_naik,240.1,697.375,80.0
2026-08-10T05:51,J5,penuh_naik,241.2,699.5,80.0
2026-08-10T05:51,J5,penuh_naik,242.4,703.875,80.0
2026-08-10T05:51,J5,penuh_naik,243.6,705.75,80.0
2026-08-10T05:51,J5,penuh_naik,244.7,711.25,80.0
2026-08-10T05:51,J5,penuh_naik,245.9,713.625,80.0
2026-08-10T05:51,J5,penuh_naik,247.0,719.125,80.0
2026-08-10T05:51,J5,penuh_naik,248.2,723.0,80.0
2026-08-10T05:51,J5,penuh_naik,249.4,731.75,80.0
2026-08-10T05:51,J5,penuh_naik,250.5,736.875,80.0
2026-08-10T05:51,J5,penuh_naik,251.7,741.875,80.0
2026-08-10T05:51,J5,penuh_naik,252.8,744.375,80.0
2026-08-10T05:51,J5,penuh_naik,254.0,749.375,80.0
2026-08-10T05:51,J5,penuh_naik,255.2,752.375,80.0
2026-08-10T05:51,J5,penuh_naik,256.3,754.75,80.0
2026-08-10T05:51,J5,penuh_naik,257.5,759.125,80.0
2026-08-10T05:51,J5,penuh_naik,258.6,763.25,80.0
2026-08-10T05:51,J5,penuh_naik,259.8,770.375,80.0
2026-08-10T05:51,J5,penuh_naik,261.0,770.375,80.0
2026-08-10T05:51,J5,penuh_naik,262.1,773.625,80.0
2026-08-10T05:51,J5,penuh_naik,263.3,779.75,80.0
2026-08-10T05:51,J5,penuh_naik,264.4,782.0,80.0
2026-08-10T05:51,J5,penuh_naik,265.6,785.75,80.0
2026-08-10T05:51,J5,penuh_naik,266.8,788.375,80.0
2026-08-10T05:51,J5,penuh_naik,267.9,791.5,80.0
2026-08-10T05:51,J5,penuh_naik,269.1,796.875,80.0
2026-08-10T05:51,J5,penuh_naik,270.2,804.0,80.0
2026-08-10T05:51,J5,penuh_naik,271.4,813.0,80.0
2026-08-10T05:51,J5,penuh_naik,272.6,817.25,80.0
2026-08-10T05:51,J5,penuh_naik,273.7,822.125,80.0
2026-08-10T05:51,J5,penuh_naik,274.9,825.25,80.0
2026-08-10T05:51,J5,penuh_naik,276.0,828.75,80.0
2026-08-10T05:51,J5,penuh_naik,277.2,833.125,80.0
2026-08-10T05:51,J5,penuh_naik,278.4,837.125,80.0
2026-08-10T05:51,J5,penuh_naik,279.5,840.5,80.0
2026-08-10T05:51,J5,penuh_naik,280.7,845.5,80.0
2026-08-10T05:51,J5,penuh_naik,281.8,855.75,80.0
2026-08-10T05:51,J5,penuh_naik,283.0,858.625,80.0
2026-08-10T05:51,J5,penuh_naik,284.2,858.625,80.0
2026-08-10T05:51,J5,penuh_naik,285.3,862.0,80.0
2026-08-10T05:51,J5,penuh_naik,286.5,865.375,80.0
2026-08-10T05:51,J5,penuh_naik,287.6,867.25,80.0
2026-08-10T05:51,J5,penuh_naik,288.8,874.75,80.0
2026-08-10T05:51,J5,penuh_naik,290.0,883.0,80.0
2026-08-10T05:51,J5,penuh_naik,291.1,889.875,80.0
2026-08-10T05:51,J5,penuh_naik,292.3,895.0,80.0
2026-08-10T05:51,J5,penuh_naik,293.4,899.0,80.0
2026-08-10T05:51,J5,penuh_naik,294.6,903.125,80.0
2026-08-10T05:51,J5,penuh_naik,295.8,904.625,80.0
2026-08-10T05:51,J5,penuh_naik,296.9,911.625,80.0
2026-08-10T05:51,J5,penuh_naik,298.1,915.375,80.0
2026-08-10T05:51,J5,penuh_naik,299.2,920.375,80.0
2026-08-10T05:51,J5,penuh_naik,300.4,926.25,80.0
2026-08-10T05:51,J5,penuh_naik,301.6,931.875,80.0
2026-08-10T05:51,J5,penuh_naik,302.7,938.125,80.0
2026-08-10T05:51,J5,penuh_naik,303.9,942.375,80.0
2026-08-10T05:51,J5,penuh_naik,305.0,945.0,80.0
2026-08-10T05:51,J5,penuh_naik,306.2,949.625,80.0
2026-08-10T05:51,J5,penuh_naik,307.4,949.625,80.0
2026-08-10T05:51,J5,penuh_naik,308.5,953.875,80.0
2026-08-10T05:51,J5,penuh_naik,309.7,958.625,80.0
2026-08-10T05:51,J5,penuh_naik,310.8,963.0,80.0
2026-08-10T05:51,J5,penuh_naik,312.0,966.375,80.0
2026-08-10T05:51,J5,penuh_naik,313.2,972.875,80.0
2026-08-10T05:51,J5,penuh_naik,314.3,979.25,80.0
2026-08-10T05:51,J5,penuh_naik,315.5,983.625,80.0
2026-08-10T05:51,J5,penuh_naik,316.6,987.125,80.0
2026-08-10T05:51,J5,penuh_naik,317.8,990.875,80.0
2026-08-10T05:51,J5,penuh_naik,319.0,998.375,80.0
2026-08-10T05:51,J5,penuh_naik,320.1,1004.75,80.0
2026-08-10T05:51,J5,penuh_naik,321.3,1009.375,80.0
2026-08-10T05:51,J5,penuh_naik,322.4,1013.5,80.0
2026-08-10T05:51,J5,penuh_naik,323.6,1016.125,80.0
2026-08-10T05:51,J5,penuh_naik,324.8,1020.875,80.0
2026-08-10T05:51,J5,penuh_naik,325.9,1025.5,80.0
2026-08-10T05:51,J5,penuh_naik,327.1,1030.0,80.0
2026-08-10T05:51,J5,penuh_naik,328.2,1034.0,80.0
2026-08-10T05:51,J5,penuh_naik,329.4,1039.25,80.0
2026-08-10T05:51,J5,penuh_naik,330.6,1039.25,80.0
2026-08-10T05:51,J5,penuh_naik,331.7,1047.25,80.0
2026-08-10T05:51,J5,penuh_naik,332.9,1055.625,80.0
2026-08-10T05:51,J5,penuh_naik,334.0,1061.25,80.0
2026-08-10T05:51,J5,penuh_naik,335.2,1064.75,80.0
2026-08-10T05:51,J5,penuh_naik,336.4,1067.625,80.0
2026-08-10T05:51,J5,penuh_naik,337.5,1073.125,80.0
2026-08-10T05:51,J5,penuh_naik,338.7,1080.625,80.0
2026-08-10T05:51,J5,penuh_naik,339.8,1084.125,80.0
2026-08-10T05:51,J5,penuh_naik,341.0,1087.75,80.0
2026-08-10T05:51,J5,penuh_naik,342.2,1092.375,80.0
2026-08-10T05:51,J5,penuh_naik,343.3,1096.5,80.0
2026-08-10T05:51,J5,penuh_naik,344.5,1101.625,80.0
2026-08-10T05:51,J5,penuh_naik,345.6,1108.625,80.0
2026-08-10T05:51,J5,penuh_naik,346.8,1112.75,80.0
2026-08-10T05:51,J5,penuh_naik,348.0,1118.375,80.0
2026-08-10T05:51,J5,penuh_naik,349.1,1123.5,80.0
2026-08-10T05:51,J5,penuh_naik,350.3,1128.5,80.0
2026-08-10T05:51,J5,penuh_naik,351.4,1131.875,80.0
2026-08-10T05:51,J5,penuh_naik,352.6,1135.125,80.0
2026-08-10T05:51,J5,penuh_naik,353.8,1143.25,80.0
2026-08-10T05:51,J5,penuh_naik,354.9,1143.25,80.0
2026-08-10T05:51,J5,penuh_naik,356.1,1150.875,80.0
2026-08-10T05:51,J5,penuh_naik,357.2,1157.0,80.0
2026-08-10T05:51,J5,penuh_naik,358.4,1161.0,80.0
2026-08-10T05:51,J5,penuh_naik,359.6,1168.875,80.0
2026-08-10T05:51,J5,penuh_naik,360.7,1174.625,80.0
2026-08-10T05:51,J5,penuh_naik,361.9,1178.75,80.0
2026-08-10T05:51,J5,penuh_naik,363.0,1183.25,80.0
2026-08-10T05:51,J5,penuh_naik,364.2,1187.25,80.0
2026-08-10T05:51,J5,penuh_naik,365.4,1196.5,80.0
2026-08-10T05:51,J5,penuh_naik,366.5,1202.625,80.0
2026-08-10T05:51,J5,penuh_naik,367.7,1205.25,80.0
2026-08-10T05:51,J5,penuh_naik,368.8,1209.375,80.0
2026-08-10T05:51,J5,penuh_naik,370.0,1212.75,80.0
2026-08-10T05:51,J5,penuh_naik,371.2,1217.0,80.0
2026-08-10T05:51,J5,penuh_naik,372.3,1221.125,80.0
2026-08-10T05:51,J5,penuh_naik,373.5,1225.625,80.0
2026-08-10T05:51,J5,penuh_naik,374.6,1228.75,80.0
2026-08-10T05:51,J5,penuh_naik,375.8,1234.125,80.0
2026-08-10T05:51,J5,penuh_naik,377.0,1239.25,80.0
2026-08-10T05:51,J5,penuh_naik,378.1,1239.25,80.0
2026-08-10T05:51,J5,penuh_naik,379.3,1246.625,80.0
2026-08-10T05:51,J5,penuh_naik,380.4,1253.25,80.0
2026-08-10T05:51,J5,penuh_naik,381.6,1259.625,80.0
2026-08-10T05:51,J5,penuh_naik,382.8,1265.875,80.0
2026-08-10T05:51,J5,penuh_naik,383.9,1272.125,80.0
2026-08-10T05:51,J5,penuh_naik,385.1,1276.0,80.0
2026-08-10T05:51,J5,penuh_naik,386.2,1280.875,80.0
2026-08-10T05:51,J5,penuh_naik,387.4,1286.5,80.0
2026-08-10T05:51,J5,penuh_naik,388.6,1290.25,80.0
2026-08-10T05:51,J5,penuh_naik,389.7,1294.875,80.0
2026-08-10T05:51,J5,penuh_naik,390.9,1300.75,80.0
2026-08-10T05:51,J5,penuh_naik,392.0,1304.625,80.0
2026-08-10T05:51,J5,penuh_naik,393.2,1309.125,80.0
2026-08-10T05:51,J5,penuh_naik,394.4,1320.125,80.0
2026-08-10T05:51,J5,penuh_naik,395.5,1328.875,80.0
2026-08-10T05:51,J5,penuh_naik,396.7,1335.0,80.0
2026-08-10T05:51,J5,penuh_naik,397.8,1337.625,80.0
2026-08-10T05:51,J5,penuh_naik,399.0,1339.25,80.0
2026-08-10T05:51,J5,penuh_naik,400.2,1341.125,80.0
2026-08-10T05:51,J5,penuh_naik,401.3,1341.125,80.0
2026-08-10T05:51,J5,penuh_naik,402.5,1346.125,80.0
2026-08-10T05:51,J5,penuh_naik,403.6,1350.375,80.0
2026-08-10T05:51,J5,penuh_naik,404.8,1354.375,80.0
2026-08-10T05:51,J5,penuh_naik,406.0,1365.75,80.0
2026-08-10T05:51,J5,penuh_naik,407.1,1374.125,80.0
2026-08-10T05:51,J5,penuh_naik,408.3,1379.375,80.0
2026-08-10T05:51,J5,penuh_naik,409.4,1381.875,80.0
2026-08-10T05:51,J5,penuh_naik,410.6,1385.25,80.0
2026-08-10T05:51,J5,penuh_naik,411.8,1391.0,80.0
2026-08-10T05:51,J5,penuh_naik,412.9,1398.875,80.0
2026-08-10T05:51,J5,penuh_naik,414.1,1405.5,80.0
2026-08-10T05:51,J5,penuh_naik,415.2,1409.0,80.0
2026-08-10T05:51,J5,penuh_naik,416.4,1414.875,80.0
2026-08-10T05:51,J5,penuh_naik,417.6,1421.875,80.0
2026-08-10T05:51,J5,penuh_naik,418.7,1428.25,80.0
2026-08-10T05:51,J5,penuh_naik,419.9,1434.875,80.0
2026-08-10T05:51,J5,penuh_naik,421.0,1439.125,80.0
2026-08-10T05:51,J5,penuh_naik,422.2,1441.875,80.0
2026-08-10T05:51,J5,penuh_naik,423.4,1445.75,80.0
2026-08-10T05:51,J5,penuh_naik,424.5,1445.75,80.0
2026-08-10T05:51,J5,penuh_naik,425.7,1449.625,80.0
2026-08-10T05:51,J5,penuh_naik,426.8,1455.5,80.0
2026-08-10T05:51,J5,penuh_naik,428.0,1462.25,80.0
2026-08-10T05:51,J5,penuh_naik,429.2,1467.25,80.0
2026-08-10T05:51,J5,penuh_naik,430.3,1474.5,80.0
2026-08-10T05:51,J5,penuh_naik,431.5,1478.0,80.0
2026-08-10T05:51,J5,penuh_naik,432.6,1480.0,80.0
2026-08-10T05:51,J5,penuh_naik,433.8,1486.875,80.0
2026-08-10T05:51,J5,penuh_naik,435.0,1492.0,80.0
2026-08-10T05:51,J5,penuh_naik,436.1,1499.625,80.0
2026-08-10T05:51,J5,penuh_naik,437.3,1504.375,80.0
2026-08-10T05:51,J5,penuh_naik,438.4,1509.5,80.0
2026-08-10T05:51,J5,penuh_naik,439.6,1513.5,80.0
2026-08-10T05:51,J5,penuh_naik,440.8,1517.375,80.0
2026-08-10T05:51,J5,penuh_naik,441.9,1522.875,80.0
2026-08-10T05:51,J5,penuh_naik,443.1,1526.75,80.0
2026-08-10T05:51,J5,penuh_naik,444.2,1531.625,80.0
2026-08-10T05:51,J5,penuh_naik,445.4,1537.5,80.0
2026-08-10T05:51,J5,penuh_naik,446.6,1544.375,80.0
2026-08-10T05:51,J5,penuh_naik,447.7,1544.375,80.0
2026-08-10T05:51,J5,penuh_naik,448.9,1550.5,80.0
2026-08-10T05:51,J5,penuh_naik,450.0,1555.625,80.0
2026-08-10T05:51,J5,penuh_naik,451.2,1560.5,80.0
2026-08-10T05:51,J5,penuh_naik,452.4,1568.5,80.0
2026-08-10T05:51,J5,penuh_naik,453.5,1573.25,80.0
2026-08-10T05:51,J5,penuh_naik,454.7,1577.375,80.0
2026-08-10T05:51,J5,penuh_naik,455.8,1582.625,80.0
2026-08-10T05:51,J5,penuh_naik,457.0,1585.875,80.0
2026-08-10T05:51,J5,penuh_naik,458.2,1591.75,80.0
2026-08-10T05:51,J5,penuh_naik,459.3,1598.125,80.0
2026-08-10T05:51,J5,penuh_naik,460.5,1603.375,80.0
2026-08-10T05:51,J5,penuh_naik,461.6,1608.5,80.0
2026-08-10T05:51,J5,penuh_naik,462.8,1613.0,80.0
2026-08-10T05:51,J5,penuh_naik,464.0,1619.875,80.0
2026-08-10T05:51,J5,penuh_naik,465.1,1626.25,80.0
2026-08-10T05:51,J5,penuh_naik,466.3,1629.75,80.0
2026-08-10T05:51,J5,penuh_naik,467.4,1635.0,80.0
2026-08-10T05:51,J5,penuh_naik,468.6,1638.875,80.0
2026-08-10T05:51,J5,penuh_naik,469.8,1641.875,80.0
2026-08-10T05:51,J5,penuh_naik,470.9,1641.875,80.0
2026-08-10T05:51,J5,penuh_naik,472.1,1646.5,80.0
2026-08-10T05:51,J5,penuh_naik,473.2,1653.125,80.0
2026-08-10T05:51,J5,penuh_naik,474.4,1658.0,80.0
2026-08-10T05:51,J5,penuh_naik,475.6,1663.875,80.0
2026-08-10T05:51,J5,penuh_naik,476.7,1669.125,80.0
2026-08-10T05:51,J5,penuh_naik,477.9,1672.0,80.0
2026-08-10T05:51,J5,penuh_naik,479.0,1674.125,80.0
2026-08-10T05:51,J5,penuh_naik,480.2,1677.375,80.0
2026-08-10T05:51,J5,penuh_naik,481.4,1684.5,80.0
2026-08-10T05:51,J5,penuh_naik,482.5,1694.25,80.0
2026-08-10T05:51,J5,penuh_naik,483.7,1701.375,80.0
2026-08-10T05:51,J5,penuh_naik,484.8,1705.75,80.0
2026-08-10T05:51,J5,penuh_naik,486.0,1710.0,80.0
2026-08-10T05:51,J5,penuh_naik,487.2,1712.75,80.0
2026-08-10T05:51,J5,penuh_naik,488.3,1717.375,80.0
2026-08-10T05:51,J5,penuh_naik,489.5,1724.25,80.0
2026-08-10T05:51,J5,penuh_naik,490.6,1731.0,80.0
2026-08-10T05:51,J5,penuh_naik,491.8,1735.875,80.0
2026-08-10T05:51,J5,penuh_naik,493.0,1741.125,80.0
2026-08-10T05:51,J5,penuh_naik,494.1,1741.125,80.0
2026-08-10T05:51,J5,penuh_naik,495.3,1745.625,80.0
2026-08-10T05:51,J5,penuh_naik,496.4,1749.75,80.0
2026-08-10T05:51,J5,penuh_naik,497.6,1754.5,80.0
2026-08-10T05:51,J5,penuh_naik,498.8,1761.125,80.0
2026-08-10T05:51,J5,penuh_naik,499.9,1768.875,80.0
2026-08-10T05:51,J5,penuh_naik,501.1,1774.875,80.0
2026-08-10T05:51,J5,penuh_naik,502.2,1779.75,80.0
2026-08-10T05:51,J5,penuh_naik,503.4,1783.375,80.0
2026-08-10T05:51,J5,penuh_naik,504.6,1789.5,80.0
2026-08-10T05:51,J5,penuh_naik,505.7,1793.5,80.0
2026-08-10T05:51,J5,penuh_naik,506.9,1797.875,80.0
2026-08-10T05:51,J5,penuh_naik,508.0,1802.5,80.0
2026-08-10T05:51,J5,penuh_naik,509.2,1807.125,80.0
2026-08-10T05:51,J5,penuh_naik,510.4,1813.125,80.0
2026-08-10T05:51,J5,penuh_naik,511.5,1820.0,80.0
2026-08-10T05:51,J5,penuh_naik,512.7,1825.125,80.0
2026-08-10T05:51,J5,penuh_naik,513.8,1831.875,80.0
2026-08-10T05:51,J5,penuh_naik,515.0,1840.375,80.0
2026-08-10T05:51,J5,penuh_naik,516.2,1849.25,80.0
2026-08-10T05:51,J5,penuh_naik,517.3,1856.0,80.0
2026-08-10T05:51,J5,penuh_naik,518.5,1856.0,80.0
2026-08-10T05:51,J5,penuh_naik,519.6,1859.75,80.0
2026-08-10T05:51,J5,penuh_naik,520.8,1865.125,80.0
2026-08-10T05:51,J5,penuh_naik,522.0,1869.625,80.0
2026-08-10T05:51,J5,penuh_naik,523.1,1872.625,80.0
2026-08-10T05:51,J5,penuh_naik,524.3,1875.625,80.0
2026-08-10T05:51,J5,penuh_naik,525.4,1880.875,80.0
2026-08-10T05:51,J5,penuh_naik,526.6,1890.375,80.0
2026-08-10T05:51,J5,penuh_naik,527.8,1898.375,80.0
2026-08-10T05:51,J5,penuh_naik,528.9,1903.875,80.0
2026-08-10T05:51,J5,penuh_naik,530.1,1909.625,80.0
2026-08-10T05:51,J5,penuh_naik,531.2,1915.75,80.0
2026-08-10T05:51,J5,penuh_naik,532.4,1920.25,80.0
2026-08-10T05:51,J5,penuh_naik,533.6,1925.875,80.0
2026-08-10T05:51,J5,penuh_naik,534.7,1932.25,80.0
2026-08-10T05:51,J5,penuh_naik,535.9,1938.25,80.0
2026-08-10T05:51,J5,penuh_naik,537.0,1943.75,80.0
2026-08-10T05:51,J5,penuh_naik,538.2,1950.0,80.0
2026-08-10T05:51,J5,penuh_naik,539.4,1958.0,80.0
2026-08-10T05:51,J5,penuh_naik,540.5,1962.875,80.0
2026-08-10T05:51,J5,penuh_naik,541.7,1962.875,80.0
2026-08-10T05:51,J5,penuh_naik,542.8,1965.125,80.0
2026-08-10T05:51,J5,penuh_naik,544.0,1969.25,80.0
2026-08-10T05:51,J5,penuh_naik,545.2,1975.25,80.0
2026-08-10T05:51,J5,penuh_naik,546.3,1984.875,80.0
2026-08-10T05:51,J5,penuh_naik,547.5,1992.25,80.0
2026-08-10T05:51,J5,penuh_naik,548.6,1995.125,80.0
2026-08-10T05:51,J5,penuh_naik,549.8,1999.625,80.0
2026-08-10T05:51,J5,penuh_naik,551.0,2003.875,80.0
2026-08-10T05:51,J5,penuh_naik,552.1,2009.875,80.0
2026-08-10T05:51,J5,penuh_naik,553.3,2015.75,80.0
2026-08-10T05:51,J5,penuh_naik,554.4,2024.625,80.0
2026-08-10T05:51,J5,penuh_naik,555.6,2031.75,80.0
2026-08-10T05:51,J5,penuh_naik,556.8,2034.75,80.0
2026-08-10T05:51,J5,penuh_naik,557.9,2039.875,80.0
2026-08-10T05:51,J5,penuh_naik,559.1,2046.0,80.0
2026-08-10T05:51,J5,penuh_naik,560.2,2051.625,80.0
2026-08-10T05:51,J5,penuh_naik,561.4,2059.375,80.0
2026-08-10T05:51,J5,penuh_naik,562.6,2065.0,80.0
2026-08-10T05:51,J5,penuh_naik,563.7,2071.875,80.0
2026-08-10T05:51,J5,penuh_naik,564.9,2071.875,80.0
2026-08-10T05:51,J5,penuh_naik,566.0,2077.75,80.0
2026-08-10T05:51,J5,penuh_naik,567.2,2083.875,80.0
2026-08-10T05:51,J5,penuh_naik,568.4,2090.0,80.0
2026-08-10T05:51,J5,penuh_naik,569.5,2092.25,80.0
2026-08-10T05:51,J5,penuh_naik,570.7,2095.625,80.0
2026-08-10T05:51,J5,penuh_naik,571.8,2099.625,80.0
2026-08-10T05:51,J5,penuh_naik,573.0,2104.5,80.0
2026-08-10T05:51,J5,penuh_naik,574.2,2113.5,80.0
2026-08-10T05:51,J5,penuh_naik,575.3,2120.25,80.0
2026-08-10T05:51,J5,penuh_naik,576.5,2124.625,80.0
2026-08-10T05:51,J5,penuh_naik,577.6,2131.25,80.0
2026-08-10T05:51,J5,penuh_naik,578.8,2136.625,80.0
2026-08-10T05:51,J5,penuh_naik,580.0,2141.5,80.0
2026-08-10T05:51,J5,penuh_naik,581.1,2144.0,80.0
2026-08-10T05:51,J5,penuh_naik,582.3,2148.875,80.0
2026-08-10T05:51,J5,penuh_naik,583.4,2154.75,80.0
2026-08-10T05:51,J5,penuh_naik,584.6,2161.125,80.0
2026-08-10T05:51,J5,penuh_naik,585.8,2167.625,80.0
2026-08-10T05:51,J5,penuh_naik,586.9,2172.0,80.0
2026-08-10T05:51,J5,penuh_naik,588.1,2172.0,80.0
2026-08-10T05:51,J5,penuh_naik,589.2,2175.625,80.0
2026-08-10T05:51,J5,penuh_naik,590.4,2178.875,80.0
2026-08-10T05:51,J5,penuh_naik,591.6,2182.125,80.0
2026-08-10T05:51,J5,penuh_naik,592.7,2188.875,80.0
2026-08-10T05:51,J5,penuh_naik,593.9,2194.875,80.0
2026-08-10T05:51,J5,penuh_naik,595.0,2203.25,80.0
2026-08-10T05:51,J5,penuh_naik,596.2,2209.875,80.0
2026-08-10T05:51,J5,penuh_naik,597.4,2215.875,80.0
2026-08-10T05:51,J5,penuh_naik,598.5,2220.5,80.0
2026-08-10T05:51,J5,penuh_naik,599.7,2222.0,80.0
2026-08-10T05:51,J5,penuh_naik,600.8,2226.75,80.0
2026-08-10T05:51,J5,penuh_naik,602.0,2232.5,80.0
2026-08-10T05:51,J5,penuh_naik,603.2,2238.625,80.0
2026-08-10T05:51,J5,penuh_naik,604.3,2244.5,80.0
2026-08-10T05:51,J5,penuh_naik,605.5,2252.5,80.0
2026-08-10T05:51,J5,penuh_naik,606.6,2255.5,80.0
2026-08-10T05:51,J5,penuh_naik,607.8,2262.125,80.0
2026-08-10T05:51,J5,penuh_naik,609.0,2268.75,80.0
2026-08-10T05:51,J5,penuh_naik,610.1,2272.875,80.0
2026-08-10T05:51,J5,penuh_naik,611.3,2272.875,80.0
2026-08-10T05:51,J5,penuh_naik,612.4,2276.625,80.0
2026-08-10T05:51,J5,penuh_naik,613.6,2282.0,80.0
2026-08-10T05:51,J5,penuh_naik,614.8,2286.625,80.0
2026-08-10T05:51,J5,penuh_naik,615.9,2291.875,80.0
2026-08-10T05:51,J5,penuh_naik,617.1,2297.5,80.0
2026-08-10T05:51,J5,penuh_naik,618.2,2302.75,80.0
2026-08-10T05:51,J5,penuh_naik,619.4,2309.75,80.0
2026-08-10T05:51,J5,penuh_naik,620.6,2316.625,80.0
2026-08-10T05:51,J5,penuh_naik,621.7,2322.625,80.0
2026-08-10T05:51,J5,penuh_naik,622.9,2328.25,80.0
2026-08-10T05:51,J5,penuh_naik,624.0,2336.0,80.0
2026-08-10T05:51,J5,penuh_naik,625.2,2343.375,80.0
2026-08-10T05:51,J5,penuh_naik,626.4,2347.0,80.0
2026-08-10T05:51,J5,penuh_naik,627.5,2350.625,80.0
2026-08-10T05:51,J5,penuh_naik,628.7,2354.5,80.0
2026-08-10T05:51,J5,penuh_naik,629.8,2358.625,80.0
2026-08-10T05:51,J5,penuh_naik,631.0,2362.375,80.0
2026-08-10T05:51,J5,penuh_naik,632.2,2367.625,80.0
2026-08-10T05:51,J5,penuh_naik,633.3,2376.0,80.0
2026-08-10T05:51,J5,penuh_naik,634.5,2376.0,80.0
2026-08-10T05:51,J5,penuh_naik,635.6,2384.375,80.0
2026-08-10T05:51,J5,penuh_naik,636.8,2389.125,80.0
2026-08-10T05:51,J5,penuh_naik,638.0,2393.5,80.0
2026-08-10T05:51,J5,penuh_naik,639.1,2396.75,80.0
2026-08-10T05:51,J5,penuh_naik,640.3,2401.75,80.0
2026-08-10T05:51,J5,penuh_naik,641.4,2412.625,80.0
2026-08-10T05:51,J5,penuh_naik,642.6,2420.375,80.0
2026-08-10T05:51,J5,penuh_naik,643.8,2425.375,80.0
2026-08-10T05:51,J5,penuh_naik,644.9,2431.5,80.0
2026-08-10T05:51,J5,penuh_naik,646.1,2438.25,80.0
2026-08-10T05:51,J5,penuh_naik,647.2,2441.75,80.0
2026-08-10T05:51,J5,penuh_naik,648.4,2444.0,80.0
2026-08-10T05:51,J5,penuh_naik,649.6,2446.875,80.0
2026-08-10T05:51,J5,penuh_naik,650.7,2452.125,80.0
2026-08-10T05:51,J5,penuh_naik,651.9,2459.0,80.0
2026-08-10T05:51,J5,penuh_naik,653.0,2469.0,80.0
2026-08-10T05:51,J5,penuh_naik,654.2,2473.75,80.0
2026-08-10T05:51,J5,penuh_naik,655.4,2477.0,80.0
2026-08-10T05:51,J5,penuh_naik,656.5,2482.875,80.0
2026-08-10T05:51,J5,penuh_naik,657.7,2482.875,80.0
2026-08-10T05:51,J5,penuh_naik,658.8,2490.0,80.0
2026-08-10T05:51,J5,penuh_naik,660.0,2495.75,80.0
2026-08-10T05:51,J5,penuh_naik,661.2,2502.125,80.0
2026-08-10T05:51,J5,penuh_naik,662.3,2505.875,80.0
2026-08-10T05:51,J5,penuh_naik,663.5,2510.125,80.0
2026-08-10T05:51,J5,penuh_naik,664.6,2517.5,80.0
2026-08-10T05:51,J5,penuh_naik,665.8,2526.75,80.0
2026-08-10T05:51,J5,penuh_naik,667.0,2532.25,80.0
2026-08-10T05:51,J5,penuh_naik,668.1,2535.0,80.0
2026-08-10T05:51,J5,penuh_naik,669.3,2540.0,80.0
2026-08-10T05:51,J5,penuh_naik,670.4,2548.125,80.0
2026-08-10T05:51,J5,penuh_naik,671.6,2552.5,80.0
2026-08-10T05:51,J5,penuh_naik,672.8,2557.375,80.0
2026-08-10T05:51,J5,penuh_naik,673.9,2561.625,80.0
2026-08-10T05:51,J5,penuh_naik,675.1,2565.125,80.0
2026-08-10T05:51,J5,penuh_naik,676.2,2570.875,80.0
2026-08-10T05:51,J5,penuh_naik,677.4,2578.0,80.0
2026-08-10T05:51,J5,penuh_naik,678.6,2586.125,80.0
2026-08-10T05:51,J5,penuh_naik,679.7,2591.125,80.0
2026-08-10T05:51,J5,penuh_naik,680.9,2596.25,80.0
2026-08-10T05:51,J5,penuh_naik,682.0,2596.25,80.0
2026-08-10T05:51,J5,penuh_naik,683.2,2600.625,80.0
2026-08-10T05:51,J5,penuh_naik,684.4,2605.875,80.0
2026-08-10T05:51,J5,penuh_naik,685.5,2612.875,80.0
2026-08-10T05:51,J5,penuh_naik,686.7,2620.375,80.0
2026-08-10T05:51,J5,penuh_naik,687.8,2624.5,80.0
2026-08-10T05:51,J5,penuh_naik,689.0,2630.625,80.0
2026-08-10T05:51,J5,penuh_naik,690.2,2635.375,80.0
2026-08-10T05:51,J5,penuh_naik,691.3,2641.125,80.0
2026-08-10T05:51,J5,penuh_naik,692.5,2649.5,80.0
2026-08-10T05:51,J5,penuh_naik,693.6,2656.25,80.0
2026-08-10T05:51,J5,penuh_naik,694.8,2659.5,80.0
2026-08-10T05:51,J5,penuh_naik,696.0,2664.5,80.0
2026-08-10T05:51,J5,penuh_naik,697.1,2672.0,80.0
2026-08-10T05:51,J5,penuh_naik,698.3,2676.5,80.0
2026-08-10T05:51,J5,penuh_naik,699.4,2682.5,80.0
2026-08-10T05:51,J5,penuh_naik,700.6,2688.25,80.0
2026-08-10T05:51,J5,penuh_naik,701.8,2697.375,80.0
2026-08-10T05:51,J5,penuh_naik,702.9,2703.25,80.0
2026-08-10T05:51,J5,penuh_naik,704.1,2708.75,80.0
2026-08-10T05:51,J5,penuh_naik,705.2,2708.75,80.0
2026-08-10T05:51,J5,penuh_naik,706.4,2714.375,80.0
2026-08-10T05:51,J5,penuh_naik,707.6,2720.125,80.0
2026-08-10T05:51,J5,penuh_naik,708.7,2724.625,80.0
2026-08-10T05:51,J5,penuh_naik,709.9,2730.75,80.0
2026-08-10T05:51,J5,penuh_naik,711.0,2737.875,80.0
2026-08-10T05:51,J5,penuh_naik,712.2,2745.0,80.0
2026-08-10T05:51,J5,penuh_naik,713.4,2749.125,80.0
2026-08-10T05:51,J5,penuh_naik,714.5,2753.25,80.0
2026-08-10T05:51,J5,penuh_naik,715.7,2758.875,80.0
2026-08-10T05:51,J5,penuh_naik,716.8,2766.625,80.0
2026-08-10T05:51,J5,penuh_naik,718.0,2770.625,80.0
2026-08-10T05:51,J5,penuh_naik,719.2,2773.625,80.0
2026-08-10T05:51,J5,penuh_naik,720.3,2781.75,80.0
2026-08-10T05:51,J5,penuh_naik,721.5,2786.625,80.0
2026-08-10T05:51,J5,penuh_naik,722.6,2792.25,80.0
2026-08-10T05:51,J5,penuh_naik,723.8,2796.875,80.0
2026-08-10T05:51,J5,penuh_naik,725.0,2801.25,80.0
2026-08-10T05:51,J5,penuh_naik,726.1,2808.5,80.0
2026-08-10T05:51,J5,penuh_naik,727.3,2813.25,80.0
2026-08-10T05:51,J5,penuh_naik,728.4,2813.25,80.0
2026-08-10T05:51,J5,penuh_naik,729.6,2819.625,80.0
2026-08-10T05:51,J5,penuh_naik,730.8,2825.0,80.0
2026-08-10T05:51,J5,penuh_naik,731.9,2829.75,80.0
2026-08-10T05:51,J5,penuh_naik,733.1,2836.5,80.0
2026-08-10T05:51,J5,penuh_naik,734.2,2847.25,80.0
2026-08-10T05:51,J5,penuh_naik,735.4,2840.75,80.0
2026-08-10T05:51,J5,penuh_naik,736.6,2846.875,80.0
2026-08-10T05:51,J5,penuh_naik,737.7,2856.625,80.0
2026-08-10T05:51,J5,penuh_naik,738.9,2862.0,80.0
2026-08-10T05:51,J5,penuh_naik,740.0,2865.5,80.0
2026-08-10T05:51,J5,penuh_naik,741.2,2872.5,80.0
2026-08-10T05:51,J5,penuh_naik,742.4,2877.625,80.0
2026-08-10T05:51,J5,penuh_naik,743.5,2881.125,80.0
2026-08-10T05:51,J5,penuh_naik,744.7,2887.375,80.0
2026-08-10T05:51,J5,penuh_naik,745.8,2903.75,80.0
2026-08-10T05:51,J5,penuh_naik,747.0,2940.375,80.0
2026-08-10T05:51,J5,penuh_naik,748.2,2975.75,80.0
2026-08-10T05:51,J5,penuh_naik,749.3,2991.125,80.0
2026-08-10T05:51,J5,penuh_naik,750.5,2995.0,80.0
2026-08-10T05:51,J5,penuh_naik,751.6,2995.0,80.0
2026-08-10T05:51,J5,penuh_naik,752.8,2976.5,80.0
2026-08-10T05:51,J5,penuh_naik,754.0,3039.75,80.0
2026-08-10T05:51,J5,penuh_naik,755.1,3064.375,80.0
2026-08-10T05:51,J5,penuh_naik,756.3,2997.125,80.0
2026-08-10T05:51,J5,penuh_naik,757.4,2980.75,80.0
2026-08-10T05:51,J5,penuh_naik,758.6,2972.5,80.0
2026-08-10T05:51,J5,penuh_naik,759.8,3027.125,80.0
2026-08-10T05:51,J5,penuh_naik,760.9,3042.75,80.0
2026-08-10T05:51,J5,penuh_naik,762.1,3024.375,80.0
2026-08-10T05:51,J5,penuh_naik,763.2,3033.25,80.0
2026-08-10T05:51,J5,penuh_naik,764.4,3047.0,80.0
2026-08-10T05:51,J5,penuh_naik,765.6,3107.875,80.0
2026-08-10T05:51,J5,penuh_naik,766.7,3092.75,80.0
2026-08-10T05:51,J5,penuh_naik,767.9,3036.5,80.0
2026-08-10T05:51,J5,penuh_naik,769.0,3018.875,80.0
2026-08-10T05:51,J5,penuh_naik,770.2,3015.75,80.0
2026-08-10T05:51,J5,penuh_naik,771.4,3033.0,80.0
2026-08-10T05:51,J5,penuh_naik,772.5,3016.75,80.0
2026-08-10T05:51,J5,penuh_naik,773.7,3005.5,80.0
2026-08-10T05:51,J5,penuh_naik,774.8,3005.5,80.0
2026-08-10T05:51,J5,penuh_naik,776.0,3013.25,80.0
2026-08-10T05:51,J5,penuh_naik,777.2,3010.25,80.0
2026-08-10T05:51,J5,penuh_naik,778.3,2997.625,80.0
2026-08-10T05:51,J5,penuh_naik,779.5,2992.5,80.0
2026-08-10T05:51,J5,penuh_naik,780.6,2993.25,80.0
2026-08-10T05:51,J5,penuh_naik,781.8,2994.375,80.0
2026-08-10T05:51,J5,penuh_naik,783.0,2996.375,80.0
2026-08-10T05:51,J5,penuh_naik,784.1,2997.625,80.0
2026-08-10T05:51,J5,penuh_naik,785.3,2999.25,80.0
2026-08-10T05:51,J5,penuh_naik,786.4,3003.125,80.0
2026-08-10T05:51,J5,penuh_naik,787.6,3005.875,80.0
2026-08-10T05:51,J5,penuh_naik,788.8,3009.375,80.0
2026-08-10T05:51,J5,penuh_naik,789.9,3010.375,80.0
2026-08-10T05:51,J5,penuh_naik,791.1,3004.0,80.0
2026-08-10T05:51,J5,penuh_naik,792.2,3010.25,80.0
2026-08-10T05:51,J5,penuh_naik,793.4,3017.25,80.0
2026-08-10T05:51,J5,penuh_naik,794.6,3024.75,80.0
2026-08-10T05:51,J5,penuh_naik,795.7,3024.5,80.0
2026-08-10T05:51,J5,penuh_naik,796.9,3031.625,80.0
2026-08-10T05:51,J5,penuh_naik,798.0,3031.625,80.0
2026-08-10T05:51,J5,penuh_naik,799.2,3031.375,80.0
2026-08-10T05:51,J5,penuh_naik,800.4,3035.375,80.0
2026-08-10T05:51,J5,penuh_naik,801.5,3038.375,80.0
2026-08-10T05:51,J5,penuh_naik,802.7,3047.0,80.0
2026-08-10T05:51,J5,penuh_naik,803.8,3044.375,80.0
2026-08-10T05:51,J5,penuh_naik,805.0,3037.75,80.0
2026-08-10T05:51,J5,penuh_naik,806.2,3030.375,80.0
2026-08-10T05:51,J5,penuh_naik,807.3,3053.375,80.0
2026-08-10T05:51,J5,penuh_naik,808.5,3064.375,80.0
2026-08-10T05:51,J5,penuh_naik,809.6,3064.0,80.0
2026-08-10T05:51,J5,penuh_naik,810.8,3068.875,80.0
2026-08-10T05:51,J5,penuh_naik,812.0,3076.0,80.0
2026-08-10T05:51,J5,penuh_naik,813.1,3074.625,80.0
2026-08-10T05:51,J5,penuh_naik,814.3,3059.5,80.0
2026-08-10T05:51,J5,penuh_naik,815.4,3051.125,80.0
2026-08-10T05:51,J5,penuh_naik,816.6,3051.625,80.0
2026-08-10T05:51,J5,penuh_naik,817.8,3048.125,80.0
2026-08-10T05:51,J5,penuh_naik,818.9,3039.5,80.0
2026-08-10T05:51,J5,penuh_naik,820.1,3039.625,80.0
2026-08-10T05:51,J5,penuh_naik,821.2,3040.5,80.0
2026-08-10T05:51,J5,penuh_naik,822.4,3040.5,80.0
2026-08-10T05:51,J5,penuh_naik,823.6,3040.75,80.0
2026-08-10T05:51,J5,penuh_naik,824.7,3040.75,80.0
2026-08-10T05:51,J5,penuh_naik,825.9,3042.375,80.0
2026-08-10T05:51,J5,penuh_naik,827.0,3041.5,80.0
2026-08-10T05:51,J5,penuh_naik,828.2,3040.75,80.0
2026-08-10T05:51,J5,penuh_naik,829.4,3039.75,80.0
2026-08-10T05:51,J5,penuh_naik,830.5,3040.25,80.0
2026-08-10T05:51,J5,penuh_naik,831.7,3039.375,80.0
2026-08-10T05:51,J5,penuh_naik,832.8,3036.875,80.0
2026-08-10T05:51,J5,penuh_naik,834.0,3037.125,80.0
2026-08-10T05:51,J5,penuh_naik,835.2,3037.125,80.0
2026-08-10T05:51,J5,penuh_naik,836.3,3037.0,80.0
2026-08-10T05:51,J5,penuh_naik,837.5,3037.375,80.0
2026-08-10T05:51,J5,penuh_naik,838.6,3037.5,80.0
2026-08-10T05:51,J5,penuh_naik,839.8,3037.625,80.0
2026-08-10T05:51,J5,penuh_naik,841.0,3038.0,80.0
2026-08-10T05:51,J5,penuh_naik,842.1,3038.25,80.0
2026-08-10T05:51,J5,penuh_naik,843.3,3038.75,80.0
2026-08-10T05:51,J5,penuh_naik,844.4,3039.125,80.0
2026-08-10T05:51,J5,penuh_naik,845.6,3039.125,80.0
2026-08-10T05:51,J5,penuh_naik,846.8,3039.375,80.0
2026-08-10T05:51,J5,penuh_naik,847.9,3040.0,80.0
2026-08-10T05:51,J5,penuh_naik,849.1,3040.375,80.0
2026-08-10T05:51,J5,penuh_naik,850.2,3040.75,80.0
2026-08-10T05:51,J5,penuh_naik,851.4,3041.25,80.0
2026-08-10T05:51,J5,penuh_naik,852.6,3042.0,80.0
2026-08-10T05:51,J5,penuh_naik,853.7,3042.0,80.0
2026-08-10T05:51,J5,penuh_naik,854.9,3042.125,80.0
2026-08-10T05:51,J5,penuh_naik,856.0,3042.5,80.0
2026-08-10T05:51,J5,penuh_naik,857.2,3042.625,80.0
2026-08-10T05:51,J5,penuh_naik,858.4,3043.125,80.0
2026-08-10T05:51,J5,penuh_naik,859.5,3043.25,80.0
2026-08-10T05:51,J5,penuh_naik,860.7,3043.25,80.0
2026-08-10T05:51,J5,penuh_naik,861.8,3043.625,80.0
2026-08-10T05:51,J5,penuh_naik,863.0,3043.75,80.0
2026-08-10T05:51,J5,penuh_naik,864.2,3043.75,80.0
2026-08-10T05:51,J5,penuh_naik,865.3,3043.75,80.0
2026-08-10T05:51,J5,penuh_naik,866.5,3043.875,80.0
2026-08-10T05:51,J5,penuh_naik,867.6,3044.0,80.0
2026-08-10T05:51,J5,penuh_naik,868.8,3044.0,80.0
2026-08-10T05:51,J5,penuh_naik,870.0,3044.125,80.0
2026-08-10T05:51,J5,penuh_naik,871.1,3044.25,80.0
2026-08-10T05:51,J5,penuh_naik,872.3,3044.25,80.0
2026-08-10T05:51,J5,penuh_naik,873.4,3044.25,80.0
2026-08-10T05:51,J5,penuh_naik,874.6,3044.625,80.0
2026-08-10T05:51,J5,penuh_naik,875.8,3044.75,80.0
2026-08-10T05:51,J5,penuh_naik,876.9,3044.75,80.0
2026-08-10T05:51,J5,penuh_naik,878.1,3045.0,80.0
2026-08-10T05:51,J5,penuh_naik,879.2,3045.125,80.0
2026-08-10T05:51,J5,penuh_naik,880.4,3044.875,80.0
2026-08-10T05:51,J5,penuh_naik,881.6,3045.125,80.0
2026-08-10T05:51,J5,penuh_naik,882.7,3044.875,80.0
2026-08-10T05:51,J5,penuh_naik,883.9,3045.25,80.0
2026-08-10T05:51,J5,penuh_naik,885.0,3045.375,80.0
2026-08-10T05:51,J5,penuh_naik,886.2,3045.25,80.0
2026-08-10T05:51,J5,penuh_naik,887.4,3045.5,80.0
2026-08-10T05:51,J5,penuh_naik,888.5,3045.375,80.0
2026-08-10T05:51,J5,penuh_naik,889.7,3045.625,80.0
2026-08-10T05:51,J5,penuh_naik,890.8,3045.75,80.0
2026-08-10T05:51,J5,penuh_naik,892.0,3045.75,80.0
2026-08-10T05:51,J5,penuh_naik,893.2,3045.625,80.0
2026-08-10T05:51,J5,penuh_naik,894.3,3045.75,80.0
2026-08-10T05:51,J5,penuh_naik,895.5,3045.875,80.0
2026-08-10T05:51,J5,penuh_naik,896.6,3045.75,80.0
2026-08-10T05:51,J5,penuh_naik,897.8,3045.625,80.0
2026-08-10T05:51,J5,penuh_naik,899.0,3045.875,80.0
2026-08-10T05:51,J5,penuh_naik,900.1,3045.75,80.0
2026-08-10T05:51,J5,penuh_naik,901.3,3046.125,80.0
2026-08-10T05:51,J5,penuh_naik,902.4,3045.75,80.0
2026-08-10T05:51,J5,penuh_naik,903.6,3045.875,80.0
2026-08-10T05:51,J5,penuh_naik,904.8,3045.625,80.0
2026-08-10T05:51,J5,penuh_naik,905.9,3046.0,80.0
2026-08-10T05:51,J5,penuh_naik,907.1,3046.0,80.0
2026-08-10T05:51,J5,penuh_naik,908.2,3046.125,80.0
2026-08-10T05:51,J5,penuh_naik,909.4,3046.0,80.0
2026-08-10T05:51,J5,penuh_naik,910.6,3046.0,80.0
2026-08-10T05:51,J5,penuh_naik,911.7,3045.875,80.0
2026-08-10T05:51,J5,penuh_naik,912.9,3046.0,80.0
2026-08-10T05:51,J5,penuh_naik,914.0,3046.0,80.0
2026-08-10T05:51,J5,penuh_naik,915.2,3046.0,80.0
2026-08-10T05:51,J5,penuh_naik,916.4,3045.875,80.0
2026-08-10T05:51,J5,penuh_naik,917.5,3046.125,80.0
2026-08-10T05:51,J5,penuh_naik,918.7,3045.875,80.0
2026-08-10T05:51,J5,penuh_naik,919.8,3045.75,80.0
2026-08-10T05:51,J5,penuh_naik,921.0,3045.75,80.0
2026-08-10T05:51,J5,penuh_naik,922.2,3045.625,80.0
2026-08-10T05:51,J5,penuh_naik,923.3,3045.875,80.0
2026-08-10T05:51,J5,penuh_naik,924.5,3046.0,80.0
2026-08-10T05:51,J5,penuh_naik,925.6,3046.0,80.0
2026-08-10T05:51,J5,penuh_naik,926.8,3046.125,80.0
2026-08-10T05:51,J5,penuh_naik,928.0,3046.0,80.0
2026-08-10T05:51,J5,penuh_naik,929.1,3046.125,80.0
2026-08-10T05:51,J5,penuh_naik,930.3,3046.375,80.0
2026-08-10T05:51,J5,penuh_naik,931.4,3046.375,80.0
2026-08-10T05:51,J5,penuh_naik,932.6,3046.375,80.0
2026-08-10T05:51,J5,penuh_naik,933.8,3046.375,80.0
2026-08-10T05:51,J5,penuh_naik,934.9,3046.125,80.0
2026-08-10T05:51,J5,penuh_naik,936.1,3046.5,80.0
2026-08-10T05:51,J5,penuh_naik,937.2,3046.625,80.0
2026-08-10T05:51,J5,penuh_naik,938.4,3046.625,80.0
2026-08-10T05:51,J5,penuh_naik,939.6,3046.375,80.0
2026-08-10T05:51,J5,penuh_naik,940.7,3046.25,80.0
2026-08-10T05:51,J5,penuh_naik,941.9,3046.375,80.0
2026-08-10T05:51,J5,penuh_naik,943.0,3046.375,80.0
2026-08-10T05:51,J5,penuh_naik,944.2,3046.5,80.0
2026-08-10T05:51,J5,penuh_naik,945.4,3046.5,80.0
2026-08-10T05:51,J5,penuh_naik,946.5,3046.375,80.0
2026-08-10T05:51,J5,penuh_naik,947.7,3045.875,80.0
2026-08-10T05:51,J5,penuh_naik,948.8,3046.0,80.0
2026-08-10T05:51,J5,penuh_naik,950.0,3046.125,80.0
2026-08-10T05:51,J5,penuh_naik,951.2,3046.125,80.0
2026-08-10T05:51,J5,penuh_naik,952.3,3046.375,80.0
2026-08-10T05:51,J5,penuh_naik,953.5,3046.5,80.0
2026-08-10T05:51,J5,penuh_naik,954.6,3046.375,80.0
2026-08-10T05:51,J5,penuh_naik,955.8,3046.25,80.0
2026-08-10T05:51,J5,penuh_naik,957.0,3046.125,80.0
2026-08-10T05:51,J5,penuh_naik,958.1,3046.5,80.0
2026-08-10T05:51,J5,penuh_naik,959.3,3046.625,80.0
2026-08-10T05:51,J5,penuh_naik,960.4,3046.625,80.0
2026-08-10T05:51,J5,penuh_naik,961.6,3046.625,80.0
2026-08-10T05:51,J5,penuh_naik,962.8,3046.375,80.0
2026-08-10T05:51,J5,penuh_naik,963.9,3046.5,80.0
2026-08-10T05:51,J5,penuh_naik,965.1,3046.25,80.0
2026-08-10T05:51,J5,penuh_naik,966.2,3046.25,80.0
2026-08-10T05:51,J5,penuh_naik,967.4,3046.375,80.0
2026-08-10T05:51,J5,penuh_naik,968.6,3046.625,80.0
2026-08-10T05:51,J5,penuh_naik,969.7,3046.5,80.0
2026-08-10T05:51,J5,penuh_naik,970.9,3046.5,80.0
2026-08-10T05:51,J5,penuh_naik,972.0,3046.375,80.0
2026-08-10T05:51,J5,penuh_naik,973.2,3046.5,80.0
2026-08-10T05:51,J5,penuh_naik,974.4,3046.5,80.0
2026-08-10T05:51,J5,penuh_naik,975.5,3046.5,80.0
2026-08-10T05:51,J5,penuh_naik,976.7,3046.25,80.0
2026-08-10T05:51,J5,penuh_naik,977.8,3046.5,80.0
2026-08-10T05:51,J5,penuh_naik,979.0,3046.375,80.0
2026-08-10T05:51,J5,penuh_turun,0.0,3046.875,80.0
2026-08-10T05:51,J5,penuh_turun,1.1,3047.0,80.0
2026-08-10T05:51,J5,penuh_turun,2.3,3046.75,80.0
2026-08-10T05:51,J5,penuh_turun,3.4,3046.75,80.0
2026-08-10T05:51,J5,penuh_turun,4.6,3047.125,80.0
2026-08-10T05:51,J5,penuh_turun,5.8,3046.875,80.0
2026-08-10T05:51,J5,penuh_turun,6.9,3046.875,80.0
2026-08-10T05:51,J5,penuh_turun,8.1,3046.75,80.0
2026-08-10T05:51,J5,penuh_turun,9.2,3047.0,80.0
2026-08-10T05:51,J5,penuh_turun,10.4,3046.75,80.0
2026-08-10T05:51,J5,penuh_turun,11.6,3046.875,80.0
2026-08-10T05:51,J5,penuh_turun,12.7,3046.75,80.0
2026-08-10T05:51,J5,penuh_turun,13.9,3046.75,80.0
2026-08-10T05:51,J5,penuh_turun,15.0,3046.875,80.0
2026-08-10T05:51,J5,penuh_turun,16.2,3047.0,80.0
2026-08-10T05:51,J5,penuh_turun,17.4,3046.75,80.0
2026-08-10T05:51,J5,penuh_turun,18.5,3046.75,80.0
2026-08-10T05:51,J5,penuh_turun,19.7,3047.0,80.0
2026-08-10T05:51,J5,penuh_turun,20.8,3047.125,80.0
2026-08-10T05:51,J5,penuh_turun,22.0,3046.875,80.0
2026-08-10T05:51,J5,penuh_turun,23.2,3047.125,80.0
2026-08-10T05:51,J5,penuh_turun,24.3,3046.75,80.0
2026-08-10T05:51,J5,penuh_turun,25.5,3046.625,80.0
2026-08-10T05:51,J5,penuh_turun,26.6,3046.625,80.0
2026-08-10T05:51,J5,penuh_turun,27.8,3046.75,80.0
2026-08-10T05:51,J5,penuh_turun,29.0,3046.75,80.0
2026-08-10T05:51,J5,penuh_turun,30.1,3046.875,80.0
2026-08-10T05:51,J5,penuh_turun,31.3,3047.0,80.0
2026-08-10T05:51,J5,penuh_turun,32.4,3046.875,80.0
2026-08-10T05:51,J5,penuh_turun,33.6,3046.875,80.0
2026-08-10T05:51,J5,penuh_turun,34.8,3046.875,80.0
2026-08-10T05:51,J5,penuh_turun,35.9,3047.125,80.0
2026-08-10T05:51,J5,penuh_turun,37.1,3046.875,80.0
2026-08-10T05:51,J5,penuh_turun,38.2,3046.875,80.0
2026-08-10T05:51,J5,penuh_turun,39.4,3046.75,80.0
2026-08-10T05:51,J5,penuh_turun,40.6,3046.75,80.0
2026-08-10T05:51,J5,penuh_turun,41.7,3046.625,80.0
2026-08-10T05:51,J5,penuh_turun,42.9,3047.0,80.0
2026-08-10T05:51,J5,penuh_turun,44.0,3046.75,80.0
2026-08-10T05:51,J5,penuh_turun,45.2,3047.125,80.0
2026-08-10T05:51,J5,penuh_turun,46.4,3046.625,80.0
2026-08-10T05:51,J5,penuh_turun,47.5,3046.875,80.0
2026-08-10T05:51,J5,penuh_turun,48.7,3046.625,80.0
2026-08-10T05:51,J5,penuh_turun,49.8,3046.625,80.0
2026-08-10T05:51,J5,penuh_turun,51.0,3046.875,80.0
2026-08-10T05:51,J5,penuh_turun,52.2,3046.75,80.0
2026-08-10T05:51,J5,penuh_turun,53.3,3046.75,80.0
2026-08-10T05:51,J5,penuh_turun,54.5,3046.625,80.0
2026-08-10T05:51,J5,penuh_turun,55.6,3046.875,80.0
2026-08-10T05:51,J5,penuh_turun,56.8,3046.75,80.0
2026-08-10T05:51,J5,penuh_turun,58.0,3046.875,80.0
2026-08-10T05:51,J5,penuh_turun,59.1,3046.875,80.0
2026-08-10T05:51,J5,penuh_turun,60.3,3046.875,80.0
2026-08-10T05:51,J5,penuh_turun,61.4,3046.75,80.0
2026-08-10T05:51,J5,penuh_turun,62.6,3046.875,80.0
2026-08-10T05:51,J5,penuh_turun,63.8,3046.75,80.0
2026-08-10T05:51,J5,penuh_turun,64.9,3046.75,80.0
2026-08-10T05:51,J5,penuh_turun,66.1,3046.75,80.0
2026-08-10T05:51,J5,penuh_turun,67.2,3047.0,80.0
2026-08-10T05:51,J5,penuh_turun,68.4,3046.75,80.0
2026-08-10T05:51,J5,penuh_turun,69.6,3046.75,80.0
2026-08-10T05:51,J5,penuh_turun,70.7,3046.5,80.0
2026-08-10T05:51,J5,penuh_turun,71.9,3046.75,80.0
2026-08-10T05:51,J5,penuh_turun,73.0,3046.75,80.0
2026-08-10T05:51,J5,penuh_turun,74.2,3046.875,80.0
2026-08-10T05:51,J5,penuh_turun,75.4,3046.75,80.0
2026-08-10T05:51,J5,penuh_turun,76.5,3046.625,80.0
2026-08-10T05:51,J5,penuh_turun,77.7,3046.875,80.0
2026-08-10T05:51,J5,penuh_turun,78.8,3046.625,80.0
2026-08-10T05:51,J5,penuh_turun,80.0,3046.625,80.0
2026-08-10T05:51,J5,penuh_turun,81.2,3046.75,80.0
2026-08-10T05:51,J5,penuh_turun,82.3,3046.875,80.0
2026-08-10T05:51,J5,penuh_turun,83.5,3046.75,80.0
2026-08-10T05:51,J5,penuh_turun,84.6,3046.75,80.0
2026-08-10T05:51,J5,penuh_turun,85.8,3046.625,80.0
2026-08-10T05:51,J5,penuh_turun,87.0,3127.875,80.0
2026-08-10T05:51,J5,penuh_turun,88.1,3236.875,80.0
2026-08-10T05:51,J5,penuh_turun,89.3,3253.5,80.0
2026-08-10T05:51,J5,penuh_turun,90.4,3251.875,80.0
2026-08-10T05:51,J5,penuh_turun,91.6,3249.75,80.0
2026-08-10T05:51,J5,penuh_turun,92.8,3216.625,80.0
2026-08-10T05:51,J5,penuh_turun,93.9,3219.5,80.0
2026-08-10T05:51,J5,penuh_turun,95.1,3230.625,80.0
2026-08-10T05:51,J5,penuh_turun,96.2,3233.625,80.0
2026-08-10T05:51,J5,penuh_turun,97.4,3233.625,80.0
2026-08-10T05:51,J5,penuh_turun,98.6,3198.375,80.0
2026-08-10T05:51,J5,penuh_turun,99.7,3211.875,80.0
2026-08-10T05:51,J5,penuh_turun,100.9,3193.625,80.0
2026-08-10T05:51,J5,penuh_turun,102.0,3196.875,80.0
2026-08-10T05:51,J5,penuh_turun,103.2,3197.75,80.0
2026-08-10T05:51,J5,penuh_turun,104.4,3182.125,80.0
2026-08-10T05:51,J5,penuh_turun,105.5,3176.5,80.0
2026-08-10T05:51,J5,penuh_turun,106.7,3179.25,80.0
2026-08-10T05:51,J5,penuh_turun,107.8,3170.75,80.0
2026-08-10T05:51,J5,penuh_turun,109.0,3167.5,80.0
2026-08-10T05:51,J5,penuh_turun,110.2,3154.375,80.0
2026-08-10T05:51,J5,penuh_turun,111.3,3156.5,80.0
2026-08-10T05:51,J5,penuh_turun,112.5,3156.375,80.0
2026-08-10T05:51,J5,penuh_turun,113.6,3142.5,80.0
2026-08-10T05:51,J5,penuh_turun,114.8,3145.25,80.0
2026-08-10T05:51,J5,penuh_turun,116.0,3133.375,80.0
2026-08-10T05:51,J5,penuh_turun,117.1,3135.5,80.0
2026-08-10T05:51,J5,penuh_turun,118.3,3120.875,80.0
2026-08-10T05:51,J5,penuh_turun,119.4,3113.5,80.0
2026-08-10T05:51,J5,penuh_turun,120.6,3113.5,80.0
2026-08-10T05:51,J5,penuh_turun,121.8,3116.0,80.0
2026-08-10T05:51,J5,penuh_turun,122.9,3108.875,80.0
2026-08-10T05:51,J5,penuh_turun,124.1,3113.125,80.0
2026-08-10T05:51,J5,penuh_turun,125.2,3100.25,80.0
2026-08-10T05:51,J5,penuh_turun,126.4,3092.25,80.0
2026-08-10T05:51,J5,penuh_turun,127.6,3089.75,80.0
2026-08-10T05:51,J5,penuh_turun,128.7,3081.0,80.0
2026-08-10T05:51,J5,penuh_turun,129.9,3082.0,80.0
2026-08-10T05:51,J5,penuh_turun,131.0,3073.0,80.0
2026-08-10T05:51,J5,penuh_turun,132.2,3074.875,80.0
2026-08-10T05:51,J5,penuh_turun,133.4,3066.75,80.0
2026-08-10T05:51,J5,penuh_turun,134.5,3065.125,80.0
2026-08-10T05:51,J5,penuh_turun,135.7,3056.375,80.0
2026-08-10T05:51,J5,penuh_turun,136.8,3057.875,80.0
2026-08-10T05:51,J5,penuh_turun,138.0,3049.0,80.0
2026-08-10T05:51,J5,penuh_turun,139.2,3047.125,80.0
2026-08-10T05:51,J5,penuh_turun,140.3,3038.125,80.0
2026-08-10T05:51,J5,penuh_turun,141.5,3033.75,80.0
2026-08-10T05:51,J5,penuh_turun,142.6,3034.75,80.0
2026-08-10T05:51,J5,penuh_turun,143.8,3034.75,80.0
2026-08-10T05:51,J5,penuh_turun,145.0,3025.25,80.0
2026-08-10T05:51,J5,penuh_turun,146.1,3024.375,80.0
2026-08-10T05:51,J5,penuh_turun,147.3,3018.875,80.0
2026-08-10T05:51,J5,penuh_turun,148.4,3017.5,80.0
2026-08-10T05:51,J5,penuh_turun,149.6,3008.375,80.0
2026-08-10T05:51,J5,penuh_turun,150.8,3004.625,80.0
2026-08-10T05:51,J5,penuh_turun,151.9,2999.5,80.0
2026-08-10T05:51,J5,penuh_turun,153.1,2992.0,80.0
2026-08-10T05:51,J5,penuh_turun,154.2,2991.0,80.0
2026-08-10T05:51,J5,penuh_turun,155.4,2987.5,80.0
2026-08-10T05:51,J5,penuh_turun,156.6,2987.875,80.0
2026-08-10T05:51,J5,penuh_turun,157.7,2980.75,80.0
2026-08-10T05:51,J5,penuh_turun,158.9,2971.625,80.0
2026-08-10T05:51,J5,penuh_turun,160.0,2970.875,80.0
2026-08-10T05:51,J5,penuh_turun,161.2,2964.875,80.0
2026-08-10T05:51,J5,penuh_turun,162.4,2958.0,80.0
2026-08-10T05:51,J5,penuh_turun,163.5,2955.75,80.0
2026-08-10T05:51,J5,penuh_turun,164.7,2952.75,80.0
2026-08-10T05:51,J5,penuh_turun,165.8,2947.375,80.0
2026-08-10T05:51,J5,penuh_turun,167.0,2947.375,80.0
2026-08-10T05:51,J5,penuh_turun,168.2,2939.75,80.0
2026-08-10T05:51,J5,penuh_turun,169.3,2933.25,80.0
2026-08-10T05:51,J5,penuh_turun,170.5,2934.25,80.0
2026-08-10T05:51,J5,penuh_turun,171.6,2928.875,80.0
2026-08-10T05:51,J5,penuh_turun,172.8,2920.0,80.0
2026-08-10T05:51,J5,penuh_turun,174.0,2918.75,80.0
2026-08-10T05:51,J5,penuh_turun,175.1,2913.75,80.0
2026-08-10T05:51,J5,penuh_turun,176.3,2907.125,80.0
2026-08-10T05:51,J5,penuh_turun,177.4,2905.75,80.0
2026-08-10T05:51,J5,penuh_turun,178.6,2900.375,80.0
2026-08-10T05:51,J5,penuh_turun,179.8,2891.375,80.0
2026-08-10T05:51,J5,penuh_turun,180.9,2893.125,80.0
2026-08-10T05:51,J5,penuh_turun,182.1,2888.875,80.0
2026-08-10T05:51,J5,penuh_turun,183.2,2881.0,80.0
2026-08-10T05:51,J5,penuh_turun,184.4,2882.0,80.0
2026-08-10T05:51,J5,penuh_turun,185.6,2874.125,80.0
2026-08-10T05:51,J5,penuh_turun,186.7,2869.875,80.0
2026-08-10T05:51,J5,penuh_turun,187.9,2868.0,80.0
2026-08-10T05:51,J5,penuh_turun,189.0,2861.125,80.0
2026-08-10T05:51,J5,penuh_turun,190.2,2861.125,80.0
2026-08-10T05:51,J5,penuh_turun,191.4,2855.0,80.0
2026-08-10T05:51,J5,penuh_turun,192.5,2849.0,80.0
2026-08-10T05:51,J5,penuh_turun,193.7,2843.25,80.0
2026-08-10T05:51,J5,penuh_turun,194.8,2840.0,80.0
2026-08-10T05:51,J5,penuh_turun,196.0,2833.75,80.0
2026-08-10T05:51,J5,penuh_turun,197.2,2833.0,80.0
2026-08-10T05:51,J5,penuh_turun,198.3,2826.375,80.0
2026-08-10T05:51,J5,penuh_turun,199.5,2818.625,80.0
2026-08-10T05:51,J5,penuh_turun,200.6,2817.0,80.0
2026-08-10T05:51,J5,penuh_turun,201.8,2808.375,80.0
2026-08-10T05:51,J5,penuh_turun,203.0,2805.0,80.0
2026-08-10T05:51,J5,penuh_turun,204.1,2799.75,80.0
2026-08-10T05:51,J5,penuh_turun,205.3,2797.875,80.0
2026-08-10T05:51,J5,penuh_turun,206.4,2791.375,80.0
2026-08-10T05:51,J5,penuh_turun,207.6,2784.875,80.0
2026-08-10T05:51,J5,penuh_turun,208.8,2783.25,80.0
2026-08-10T05:51,J5,penuh_turun,209.9,2778.625,80.0
2026-08-10T05:51,J5,penuh_turun,211.1,2775.75,80.0
2026-08-10T05:51,J5,penuh_turun,212.2,2767.875,80.0
2026-08-10T05:51,J5,penuh_turun,213.4,2767.875,80.0
2026-08-10T05:51,J5,penuh_turun,214.6,2765.5,80.0
2026-08-10T05:51,J5,penuh_turun,215.7,2757.125,80.0
2026-08-10T05:51,J5,penuh_turun,216.9,2752.625,80.0
2026-08-10T05:51,J5,penuh_turun,218.0,2748.5,80.0
2026-08-10T05:51,J5,penuh_turun,219.2,2746.125,80.0
2026-08-10T05:51,J5,penuh_turun,220.4,2740.625,80.0
2026-08-10T05:51,J5,penuh_turun,221.5,2735.5,80.0
2026-08-10T05:51,J5,penuh_turun,222.7,2731.375,80.0
2026-08-10T05:51,J5,penuh_turun,223.8,2725.875,80.0
2026-08-10T05:51,J5,penuh_turun,225.0,2719.125,80.0
2026-08-10T05:51,J5,penuh_turun,226.2,2710.875,80.0
2026-08-10T05:51,J5,penuh_turun,227.3,2709.75,80.0
2026-08-10T05:51,J5,penuh_turun,228.5,2701.875,80.0
2026-08-10T05:51,J5,penuh_turun,229.6,2700.0,80.0
2026-08-10T05:51,J5,penuh_turun,230.8,2691.75,80.0
2026-08-10T05:51,J5,penuh_turun,232.0,2688.875,80.0
2026-08-10T05:51,J5,penuh_turun,233.1,2683.375,80.0
2026-08-10T05:51,J5,penuh_turun,234.3,2680.875,80.0
2026-08-10T05:51,J5,penuh_turun,235.4,2672.75,80.0
2026-08-10T05:51,J5,penuh_turun,236.6,2672.75,80.0
2026-08-10T05:51,J5,penuh_turun,237.8,2670.125,80.0
2026-08-10T05:51,J5,penuh_turun,238.9,2661.75,80.0
2026-08-10T05:51,J5,penuh_turun,240.1,2659.0,80.0
2026-08-10T05:51,J5,penuh_turun,241.2,2651.75,80.0
2026-08-10T05:51,J5,penuh_turun,242.4,2650.25,80.0
2026-08-10T05:51,J5,penuh_turun,243.6,2645.0,80.0
2026-08-10T05:51,J5,penuh_turun,244.7,2638.5,80.0
2026-08-10T05:51,J5,penuh_turun,245.9,2632.375,80.0
2026-08-10T05:51,J5,penuh_turun,247.0,2627.5,80.0
2026-08-10T05:51,J5,penuh_turun,248.2,2622.875,80.0
2026-08-10T05:51,J5,penuh_turun,249.4,2618.0,80.0
2026-08-10T05:51,J5,penuh_turun,250.5,2615.25,80.0
2026-08-10T05:51,J5,penuh_turun,251.7,2609.625,80.0
2026-08-10T05:51,J5,penuh_turun,252.8,2605.25,80.0
2026-08-10T05:51,J5,penuh_turun,254.0,2595.625,80.0
2026-08-10T05:51,J5,penuh_turun,255.2,2591.5,80.0
2026-08-10T05:51,J5,penuh_turun,256.3,2585.625,80.0
2026-08-10T05:51,J5,penuh_turun,257.5,2584.5,80.0
2026-08-10T05:51,J5,penuh_turun,258.6,2579.125,80.0
2026-08-10T05:51,J5,penuh_turun,259.8,2577.375,80.0
2026-08-10T05:51,J5,penuh_turun,261.0,2577.375,80.0
2026-08-10T05:51,J5,penuh_turun,262.1,2572.125,80.0
2026-08-10T05:51,J5,penuh_turun,263.3,2568.125,80.0
2026-08-10T05:51,J5,penuh_turun,264.4,2561.375,80.0
2026-08-10T05:51,J5,penuh_turun,265.6,2555.75,80.0
2026-08-10T05:51,J5,penuh_turun,266.8,2553.75,80.0
2026-08-10T05:51,J5,penuh_turun,267.9,2549.0,80.0
2026-08-10T05:51,J5,penuh_turun,269.1,2545.25,80.0
2026-08-10T05:51,J5,penuh_turun,270.2,2534.875,80.0
2026-08-10T05:51,J5,penuh_turun,271.4,2530.5,80.0
2026-08-10T05:51,J5,penuh_turun,272.6,2524.875,80.0
2026-08-10T05:51,J5,penuh_turun,273.7,2522.625,80.0
2026-08-10T05:51,J5,penuh_turun,274.9,2518.0,80.0
2026-08-10T05:51,J5,penuh_turun,276.0,2512.5,80.0
2026-08-10T05:51,J5,penuh_turun,277.2,2508.0,80.0
2026-08-10T05:51,J5,penuh_turun,278.4,2498.875,80.0
2026-08-10T05:51,J5,penuh_turun,279.5,2497.875,80.0
2026-08-10T05:51,J5,penuh_turun,280.7,2491.0,80.0
2026-08-10T05:51,J5,penuh_turun,281.8,2488.625,80.0
2026-08-10T05:51,J5,penuh_turun,283.0,2481.5,80.0
2026-08-10T05:51,J5,penuh_turun,284.2,2481.5,80.0
2026-08-10T05:51,J5,penuh_turun,285.3,2474.25,80.0
2026-08-10T05:51,J5,penuh_turun,286.5,2470.625,80.0
2026-08-10T05:51,J5,penuh_turun,287.6,2464.25,80.0
2026-08-10T05:51,J5,penuh_turun,288.8,2462.875,80.0
2026-08-10T05:51,J5,penuh_turun,290.0,2458.75,80.0
2026-08-10T05:51,J5,penuh_turun,291.1,2457.625,80.0
2026-08-10T05:51,J5,penuh_turun,292.3,2454.0,80.0
2026-08-10T05:51,J5,penuh_turun,293.4,2447.75,80.0
2026-08-10T05:51,J5,penuh_turun,294.6,2442.5,80.0
2026-08-10T05:51,J5,penuh_turun,295.8,2436.25,80.0
2026-08-10T05:51,J5,penuh_turun,296.9,2430.125,80.0
2026-08-10T05:51,J5,penuh_turun,298.1,2420.75,80.0
2026-08-10T05:51,J5,penuh_turun,299.2,2415.375,80.0
2026-08-10T05:51,J5,penuh_turun,300.4,2412.5,80.0
2026-08-10T05:51,J5,penuh_turun,301.6,2408.375,80.0
2026-08-10T05:51,J5,penuh_turun,302.7,2406.875,80.0
2026-08-10T05:51,J5,penuh_turun,303.9,2398.875,80.0
2026-08-10T05:51,J5,penuh_turun,305.0,2393.0,80.0
2026-08-10T05:51,J5,penuh_turun,306.2,2384.625,80.0
2026-08-10T05:51,J5,penuh_turun,307.4,2384.625,80.0
2026-08-10T05:51,J5,penuh_turun,308.5,2380.5,80.0
2026-08-10T05:51,J5,penuh_turun,309.7,2378.75,80.0
2026-08-10T05:51,J5,penuh_turun,310.8,2372.75,80.0
2026-08-10T05:51,J5,penuh_turun,312.0,2370.625,80.0
2026-08-10T05:51,J5,penuh_turun,313.2,2364.5,80.0
2026-08-10T05:51,J5,penuh_turun,314.3,2361.125,80.0
2026-08-10T05:51,J5,penuh_turun,315.5,2359.25,80.0
2026-08-10T05:51,J5,penuh_turun,316.6,2352.75,80.0
2026-08-10T05:51,J5,penuh_turun,317.8,2348.125,80.0
2026-08-10T05:51,J5,penuh_turun,319.0,2339.375,80.0
2026-08-10T05:51,J5,penuh_turun,320.1,2336.75,80.0
2026-08-10T05:51,J5,penuh_turun,321.3,2330.5,80.0
2026-08-10T05:51,J5,penuh_turun,322.4,2323.5,80.0
2026-08-10T05:51,J5,penuh_turun,323.6,2318.625,80.0
2026-08-10T05:51,J5,penuh_turun,324.8,2312.125,80.0
2026-08-10T05:51,J5,penuh_turun,325.9,2308.75,80.0
2026-08-10T05:51,J5,penuh_turun,327.1,2303.5,80.0
2026-08-10T05:51,J5,penuh_turun,328.2,2296.5,80.0
2026-08-10T05:51,J5,penuh_turun,329.4,2294.625,80.0
2026-08-10T05:51,J5,penuh_turun,330.6,2294.625,80.0
2026-08-10T05:51,J5,penuh_turun,331.7,2288.375,80.0
2026-08-10T05:51,J5,penuh_turun,332.9,2286.75,80.0
2026-08-10T05:51,J5,penuh_turun,334.0,2282.25,80.0
2026-08-10T05:51,J5,penuh_turun,335.2,2276.125,80.0
2026-08-10T05:51,J5,penuh_turun,336.4,2271.375,80.0
2026-08-10T05:51,J5,penuh_turun,337.5,2266.25,80.0
2026-08-10T05:51,J5,penuh_turun,338.7,2260.875,80.0
2026-08-10T05:51,J5,penuh_turun,339.8,2257.25,80.0
2026-08-10T05:51,J5,penuh_turun,341.0,2249.0,80.0
2026-08-10T05:51,J5,penuh_turun,342.2,2244.875,80.0
2026-08-10T05:51,J5,penuh_turun,343.3,2239.125,80.0
2026-08-10T05:51,J5,penuh_turun,344.5,2236.125,80.0
2026-08-10T05:51,J5,penuh_turun,345.6,2234.75,80.0
2026-08-10T05:51,J5,penuh_turun,346.8,2229.125,80.0
2026-08-10T05:51,J5,penuh_turun,348.0,2225.0,80.0
2026-08-10T05:51,J5,penuh_turun,349.1,2218.5,80.0
2026-08-10T05:51,J5,penuh_turun,350.3,2210.375,80.0
2026-08-10T05:51,J5,penuh_turun,351.4,2205.75,80.0
2026-08-10T05:51,J5,penuh_turun,352.6,2198.375,80.0
2026-08-10T05:51,J5,penuh_turun,353.8,2198.375,80.0
2026-08-10T05:51,J5,penuh_turun,354.9,2194.5,80.0
2026-08-10T05:51,J5,penuh_turun,356.1,2191.0,80.0
2026-08-10T05:51,J5,penuh_turun,357.2,2186.875,80.0
2026-08-10T05:51,J5,penuh_turun,358.4,2185.75,80.0
2026-08-10T05:51,J5,penuh_turun,359.6,2180.5,80.0
2026-08-10T05:51,J5,penuh_turun,360.7,2175.625,80.0
2026-08-10T05:51,J5,penuh_turun,361.9,2170.25,80.0
2026-08-10T05:51,J5,penuh_turun,363.0,2162.5,80.0
2026-08-10T05:51,J5,penuh_turun,364.2,2159.375,80.0
2026-08-10T05:51,J5,penuh_turun,365.4,2155.625,80.0
2026-08-10T05:51,J5,penuh_turun,366.5,2151.375,80.0
2026-08-10T05:51,J5,penuh_turun,367.7,2149.25,80.0
2026-08-10T05:51,J5,penuh_turun,368.8,2142.75,80.0
2026-08-10T05:51,J5,penuh_turun,370.0,2136.0,80.0
2026-08-10T05:51,J5,penuh_turun,371.2,2132.25,80.0
2026-08-10T05:51,J5,penuh_turun,372.3,2125.125,80.0
2026-08-10T05:51,J5,penuh_turun,373.5,2118.625,80.0
2026-08-10T05:51,J5,penuh_turun,374.6,2112.125,80.0
2026-08-10T05:51,J5,penuh_turun,375.8,2107.0,80.0
2026-08-10T05:51,J5,penuh_turun,377.0,2107.0,80.0
2026-08-10T05:51,J5,penuh_turun,378.1,2104.875,80.0
2026-08-10T05:51,J5,penuh_turun,379.3,2102.5,80.0
2026-08-10T05:51,J5,penuh_turun,380.4,2099.75,80.0
2026-08-10T05:51,J5,penuh_turun,381.6,2095.375,80.0
2026-08-10T05:51,J5,penuh_turun,382.8,2087.25,80.0
2026-08-10T05:51,J5,penuh_turun,383.9,2081.75,80.0
2026-08-10T05:51,J5,penuh_turun,385.1,2077.125,80.0
2026-08-10T05:51,J5,penuh_turun,386.2,2071.5,80.0
2026-08-10T05:51,J5,penuh_turun,387.4,2066.375,80.0
2026-08-10T05:51,J5,penuh_turun,388.6,2060.25,80.0
2026-08-10T05:51,J5,penuh_turun,389.7,2051.25,80.0
2026-08-10T05:51,J5,penuh_turun,390.9,2048.0,80.0
2026-08-10T05:51,J5,penuh_turun,392.0,2044.0,80.0
2026-08-10T05:51,J5,penuh_turun,393.2,2040.625,80.0
2026-08-10T05:51,J5,penuh_turun,394.4,2036.125,80.0
2026-08-10T05:51,J5,penuh_turun,395.5,2026.75,80.0
2026-08-10T05:51,J5,penuh_turun,396.7,2020.625,80.0
2026-08-10T05:51,J5,penuh_turun,397.8,2017.0,80.0
2026-08-10T05:51,J5,penuh_turun,399.0,2011.0,80.0
2026-08-10T05:51,J5,penuh_turun,400.2,2007.25,80.0
2026-08-10T05:51,J5,penuh_turun,401.3,2007.25,80.0
2026-08-10T05:51,J5,penuh_turun,402.5,2003.25,80.0
2026-08-10T05:51,J5,penuh_turun,403.6,1997.75,80.0
2026-08-10T05:51,J5,penuh_turun,404.8,1993.25,80.0
2026-08-10T05:51,J5,penuh_turun,406.0,1986.0,80.0
2026-08-10T05:51,J5,penuh_turun,407.1,1978.5,80.0
2026-08-10T05:51,J5,penuh_turun,408.3,1976.875,80.0
2026-08-10T05:51,J5,penuh_turun,409.4,1972.25,80.0
2026-08-10T05:51,J5,penuh_turun,410.6,1969.125,80.0
2026-08-10T05:51,J5,penuh_turun,411.8,1963.25,80.0
2026-08-10T05:51,J5,penuh_turun,412.9,1955.125,80.0
2026-08-10T05:51,J5,penuh_turun,414.1,1950.625,80.0
2026-08-10T05:51,J5,penuh_turun,415.2,1946.125,80.0
2026-08-10T05:51,J5,penuh_turun,416.4,1940.125,80.0
2026-08-10T05:51,J5,penuh_turun,417.6,1935.625,80.0
2026-08-10T05:51,J5,penuh_turun,418.7,1931.5,80.0
2026-08-10T05:51,J5,penuh_turun,419.9,1925.375,80.0
2026-08-10T05:51,J5,penuh_turun,421.0,1921.75,80.0
2026-08-10T05:51,J5,penuh_turun,422.2,1916.875,80.0
2026-08-10T05:51,J5,penuh_turun,423.4,1911.0,80.0
2026-08-10T05:51,J5,penuh_turun,424.5,1911.0,80.0
2026-08-10T05:51,J5,penuh_turun,425.7,1907.0,80.0
2026-08-10T05:51,J5,penuh_turun,426.8,1901.375,80.0
2026-08-10T05:51,J5,penuh_turun,428.0,1890.75,80.0
2026-08-10T05:51,J5,penuh_turun,429.2,1885.0,80.0
2026-08-10T05:51,J5,penuh_turun,430.3,1880.875,80.0
2026-08-10T05:51,J5,penuh_turun,431.5,1876.875,80.0
2026-08-10T05:51,J5,penuh_turun,432.6,1873.75,80.0
2026-08-10T05:51,J5,penuh_turun,433.8,1867.625,80.0
2026-08-10T05:51,J5,penuh_turun,435.0,1863.375,80.0
2026-08-10T05:51,J5,penuh_turun,436.1,1860.125,80.0
2026-08-10T05:51,J5,penuh_turun,437.3,1853.375,80.0
2026-08-10T05:51,J5,penuh_turun,438.4,1846.125,80.0
2026-08-10T05:51,J5,penuh_turun,439.6,1837.625,80.0
2026-08-10T05:51,J5,penuh_turun,440.8,1831.125,80.0
2026-08-10T05:51,J5,penuh_turun,441.9,1825.25,80.0
2026-08-10T05:51,J5,penuh_turun,443.1,1822.0,80.0
2026-08-10T05:51,J5,penuh_turun,444.2,1815.5,80.0
2026-08-10T05:51,J5,penuh_turun,445.4,1810.0,80.0
2026-08-10T05:51,J5,penuh_turun,446.6,1806.75,80.0
2026-08-10T05:51,J5,penuh_turun,447.7,1806.75,80.0
2026-08-10T05:51,J5,penuh_turun,448.9,1802.375,80.0
2026-08-10T05:51,J5,penuh_turun,450.0,1797.625,80.0
2026-08-10T05:51,J5,penuh_turun,451.2,1794.625,80.0
2026-08-10T05:51,J5,penuh_turun,452.4,1789.0,80.0
2026-08-10T05:51,J5,penuh_turun,453.5,1784.25,80.0
2026-08-10T05:51,J5,penuh_turun,454.7,1782.125,80.0
2026-08-10T05:51,J5,penuh_turun,455.8,1776.375,80.0
2026-08-10T05:51,J5,penuh_turun,457.0,1767.25,80.0
2026-08-10T05:51,J5,penuh_turun,458.2,1760.875,80.0
2026-08-10T05:51,J5,penuh_turun,459.3,1754.375,80.0
2026-08-10T05:51,J5,penuh_turun,460.5,1747.0,80.0
2026-08-10T05:51,J5,penuh_turun,461.6,1744.5,80.0
2026-08-10T05:51,J5,penuh_turun,462.8,1741.25,80.0
2026-08-10T05:51,J5,penuh_turun,464.0,1736.125,80.0
2026-08-10T05:51,J5,penuh_turun,465.1,1730.625,80.0
2026-08-10T05:51,J5,penuh_turun,466.3,1724.5,80.0
2026-08-10T05:51,J5,penuh_turun,467.4,1715.75,80.0
2026-08-10T05:51,J5,penuh_turun,468.6,1712.875,80.0
2026-08-10T05:51,J5,penuh_turun,469.8,1709.25,80.0
2026-08-10T05:51,J5,penuh_turun,470.9,1709.25,80.0
2026-08-10T05:51,J5,penuh_turun,472.1,1704.375,80.0
2026-08-10T05:51,J5,penuh_turun,473.2,1700.5,80.0
2026-08-10T05:51,J5,penuh_turun,474.4,1694.25,80.0
2026-08-10T05:51,J5,penuh_turun,475.6,1684.625,80.0
2026-08-10T05:51,J5,penuh_turun,476.7,1678.875,80.0
2026-08-10T05:51,J5,penuh_turun,477.9,1676.625,80.0
2026-08-10T05:51,J5,penuh_turun,479.0,1674.0,80.0
2026-08-10T05:51,J5,penuh_turun,480.2,1668.875,80.0
2026-08-10T05:51,J5,penuh_turun,481.4,1664.625,80.0
2026-08-10T05:51,J5,penuh_turun,482.5,1660.375,80.0
2026-08-10T05:51,J5,penuh_turun,483.7,1653.375,80.0
2026-08-10T05:51,J5,penuh_turun,484.8,1647.375,80.0
2026-08-10T05:51,J5,penuh_turun,486.0,1644.625,80.0
2026-08-10T05:51,J5,penuh_turun,487.2,1640.25,80.0
2026-08-10T05:51,J5,penuh_turun,488.3,1635.5,80.0
2026-08-10T05:51,J5,penuh_turun,489.5,1631.875,80.0
2026-08-10T05:51,J5,penuh_turun,490.6,1625.875,80.0
2026-08-10T05:51,J5,penuh_turun,491.8,1619.25,80.0
2026-08-10T05:51,J5,penuh_turun,493.0,1613.625,80.0
2026-08-10T05:51,J5,penuh_turun,494.1,1613.625,80.0
2026-08-10T05:51,J5,penuh_turun,495.3,1608.625,80.0
2026-08-10T05:51,J5,penuh_turun,496.4,1601.375,80.0
2026-08-10T05:51,J5,penuh_turun,497.6,1595.875,80.0
2026-08-10T05:51,J5,penuh_turun,498.8,1593.0,80.0
2026-08-10T05:51,J5,penuh_turun,499.9,1587.0,80.0
2026-08-10T05:51,J5,penuh_turun,501.1,1582.0,80.0
2026-08-10T05:51,J5,penuh_turun,502.2,1577.0,80.0
2026-08-10T05:51,J5,penuh_turun,503.4,1571.625,80.0
2026-08-10T05:51,J5,penuh_turun,504.6,1565.75,80.0
2026-08-10T05:51,J5,penuh_turun,505.7,1559.25,80.0
2026-08-10T05:51,J5,penuh_turun,506.9,1555.625,80.0
2026-08-10T05:51,J5,penuh_turun,508.0,1550.5,80.0
2026-08-10T05:51,J5,penuh_turun,509.2,1542.625,80.0
2026-08-10T05:51,J5,penuh_turun,510.4,1536.75,80.0
2026-08-10T05:51,J5,penuh_turun,511.5,1530.0,80.0
2026-08-10T05:51,J5,penuh_turun,512.7,1525.625,80.0
2026-08-10T05:51,J5,penuh_turun,513.8,1522.625,80.0
2026-08-10T05:51,J5,penuh_turun,515.0,1516.75,80.0
2026-08-10T05:51,J5,penuh_turun,516.2,1510.375,80.0
2026-08-10T05:51,J5,penuh_turun,517.3,1510.375,80.0
2026-08-10T05:51,J5,penuh_turun,518.5,1505.25,80.0
2026-08-10T05:51,J5,penuh_turun,519.6,1502.0,80.0
2026-08-10T05:51,J5,penuh_turun,520.8,1497.0,80.0
2026-08-10T05:51,J5,penuh_turun,522.0,1489.875,80.0
2026-08-10T05:51,J5,penuh_turun,523.1,1486.125,80.0
2026-08-10T05:51,J5,penuh_turun,524.3,1481.125,80.0
2026-08-10T05:51,J5,penuh_turun,525.4,1475.625,80.0
2026-08-10T05:51,J5,penuh_turun,526.6,1469.5,80.0
2026-08-10T05:51,J5,penuh_turun,527.8,1463.375,80.0
2026-08-10T05:51,J5,penuh_turun,528.9,1456.875,80.0
2026-08-10T05:51,J5,penuh_turun,530.1,1450.875,80.0
2026-08-10T05:51,J5,penuh_turun,531.2,1446.875,80.0
2026-08-10T05:51,J5,penuh_turun,532.4,1441.125,80.0
2026-08-10T05:51,J5,penuh_turun,533.6,1436.5,80.0
2026-08-10T05:51,J5,penuh_turun,534.7,1431.75,80.0
2026-08-10T05:51,J5,penuh_turun,535.9,1427.375,80.0
2026-08-10T05:51,J5,penuh_turun,537.0,1421.375,80.0
2026-08-10T05:51,J5,penuh_turun,538.2,1414.375,80.0
2026-08-10T05:51,J5,penuh_turun,539.4,1409.625,80.0
2026-08-10T05:51,J5,penuh_turun,540.5,1409.625,80.0
2026-08-10T05:51,J5,penuh_turun,541.7,1403.875,80.0
2026-08-10T05:51,J5,penuh_turun,542.8,1395.875,80.0
2026-08-10T05:51,J5,penuh_turun,544.0,1388.625,80.0
2026-08-10T05:51,J5,penuh_turun,545.2,1382.625,80.0
2026-08-10T05:51,J5,penuh_turun,546.3,1377.75,80.0
2026-08-10T05:51,J5,penuh_turun,547.5,1374.0,80.0
2026-08-10T05:51,J5,penuh_turun,548.6,1369.5,80.0
2026-08-10T05:51,J5,penuh_turun,549.8,1364.375,80.0
2026-08-10T05:51,J5,penuh_turun,551.0,1357.75,80.0
2026-08-10T05:51,J5,penuh_turun,552.1,1349.875,80.0
2026-08-10T05:51,J5,penuh_turun,553.3,1342.875,80.0
2026-08-10T05:51,J5,penuh_turun,554.4,1337.25,80.0
2026-08-10T05:51,J5,penuh_turun,555.6,1333.375,80.0
2026-08-10T05:51,J5,penuh_turun,556.8,1330.0,80.0
2026-08-10T05:51,J5,penuh_turun,557.9,1326.125,80.0
2026-08-10T05:51,J5,penuh_turun,559.1,1319.5,80.0
2026-08-10T05:51,J5,penuh_turun,560.2,1311.75,80.0
2026-08-10T05:51,J5,penuh_turun,561.4,1302.625,80.0
2026-08-10T05:51,J5,penuh_turun,562.6,1298.25,80.0
2026-08-10T05:51,J5,penuh_turun,563.7,1292.375,80.0
2026-08-10T05:51,J5,penuh_turun,564.9,1292.375,80.0
2026-08-10T05:51,J5,penuh_turun,566.0,1285.625,80.0
2026-08-10T05:51,J5,penuh_turun,567.2,1280.375,80.0
2026-08-10T05:51,J5,penuh_turun,568.4,1276.875,80.0
2026-08-10T05:51,J5,penuh_turun,569.5,1273.25,80.0
2026-08-10T05:51,J5,penuh_turun,570.7,1267.125,80.0
2026-08-10T05:51,J5,penuh_turun,571.8,1258.75,80.0
2026-08-10T05:51,J5,penuh_turun,573.0,1253.625,80.0
2026-08-10T05:51,J5,penuh_turun,574.2,1248.5,80.0
2026-08-10T05:51,J5,penuh_turun,575.3,1240.625,80.0
2026-08-10T05:51,J5,penuh_turun,576.5,1230.625,80.0
2026-08-10T05:51,J5,penuh_turun,577.6,1223.125,80.0
2026-08-10T05:51,J5,penuh_turun,578.8,1218.375,80.0
2026-08-10T05:51,J5,penuh_turun,580.0,1214.375,80.0
2026-08-10T05:51,J5,penuh_turun,581.1,1209.5,80.0
2026-08-10T05:51,J5,penuh_turun,582.3,1203.875,80.0
2026-08-10T05:51,J5,penuh_turun,583.4,1200.0,80.0
2026-08-10T05:51,J5,penuh_turun,584.6,1196.375,80.0
2026-08-10T05:51,J5,penuh_turun,585.8,1193.125,80.0
2026-08-10T05:51,J5,penuh_turun,586.9,1185.125,80.0
2026-08-10T05:51,J5,penuh_turun,588.1,1185.125,80.0
2026-08-10T05:51,J5,penuh_turun,589.2,1177.25,80.0
2026-08-10T05:51,J5,penuh_turun,590.4,1172.25,80.0
2026-08-10T05:51,J5,penuh_turun,591.6,1166.75,80.0
2026-08-10T05:51,J5,penuh_turun,592.7,1161.625,80.0
2026-08-10T05:51,J5,penuh_turun,593.9,1155.125,80.0
2026-08-10T05:51,J5,penuh_turun,595.0,1149.375,80.0
2026-08-10T05:51,J5,penuh_turun,596.2,1143.125,80.0
2026-08-10T05:51,J5,penuh_turun,597.4,1135.25,80.0
2026-08-10T05:51,J5,penuh_turun,598.5,1125.875,80.0
2026-08-10T05:51,J5,penuh_turun,599.7,1120.625,80.0
2026-08-10T05:51,J5,penuh_turun,600.8,1117.25,80.0
2026-08-10T05:51,J5,penuh_turun,602.0,1111.875,80.0
2026-08-10T05:51,J5,penuh_turun,603.2,1105.25,80.0
2026-08-10T05:51,J5,penuh_turun,604.3,1102.0,80.0
2026-08-10T05:51,J5,penuh_turun,605.5,1095.25,80.0
2026-08-10T05:51,J5,penuh_turun,606.6,1088.75,80.0
2026-08-10T05:51,J5,penuh_turun,607.8,1081.625,80.0
2026-08-10T05:51,J5,penuh_turun,609.0,1077.75,80.0
2026-08-10T05:51,J5,penuh_turun,610.1,1073.75,80.0
2026-08-10T05:51,J5,penuh_turun,611.3,1073.75,80.0
2026-08-10T05:51,J5,penuh_turun,612.4,1069.625,80.0
2026-08-10T05:51,J5,penuh_turun,613.6,1063.25,80.0
2026-08-10T05:51,J5,penuh_turun,614.8,1056.875,80.0
2026-08-10T05:51,J5,penuh_turun,615.9,1052.875,80.0
2026-08-10T05:51,J5,penuh_turun,617.1,1049.375,80.0
2026-08-10T05:51,J5,penuh_turun,618.2,1042.5,80.0
2026-08-10T05:51,J5,penuh_turun,619.4,1033.0,80.0
2026-08-10T05:51,J5,penuh_turun,620.6,1024.375,80.0
2026-08-10T05:51,J5,penuh_turun,621.7,1018.5,80.0
2026-08-10T05:51,J5,penuh_turun,622.9,1014.75,80.0
2026-08-10T05:51,J5,penuh_turun,624.0,1009.375,80.0
2026-08-10T05:51,J5,penuh_turun,625.2,1003.0,80.0
2026-08-10T05:51,J5,penuh_turun,626.4,1000.5,80.0
2026-08-10T05:51,J5,penuh_turun,627.5,995.125,80.0
2026-08-10T05:51,J5,penuh_turun,628.7,990.25,80.0
2026-08-10T05:51,J5,penuh_turun,629.8,982.375,80.0
2026-08-10T05:51,J5,penuh_turun,631.0,975.625,80.0
2026-08-10T05:51,J5,penuh_turun,632.2,970.375,80.0
2026-08-10T05:51,J5,penuh_turun,633.3,966.625,80.0
2026-08-10T05:51,J5,penuh_turun,634.5,966.625,80.0
2026-08-10T05:51,J5,penuh_turun,635.6,961.125,80.0
2026-08-10T05:51,J5,penuh_turun,636.8,952.0,80.0
2026-08-10T05:51,J5,penuh_turun,638.0,948.375,80.0
2026-08-10T05:51,J5,penuh_turun,639.1,943.5,80.0
2026-08-10T05:51,J5,penuh_turun,640.3,938.125,80.0
2026-08-10T05:51,J5,penuh_turun,641.4,931.875,80.0
2026-08-10T05:51,J5,penuh_turun,642.6,927.125,80.0
2026-08-10T05:51,J5,penuh_turun,643.8,924.375,80.0
2026-08-10T05:51,J5,penuh_turun,644.9,918.75,80.0
2026-08-10T05:51,J5,penuh_turun,646.1,910.875,80.0
2026-08-10T05:51,J5,penuh_turun,647.2,904.75,80.0
2026-08-10T05:51,J5,penuh_turun,648.4,898.875,80.0
2026-08-10T05:51,J5,penuh_turun,649.6,893.125,80.0
2026-08-10T05:51,J5,penuh_turun,650.7,887.625,80.0
2026-08-10T05:51,J5,penuh_turun,651.9,884.0,80.0
2026-08-10T05:51,J5,penuh_turun,653.0,879.625,80.0
2026-08-10T05:51,J5,penuh_turun,654.2,873.75,80.0
2026-08-10T05:51,J5,penuh_turun,655.4,867.0,80.0
2026-08-10T05:51,J5,penuh_turun,656.5,857.125,80.0
2026-08-10T05:51,J5,penuh_turun,657.7,857.125,80.0
2026-08-10T05:51,J5,penuh_turun,658.8,849.625,80.0
2026-08-10T05:51,J5,penuh_turun,660.0,845.25,80.0
2026-08-10T05:51,J5,penuh_turun,661.2,841.125,80.0
2026-08-10T05:51,J5,penuh_turun,662.3,838.875,80.0
2026-08-10T05:51,J5,penuh_turun,663.5,832.375,80.0
2026-08-10T05:51,J5,penuh_turun,664.6,822.75,80.0
2026-08-10T05:51,J5,penuh_turun,665.8,817.25,80.0
2026-08-10T05:51,J5,penuh_turun,667.0,812.5,80.0
2026-08-10T05:51,J5,penuh_turun,668.1,808.75,80.0
2026-08-10T05:51,J5,penuh_turun,669.3,803.5,80.0
2026-08-10T05:51,J5,penuh_turun,670.4,798.0,80.0
2026-08-10T05:51,J5,penuh_turun,671.6,793.875,80.0
2026-08-10T05:51,J5,penuh_turun,672.8,785.625,80.0
2026-08-10T05:51,J5,penuh_turun,673.9,775.25,80.0
2026-08-10T05:51,J5,penuh_turun,675.1,770.5,80.0
2026-08-10T05:51,J5,penuh_turun,676.2,767.5,80.0
2026-08-10T05:51,J5,penuh_turun,677.4,764.0,80.0
2026-08-10T05:51,J5,penuh_turun,678.6,758.375,80.0
2026-08-10T05:51,J5,penuh_turun,679.7,753.125,80.0
2026-08-10T05:51,J5,penuh_turun,680.9,753.125,80.0
2026-08-10T05:51,J5,penuh_turun,682.0,748.125,80.0
2026-08-10T05:51,J5,penuh_turun,683.2,740.875,80.0
2026-08-10T05:51,J5,penuh_turun,684.4,734.25,80.0
2026-08-10T05:51,J5,penuh_turun,685.5,729.75,80.0
2026-08-10T05:51,J5,penuh_turun,686.7,727.625,80.0
2026-08-10T05:51,J5,penuh_turun,687.8,723.125,80.0
2026-08-10T05:51,J5,penuh_turun,689.0,717.125,80.0
2026-08-10T05:51,J5,penuh_turun,690.2,711.375,80.0
2026-08-10T05:51,J5,penuh_turun,691.3,702.0,80.0
2026-08-10T05:51,J5,penuh_turun,692.5,693.875,80.0
2026-08-10T05:51,J5,penuh_turun,693.6,689.5,80.0
2026-08-10T05:51,J5,penuh_turun,694.8,685.5,80.0
2026-08-10T05:51,J5,penuh_turun,696.0,680.375,80.0
2026-08-10T05:51,J5,penuh_turun,697.1,676.25,80.0
2026-08-10T05:51,J5,penuh_turun,698.3,671.25,80.0
2026-08-10T05:51,J5,penuh_turun,699.4,664.25,80.0
2026-08-10T05:51,J5,penuh_turun,700.6,657.625,80.0
2026-08-10T05:51,J5,penuh_turun,701.8,652.25,80.0
2026-08-10T05:51,J5,penuh_turun,702.9,647.25,80.0
2026-08-10T05:51,J5,penuh_turun,704.1,647.25,80.0
2026-08-10T05:51,J5,penuh_turun,705.2,640.875,80.0
2026-08-10T05:51,J5,penuh_turun,706.4,635.625,80.0
2026-08-10T05:51,J5,penuh_turun,707.6,630.25,80.0
2026-08-10T05:51,J5,penuh_turun,708.7,625.375,80.0
2026-08-10T05:51,J5,penuh_turun,709.9,620.75,80.0
2026-08-10T05:51,J5,penuh_turun,711.0,612.75,80.0
2026-08-10T05:51,J5,penuh_turun,712.2,606.125,80.0
2026-08-10T05:51,J5,penuh_turun,713.4,600.875,80.0
2026-08-10T05:51,J5,penuh_turun,714.5,596.0,80.0
2026-08-10T05:51,J5,penuh_turun,715.7,588.5,80.0
2026-08-10T05:51,J5,penuh_turun,716.8,584.0,80.0
2026-08-10T05:51,J5,penuh_turun,718.0,577.0,80.0
2026-08-10T05:51,J5,penuh_turun,719.2,571.75,80.0
2026-08-10T05:51,J5,penuh_turun,720.3,570.875,80.0
2026-08-10T05:51,J5,penuh_turun,721.5,567.625,80.0
2026-08-10T05:51,J5,penuh_turun,722.6,562.0,80.0
2026-08-10T05:51,J5,penuh_turun,723.8,557.375,80.0
2026-08-10T05:51,J5,penuh_turun,725.0,549.625,80.0
2026-08-10T05:51,J5,penuh_turun,726.1,542.375,80.0
2026-08-10T05:51,J5,penuh_turun,727.3,536.125,80.0
2026-08-10T05:51,J5,penuh_turun,728.4,536.125,80.0
2026-08-10T05:51,J5,penuh_turun,729.6,528.625,80.0
2026-08-10T05:51,J5,penuh_turun,730.8,522.125,80.0
2026-08-10T05:51,J5,penuh_turun,731.9,516.625,80.0
2026-08-10T05:51,J5,penuh_turun,733.1,511.0,80.0
2026-08-10T05:51,J5,penuh_turun,734.2,504.75,80.0
2026-08-10T05:51,J5,penuh_turun,735.4,498.625,80.0
2026-08-10T05:51,J5,penuh_turun,736.6,490.75,80.0
2026-08-10T05:51,J5,penuh_turun,737.7,483.25,80.0
2026-08-10T05:51,J5,penuh_turun,738.9,477.375,80.0
2026-08-10T05:51,J5,penuh_turun,740.0,488.75,80.0
2026-08-10T05:51,J5,penuh_turun,741.2,495.875,80.0
2026-08-10T05:51,J5,penuh_turun,742.4,504.375,80.0
2026-08-10T05:51,J5,penuh_turun,743.5,515.25,80.0
2026-08-10T05:51,J5,penuh_turun,744.7,510.625,80.0
2026-08-10T05:51,J5,penuh_turun,745.8,455.625,80.0
2026-08-10T05:51,J5,penuh_turun,747.0,456.25,80.0
2026-08-10T05:51,J5,penuh_turun,748.2,460.25,80.0
2026-08-10T05:51,J5,penuh_turun,749.3,503.625,80.0
2026-08-10T05:51,J5,penuh_turun,750.5,518.375,80.0
2026-08-10T05:51,J5,penuh_turun,751.6,518.375,80.0
2026-08-10T05:51,J5,penuh_turun,752.8,525.25,80.0
2026-08-10T05:51,J5,penuh_turun,754.0,549.5,80.0
2026-08-10T05:51,J5,penuh_turun,755.1,553.5,80.0
2026-08-10T05:51,J5,penuh_turun,756.3,510.125,80.0
2026-08-10T05:51,J5,penuh_turun,757.4,479.375,80.0
2026-08-10T05:51,J5,penuh_turun,758.6,430.625,80.0
2026-08-10T05:51,J5,penuh_turun,759.8,379.375,80.0
2026-08-10T05:51,J5,penuh_turun,760.9,393.625,80.0
2026-08-10T05:51,J5,penuh_turun,762.1,405.5,80.0
2026-08-10T05:51,J5,penuh_turun,763.2,398.375,80.0
2026-08-10T05:51,J5,penuh_turun,764.4,388.875,80.0
2026-08-10T05:51,J5,penuh_turun,765.6,415.5,80.0
2026-08-10T05:51,J5,penuh_turun,766.7,418.375,80.0
2026-08-10T05:51,J5,penuh_turun,767.9,426.875,80.0
2026-08-10T05:51,J5,penuh_turun,769.0,406.5,80.0
2026-08-10T05:51,J5,penuh_turun,770.2,396.5,80.0
2026-08-10T05:51,J5,penuh_turun,771.4,434.375,80.0
2026-08-10T05:51,J5,penuh_turun,772.5,440.625,80.0
2026-08-10T05:51,J5,penuh_turun,773.7,451.0,80.0
2026-08-10T05:51,J5,penuh_turun,774.8,451.0,80.0
2026-08-10T05:51,J5,penuh_turun,776.0,419.125,80.0
2026-08-10T05:51,J5,penuh_turun,777.2,401.375,80.0
2026-08-10T05:51,J5,penuh_turun,778.3,380.875,80.0
2026-08-10T05:51,J5,penuh_turun,779.5,367.5,80.0
2026-08-10T05:51,J5,penuh_turun,780.6,358.25,80.0
2026-08-10T05:51,J5,penuh_turun,781.8,347.125,80.0
2026-08-10T05:51,J5,penuh_turun,783.0,348.125,80.0
2026-08-10T05:51,J5,penuh_turun,784.1,346.875,80.0
2026-08-10T05:51,J5,penuh_turun,785.3,345.25,80.0
2026-08-10T05:51,J5,penuh_turun,786.4,344.0,80.0
2026-08-10T05:51,J5,penuh_turun,787.6,342.375,80.0
2026-08-10T05:51,J5,penuh_turun,788.8,341.5,80.0
2026-08-10T05:51,J5,penuh_turun,789.9,340.25,80.0
2026-08-10T05:51,J5,penuh_turun,791.1,340.0,80.0
2026-08-10T05:51,J5,penuh_turun,792.2,344.25,80.0
2026-08-10T05:51,J5,penuh_turun,793.4,362.625,80.0
2026-08-10T05:51,J5,penuh_turun,794.6,365.5,80.0
2026-08-10T05:51,J5,penuh_turun,795.7,364.875,80.0
2026-08-10T05:51,J5,penuh_turun,796.9,369.875,80.0
2026-08-10T05:51,J5,penuh_turun,798.0,369.875,80.0
2026-08-10T05:51,J5,penuh_turun,799.2,361.25,80.0
2026-08-10T05:51,J5,penuh_turun,800.4,340.0,80.0
2026-08-10T05:51,J5,penuh_turun,801.5,327.5,80.0
2026-08-10T05:51,J5,penuh_turun,802.7,324.25,80.0
2026-08-10T05:51,J5,penuh_turun,803.8,326.0,80.0
2026-08-10T05:51,J5,penuh_turun,805.0,323.125,80.0
2026-08-10T05:51,J5,penuh_turun,806.2,321.625,80.0
2026-08-10T05:51,J5,penuh_turun,807.3,321.5,80.0
2026-08-10T05:51,J5,penuh_turun,808.5,321.875,80.0
2026-08-10T05:51,J5,penuh_turun,809.6,322.125,80.0
2026-08-10T05:51,J5,penuh_turun,810.8,323.0,80.0
2026-08-10T05:51,J5,penuh_turun,812.0,322.375,80.0
2026-08-10T05:51,J5,penuh_turun,813.1,321.625,80.0
2026-08-10T05:51,J5,penuh_turun,814.3,321.75,80.0
2026-08-10T05:51,J5,penuh_turun,815.4,321.125,80.0
2026-08-10T05:51,J5,penuh_turun,816.6,320.625,80.0
2026-08-10T05:51,J5,penuh_turun,817.8,322.0,80.0
2026-08-10T05:51,J5,penuh_turun,818.9,322.5,80.0
2026-08-10T05:51,J5,penuh_turun,820.1,314.375,80.0
2026-08-10T05:51,J5,penuh_turun,821.2,314.375,80.0
2026-08-10T05:51,J5,penuh_turun,822.4,310.0,80.0
2026-08-10T05:51,J5,penuh_turun,823.6,310.0,80.0
2026-08-10T05:51,J5,penuh_turun,824.7,309.625,80.0
2026-08-10T05:51,J5,penuh_turun,825.9,310.0,80.0
2026-08-10T05:51,J5,penuh_turun,827.0,309.5,80.0
2026-08-10T05:51,J5,penuh_turun,828.2,308.375,80.0
2026-08-10T05:51,J5,penuh_turun,829.4,308.25,80.0
2026-08-10T05:51,J5,penuh_turun,830.5,307.75,80.0
2026-08-10T05:51,J5,penuh_turun,831.7,307.75,80.0
2026-08-10T05:51,J5,penuh_turun,832.8,307.125,80.0
2026-08-10T05:51,J5,penuh_turun,834.0,306.0,80.0
2026-08-10T05:51,J5,penuh_turun,835.2,305.625,80.0
2026-08-10T05:51,J5,penuh_turun,836.3,305.625,80.0
2026-08-10T05:51,J5,penuh_turun,837.5,306.0,80.0
2026-08-10T05:51,J5,penuh_turun,838.6,304.75,80.0
2026-08-10T05:51,J5,penuh_turun,839.8,305.25,80.0
2026-08-10T05:51,J5,penuh_turun,841.0,306.125,80.0
2026-08-10T05:51,J5,penuh_turun,842.1,303.375,80.0
2026-08-10T05:51,J5,penuh_turun,843.3,303.75,80.0
2026-08-10T05:51,J5,penuh_turun,844.4,303.75,80.0
2026-08-10T05:51,J5,penuh_turun,845.6,302.875,80.0
2026-08-10T05:51,J5,penuh_turun,846.8,302.625,80.0
2026-08-10T05:51,J5,penuh_turun,847.9,302.375,80.0
2026-08-10T05:51,J5,penuh_turun,849.1,298.625,80.0
2026-08-10T05:51,J5,penuh_turun,850.2,298.0,80.0
2026-08-10T05:51,J5,penuh_turun,851.4,297.375,80.0
2026-08-10T05:51,J5,penuh_turun,852.6,297.0,80.0
2026-08-10T05:51,J5,penuh_turun,853.7,297.0,80.0
2026-08-10T05:51,J5,penuh_turun,854.9,296.25,80.0
2026-08-10T05:51,J5,penuh_turun,856.0,295.75,80.0
2026-08-10T05:51,J5,penuh_turun,857.2,295.125,80.0
2026-08-10T05:51,J5,penuh_turun,858.4,294.375,80.0
2026-08-10T05:51,J5,penuh_turun,859.5,293.125,80.0
2026-08-10T05:51,J5,penuh_turun,860.7,292.25,80.0
2026-08-10T05:51,J5,penuh_turun,861.8,291.375,80.0
2026-08-10T05:51,J5,penuh_turun,863.0,290.75,80.0
2026-08-10T05:51,J5,penuh_turun,864.2,290.125,80.0
2026-08-10T05:51,J5,penuh_turun,865.3,289.625,80.0
2026-08-10T05:51,J5,penuh_turun,866.5,289.625,80.0
2026-08-10T05:51,J5,penuh_turun,867.6,289.625,80.0
2026-08-10T05:51,J5,penuh_turun,868.8,289.0,80.0
2026-08-10T05:51,J5,penuh_turun,870.0,288.375,80.0
2026-08-10T05:51,J5,penuh_turun,871.1,287.75,80.0
2026-08-10T05:51,J5,penuh_turun,872.3,287.0,80.0
2026-08-10T05:51,J5,penuh_turun,873.4,286.375,80.0
2026-08-10T05:51,J5,penuh_turun,874.6,285.875,80.0
2026-08-10T05:51,J5,penuh_turun,875.8,285.5,80.0
2026-08-10T05:51,J5,penuh_turun,876.9,284.875,80.0
2026-08-10T05:51,J5,penuh_turun,878.1,284.625,80.0
2026-08-10T05:51,J5,penuh_turun,879.2,284.5,80.0
2026-08-10T05:51,J5,penuh_turun,880.4,284.25,80.0
2026-08-10T05:51,J5,penuh_turun,881.6,284.125,80.0
2026-08-10T05:51,J5,penuh_turun,882.7,284.125,80.0
2026-08-10T05:51,J5,penuh_turun,883.9,283.875,80.0
2026-08-10T05:51,J5,penuh_turun,885.0,283.625,80.0
2026-08-10T05:51,J5,penuh_turun,886.2,283.625,80.0
2026-08-10T05:51,J5,penuh_turun,887.4,283.5,80.0
2026-08-10T05:51,J5,penuh_turun,888.5,283.625,80.0
2026-08-10T05:51,J5,penuh_turun,889.7,283.5,80.0
2026-08-10T05:51,J5,penuh_turun,890.8,283.375,80.0
2026-08-10T05:51,J5,penuh_turun,892.0,283.375,80.0
2026-08-10T05:51,J5,penuh_turun,893.2,283.125,80.0
2026-08-10T05:51,J5,penuh_turun,894.3,283.375,80.0
2026-08-10T05:51,J5,penuh_turun,895.5,283.375,80.0
2026-08-10T05:51,J5,penuh_turun,896.6,283.25,80.0
2026-08-10T05:51,J5,penuh_turun,897.8,283.375,80.0
2026-08-10T05:51,J5,penuh_turun,899.0,283.375,80.0
2026-08-10T05:51,J5,penuh_turun,900.1,283.125,80.0
2026-08-10T05:51,J5,penuh_turun,901.3,283.125,80.0
2026-08-10T05:51,J5,penuh_turun,902.4,283.125,80.0
2026-08-10T05:51,J5,penuh_turun,903.6,282.875,80.0
2026-08-10T05:51,J5,penuh_turun,904.8,282.875,80.0
2026-08-10T05:51,J5,penuh_turun,905.9,283.0,80.0
2026-08-10T05:51,J5,penuh_turun,907.1,282.875,80.0
2026-08-10T05:51,J5,penuh_turun,908.2,283.0,80.0
2026-08-10T05:51,J5,penuh_turun,909.4,283.125,80.0
2026-08-10T05:51,J5,penuh_turun,910.6,282.875,80.0
2026-08-10T05:51,J5,penuh_turun,911.7,282.875,80.0
2026-08-10T05:51,J5,penuh_turun,912.9,282.875,80.0
2026-08-10T05:51,J5,penuh_turun,914.0,283.125,80.0
2026-08-10T05:51,J5,penuh_turun,915.2,283.125,80.0
2026-08-10T05:51,J5,penuh_turun,916.4,283.0,80.0
2026-08-10T05:51,J5,penuh_turun,917.5,283.0,80.0
2026-08-10T05:51,J5,penuh_turun,918.7,283.0,80.0
2026-08-10T05:51,J5,penuh_turun,919.8,282.75,80.0
2026-08-10T05:51,J5,penuh_turun,921.0,282.75,80.0
2026-08-10T05:51,J5,penuh_turun,922.2,282.75,80.0
2026-08-10T05:51,J5,penuh_turun,923.3,282.875,80.0
2026-08-10T05:51,J5,penuh_turun,924.5,282.75,80.0
2026-08-10T05:51,J5,penuh_turun,925.6,282.75,80.0
2026-08-10T05:51,J5,penuh_turun,926.8,282.75,80.0
2026-08-10T05:51,J5,penuh_turun,928.0,282.625,80.0
2026-08-10T05:51,J5,penuh_turun,929.1,282.5,80.0
2026-08-10T05:51,J5,penuh_turun,930.3,282.5,80.0
2026-08-10T05:51,J5,penuh_turun,931.4,282.25,80.0
2026-08-10T05:51,J5,penuh_turun,932.6,282.25,80.0
2026-08-10T05:51,J5,penuh_turun,933.8,282.375,80.0
2026-08-10T05:51,J5,penuh_turun,934.9,282.25,80.0
2026-08-10T05:51,J5,penuh_turun,936.1,282.125,80.0
2026-08-10T05:51,J5,penuh_turun,937.2,282.125,80.0
2026-08-10T05:51,J5,penuh_turun,938.4,282.125,80.0
2026-08-10T05:51,J5,penuh_turun,939.6,281.875,80.0
2026-08-10T05:51,J5,penuh_turun,940.7,281.875,80.0
2026-08-10T05:51,J5,penuh_turun,941.9,281.875,80.0
2026-08-10T05:51,J5,penuh_turun,943.0,281.5,80.0
2026-08-10T05:51,J5,penuh_turun,944.2,281.375,80.0
2026-08-10T05:51,J5,penuh_turun,945.4,281.5,80.0
2026-08-10T05:51,J5,penuh_turun,946.5,281.25,80.0
2026-08-10T05:51,J5,penuh_turun,947.7,281.5,80.0
2026-08-10T05:51,J5,penuh_turun,948.8,281.375,80.0
2026-08-10T05:51,J5,penuh_turun,950.0,281.375,80.0
2026-08-10T05:51,J5,penuh_turun,951.2,281.25,80.0
2026-08-10T05:51,J5,penuh_turun,952.3,281.25,80.0
2026-08-10T05:51,J5,penuh_turun,953.5,281.125,80.0
2026-08-10T05:51,J5,penuh_turun,954.6,285.25,80.0
2026-08-10T05:51,J5,penuh_turun,955.8,286.875,80.0
2026-08-10T05:51,J5,penuh_turun,957.0,286.5,80.0
2026-08-10T05:51,J5,penuh_turun,958.1,286.625,80.0
2026-08-10T05:51,J5,penuh_turun,959.3,286.0,80.0
2026-08-10T05:51,J5,penuh_turun,960.4,286.375,80.0
2026-08-10T05:51,J5,penuh_turun,961.6,286.375,80.0
2026-08-10T05:51,J5,penuh_turun,962.8,286.0,80.0
2026-08-10T05:51,J5,penuh_turun,963.9,286.25,80.0
2026-08-10T05:51,J5,penuh_turun,965.1,286.625,80.0
2026-08-10T05:51,J5,penuh_turun,966.2,286.25,80.0
2026-08-10T05:51,J5,penuh_turun,967.4,286.25,80.0
2026-08-10T05:51,J5,penuh_turun,968.6,286.125,80.0
2026-08-10T05:51,J5,penuh_turun,969.7,286.25,80.0
2026-08-10T05:51,J5,penuh_turun,970.9,286.375,80.0
2026-08-10T05:51,J5,penuh_turun,972.0,286.375,80.0
2026-08-10T05:51,J5,penuh_turun,973.2,286.125,80.0
2026-08-10T05:51,J5,penuh_turun,974.4,285.875,80.0
2026-08-10T05:51,J5,penuh_turun,975.5,286.0,80.0
2026-08-10T05:51,J5,penuh_turun,976.7,286.125,80.0
2026-08-10T05:51,J5,penuh_turun,977.8,285.75,80.0
2026-08-10T05:51,J5,penuh_turun,979.0,286.25,80.0
2026-08-10T05:51,J5,setengah_naik,0.0,1648.625,80.0
2026-08-10T05:51,J5,setengah_naik,1.1,1648.75,80.0
2026-08-10T05:51,J5,setengah_naik,2.3,1648.625,80.0
2026-08-10T05:51,J5,setengah_naik,3.4,1648.625,80.0
2026-08-10T05:51,J5,setengah_naik,4.6,1648.75,80.0
2026-08-10T05:51,J5,setengah_naik,5.8,1648.75,80.0
2026-08-10T05:51,J5,setengah_naik,6.9,1648.625,80.0
2026-08-10T05:51,J5,setengah_naik,8.1,1649.0,80.0
2026-08-10T05:51,J5,setengah_naik,9.2,1648.875,80.0
2026-08-10T05:51,J5,setengah_naik,10.4,1648.875,80.0
2026-08-10T05:51,J5,setengah_naik,11.6,1649.0,80.0
2026-08-10T05:51,J5,setengah_naik,12.7,1648.75,80.0
2026-08-10T05:51,J5,setengah_naik,13.9,1648.75,80.0
2026-08-10T05:51,J5,setengah_naik,15.0,1648.75,80.0
2026-08-10T05:51,J5,setengah_naik,16.2,1648.875,80.0
2026-08-10T05:51,J5,setengah_naik,17.4,1648.875,80.0
2026-08-10T05:51,J5,setengah_naik,18.5,1648.75,80.0
2026-08-10T05:51,J5,setengah_naik,19.7,1648.875,80.0
2026-08-10T05:51,J5,setengah_naik,20.8,1648.5,80.0
2026-08-10T05:51,J5,setengah_naik,22.0,1648.625,80.0
2026-08-10T05:51,J5,setengah_naik,23.2,1648.75,80.0
2026-08-10T05:51,J5,setengah_naik,24.3,1649.0,80.0
2026-08-10T05:51,J5,setengah_naik,25.5,1648.875,80.0
2026-08-10T05:51,J5,setengah_naik,26.6,1648.875,80.0
2026-08-10T05:51,J5,setengah_naik,27.8,1648.875,80.0
2026-08-10T05:51,J5,setengah_naik,29.0,1649.0,80.0
2026-08-10T05:51,J5,setengah_naik,30.1,1649.0,80.0
2026-08-10T05:51,J5,setengah_naik,31.3,1648.875,80.0
2026-08-10T05:51,J5,setengah_naik,32.4,1649.0,80.0
2026-08-10T05:51,J5,setengah_naik,33.6,1649.0,80.0
2026-08-10T05:51,J5,setengah_naik,34.8,1648.875,80.0
2026-08-10T05:51,J5,setengah_naik,35.9,1649.0,80.0
2026-08-10T05:51,J5,setengah_naik,37.1,1648.875,80.0
2026-08-10T05:51,J5,setengah_naik,38.2,1648.75,80.0
2026-08-10T05:51,J5,setengah_naik,39.4,1648.75,80.0
2026-08-10T05:51,J5,setengah_naik,40.6,1648.75,80.0
2026-08-10T05:51,J5,setengah_naik,41.7,1648.875,80.0
2026-08-10T05:51,J5,setengah_naik,42.9,1648.75,80.0
2026-08-10T05:51,J5,setengah_naik,44.0,1648.75,80.0
2026-08-10T05:51,J5,setengah_naik,45.2,1648.75,80.0
2026-08-10T05:51,J5,setengah_naik,46.4,1648.75,80.0
2026-08-10T05:51,J5,setengah_naik,47.5,1648.875,80.0
2026-08-10T05:51,J5,setengah_naik,48.7,1648.875,80.0
2026-08-10T05:51,J5,setengah_naik,49.8,1648.75,80.0
2026-08-10T05:51,J5,setengah_naik,51.0,1648.75,80.0
2026-08-10T05:51,J5,setengah_naik,52.2,1648.875,80.0
2026-08-10T05:51,J5,setengah_naik,53.3,1648.875,80.0
2026-08-10T05:51,J5,setengah_naik,54.5,1648.625,80.0
2026-08-10T05:51,J5,setengah_naik,55.6,1648.625,80.0
2026-08-10T05:51,J5,setengah_naik,56.8,1648.75,80.0
2026-08-10T05:51,J5,setengah_naik,58.0,1648.75,80.0
2026-08-10T05:51,J5,setengah_naik,59.1,1648.75,80.0
2026-08-10T05:51,J5,setengah_naik,60.3,1648.75,80.0
2026-08-10T05:51,J5,setengah_naik,61.4,1648.625,80.0
2026-08-10T05:51,J5,setengah_naik,62.6,1648.75,80.0
2026-08-10T05:51,J5,setengah_naik,63.8,1648.75,80.0
2026-08-10T05:51,J5,setengah_naik,64.9,1648.5,80.0
2026-08-10T05:51,J5,setengah_naik,66.1,1648.625,80.0
2026-08-10T05:51,J5,setengah_naik,67.2,1648.875,80.0
2026-08-10T05:51,J5,setengah_naik,68.4,1649.0,80.0
2026-08-10T05:51,J5,setengah_naik,69.6,1648.875,80.0
2026-08-10T05:51,J5,setengah_naik,70.7,1648.75,80.0
2026-08-10T05:51,J5,setengah_naik,71.9,1648.625,80.0
2026-08-10T05:51,J5,setengah_naik,73.0,1648.75,80.0
2026-08-10T05:51,J5,setengah_naik,74.2,1648.75,80.0
2026-08-10T05:51,J5,setengah_naik,75.4,1648.875,80.0
2026-08-10T05:51,J5,setengah_naik,76.5,1648.875,80.0
2026-08-10T05:51,J5,setengah_naik,77.7,1648.75,80.0
2026-08-10T05:51,J5,setengah_naik,78.8,1648.625,80.0
2026-08-10T05:51,J5,setengah_naik,80.0,1648.75,80.0
2026-08-10T05:51,J5,setengah_naik,81.2,1648.75,80.0
2026-08-10T05:51,J5,setengah_naik,82.3,1648.75,80.0
2026-08-10T05:51,J5,setengah_naik,83.5,1649.0,80.0
2026-08-10T05:51,J5,setengah_naik,84.6,1648.875,80.0
2026-08-10T05:51,J5,setengah_naik,85.8,1648.75,80.0
2026-08-10T05:51,J5,setengah_naik,87.0,1648.625,80.0
2026-08-10T05:51,J5,setengah_naik,88.1,1648.75,80.0
2026-08-10T05:51,J5,setengah_naik,89.3,1649.0,80.0
2026-08-10T05:51,J5,setengah_naik,90.4,1649.0,80.0
2026-08-10T05:51,J5,setengah_naik,91.6,1648.75,80.0
2026-08-10T05:51,J5,setengah_naik,92.8,1648.75,80.0
2026-08-10T05:51,J5,setengah_naik,93.9,1648.625,80.0
2026-08-10T05:51,J5,setengah_naik,95.1,1648.875,80.0
2026-08-10T05:51,J5,setengah_naik,96.2,1648.625,80.0
2026-08-10T05:51,J5,setengah_naik,97.4,1648.625,80.0
2026-08-10T05:51,J5,setengah_naik,98.6,1738.75,80.0
2026-08-10T05:51,J5,setengah_naik,99.7,1837.75,80.0
2026-08-10T05:51,J5,setengah_naik,100.9,1855.5,80.0
2026-08-10T05:51,J5,setengah_naik,102.0,1853.0,80.0
2026-08-10T05:51,J5,setengah_naik,103.2,1848.875,80.0
2026-08-10T05:51,J5,setengah_naik,104.4,1827.0,80.0
2026-08-10T05:51,J5,setengah_naik,105.5,1814.0,80.0
2026-08-10T05:51,J5,setengah_naik,106.7,1828.5,80.0
2026-08-10T05:51,J5,setengah_naik,107.8,1809.375,80.0
2026-08-10T05:51,J5,setengah_naik,109.0,1806.0,80.0
2026-08-10T05:51,J5,setengah_naik,110.2,1816.375,80.0
2026-08-10T05:51,J5,setengah_naik,111.3,1783.0,80.0
2026-08-10T05:51,J5,setengah_naik,112.5,1803.125,80.0
2026-08-10T05:51,J5,setengah_naik,113.6,1779.125,80.0
2026-08-10T05:51,J5,setengah_naik,114.8,1793.375,80.0
2026-08-10T05:51,J5,setengah_naik,116.0,1776.625,80.0
2026-08-10T05:51,J5,setengah_naik,117.1,1774.5,80.0
2026-08-10T05:51,J5,setengah_naik,118.3,1786.875,80.0
2026-08-10T05:51,J5,setengah_naik,119.4,1767.625,80.0
2026-08-10T05:51,J5,setengah_naik,120.6,1767.625,80.0
2026-08-10T05:51,J5,setengah_naik,121.8,1768.875,80.0
2026-08-10T05:51,J5,setengah_naik,122.9,1772.25,80.0
2026-08-10T05:51,J5,setengah_naik,124.1,1771.75,80.0
2026-08-10T05:51,J5,setengah_naik,125.2,1764.25,80.0
2026-08-10T05:51,J5,setengah_naik,126.4,1763.75,80.0
2026-08-10T05:51,J5,setengah_naik,127.6,1764.25,80.0
2026-08-10T05:51,J5,setengah_naik,128.7,1765.375,80.0
2026-08-10T05:51,J5,setengah_naik,129.9,1766.0,80.0
2026-08-10T05:51,J5,setengah_naik,131.0,1776.875,80.0
2026-08-10T05:51,J5,setengah_naik,132.2,1775.625,80.0
2026-08-10T05:51,J5,setengah_naik,133.4,1775.5,80.0
2026-08-10T05:51,J5,setengah_naik,134.5,1773.875,80.0
2026-08-10T05:51,J5,setengah_naik,135.7,1773.75,80.0
2026-08-10T05:51,J5,setengah_naik,136.8,1775.625,80.0
2026-08-10T05:51,J5,setengah_naik,138.0,1776.75,80.0
2026-08-10T05:51,J5,setengah_naik,139.2,1776.375,80.0
2026-08-10T05:51,J5,setengah_naik,140.3,1775.875,80.0
2026-08-10T05:51,J5,setengah_naik,141.5,1778.5,80.0
2026-08-10T05:51,J5,setengah_naik,142.6,1782.0,80.0
2026-08-10T05:51,J5,setengah_naik,143.8,1782.0,80.0
2026-08-10T05:51,J5,setengah_naik,145.0,1782.375,80.0
2026-08-10T05:51,J5,setengah_naik,146.1,1788.125,80.0
2026-08-10T05:51,J5,setengah_naik,147.3,1787.25,80.0
2026-08-10T05:51,J5,setengah_naik,148.4,1790.625,80.0
2026-08-10T05:51,J5,setengah_naik,149.6,1793.5,80.0
2026-08-10T05:51,J5,setengah_naik,150.8,1794.625,80.0
2026-08-10T05:51,J5,setengah_naik,151.9,1796.375,80.0
2026-08-10T05:51,J5,setengah_naik,153.1,1795.625,80.0
2026-08-10T05:51,J5,setengah_naik,154.2,1799.25,80.0
2026-08-10T05:51,J5,setengah_naik,155.4,1799.75,80.0
2026-08-10T05:51,J5,setengah_naik,156.6,1806.375,80.0
2026-08-10T05:51,J5,setengah_naik,157.7,1810.375,80.0
2026-08-10T05:51,J5,setengah_naik,158.9,1811.125,80.0
2026-08-10T05:51,J5,setengah_naik,160.0,1816.5,80.0
2026-08-10T05:51,J5,setengah_naik,161.2,1820.125,80.0
2026-08-10T05:51,J5,setengah_naik,162.4,1821.625,80.0
2026-08-10T05:51,J5,setengah_naik,163.5,1824.125,80.0
2026-08-10T05:51,J5,setengah_naik,164.7,1826.625,80.0
2026-08-10T05:51,J5,setengah_naik,165.8,1830.5,80.0
2026-08-10T05:51,J5,setengah_naik,167.0,1830.5,80.0
2026-08-10T05:51,J5,setengah_naik,168.2,1831.5,80.0
2026-08-10T05:51,J5,setengah_naik,169.3,1832.875,80.0
2026-08-10T05:51,J5,setengah_naik,170.5,1839.125,80.0
2026-08-10T05:51,J5,setengah_naik,171.6,1841.0,80.0
2026-08-10T05:51,J5,setengah_naik,172.8,1841.5,80.0
2026-08-10T05:51,J5,setengah_naik,174.0,1849.25,80.0
2026-08-10T05:51,J5,setengah_naik,175.1,1853.125,80.0
2026-08-10T05:51,J5,setengah_naik,176.3,1855.25,80.0
2026-08-10T05:51,J5,setengah_naik,177.4,1860.25,80.0
2026-08-10T05:51,J5,setengah_naik,178.6,1862.875,80.0
2026-08-10T05:51,J5,setengah_naik,179.8,1870.0,80.0
2026-08-10T05:51,J5,setengah_naik,180.9,1878.875,80.0
2026-08-10T05:51,J5,setengah_naik,182.1,1882.375,80.0
2026-08-10T05:51,J5,setengah_naik,183.2,1887.25,80.0
2026-08-10T05:51,J5,setengah_naik,184.4,1886.375,80.0
2026-08-10T05:51,J5,setengah_naik,185.6,1891.75,80.0
2026-08-10T05:51,J5,setengah_naik,186.7,1896.375,80.0
2026-08-10T05:51,J5,setengah_naik,187.9,1896.375,80.0
2026-08-10T05:51,J5,setengah_naik,189.0,1900.125,80.0
2026-08-10T05:51,J5,setengah_naik,190.2,1901.375,80.0
2026-08-10T05:51,J5,setengah_naik,191.4,1901.375,80.0
2026-08-10T05:51,J5,setengah_naik,192.5,1907.125,80.0
2026-08-10T05:51,J5,setengah_naik,193.7,1912.25,80.0
2026-08-10T05:51,J5,setengah_naik,194.8,1920.875,80.0
2026-08-10T05:51,J5,setengah_naik,196.0,1923.125,80.0
2026-08-10T05:51,J5,setengah_naik,197.2,1929.5,80.0
2026-08-10T05:51,J5,setengah_naik,198.3,1931.25,80.0
2026-08-10T05:51,J5,setengah_naik,199.5,1936.75,80.0
2026-08-10T05:51,J5,setengah_naik,200.6,1938.875,80.0
2026-08-10T05:51,J5,setengah_naik,201.8,1944.375,80.0
2026-08-10T05:51,J5,setengah_naik,203.0,1947.375,80.0
2026-08-10T05:51,J5,setengah_naik,204.1,1953.125,80.0
2026-08-10T05:51,J5,setengah_naik,205.3,1956.75,80.0
2026-08-10T05:51,J5,setengah_naik,206.4,1962.625,80.0
2026-08-10T05:51,J5,setengah_naik,207.6,1965.875,80.0
2026-08-10T05:51,J5,setengah_naik,208.8,1975.375,80.0
2026-08-10T05:51,J5,setengah_naik,209.9,1979.625,80.0
2026-08-10T05:51,J5,setengah_naik,211.1,1982.375,80.0
2026-08-10T05:51,J5,setengah_naik,212.2,1984.625,80.0
2026-08-10T05:51,J5,setengah_naik,213.4,1988.125,80.0
2026-08-10T05:51,J5,setengah_naik,214.6,1988.125,80.0
2026-08-10T05:51,J5,setengah_naik,215.7,1996.75,80.0
2026-08-10T05:51,J5,setengah_naik,216.9,2003.125,80.0
2026-08-10T05:51,J5,setengah_naik,218.0,2009.25,80.0
2026-08-10T05:51,J5,setengah_naik,219.2,2011.125,80.0
2026-08-10T05:51,J5,setengah_naik,220.4,2016.25,80.0
2026-08-10T05:51,J5,setengah_naik,221.5,2021.125,80.0
2026-08-10T05:51,J5,setengah_naik,222.7,2026.25,80.0
2026-08-10T05:51,J5,setengah_naik,223.8,2033.625,80.0
2026-08-10T05:51,J5,setengah_naik,225.0,2041.25,80.0
2026-08-10T05:51,J5,setengah_naik,226.2,2045.625,80.0
2026-08-10T05:51,J5,setengah_naik,227.3,2049.75,80.0
2026-08-10T05:51,J5,setengah_naik,228.5,2052.75,80.0
2026-08-10T05:51,J5,setengah_naik,229.6,2060.75,80.0
2026-08-10T05:51,J5,setengah_naik,230.8,2066.75,80.0
2026-08-10T05:51,J5,setengah_naik,232.0,2072.125,80.0
2026-08-10T05:51,J5,setengah_naik,233.1,2076.75,80.0
2026-08-10T05:51,J5,setengah_naik,234.3,2082.0,80.0
2026-08-10T05:51,J5,setengah_naik,235.4,2087.75,80.0
2026-08-10T05:51,J5,setengah_naik,236.6,2093.75,80.0
2026-08-10T05:51,J5,setengah_naik,237.8,2093.75,80.0
2026-08-10T05:51,J5,setengah_naik,238.9,2091.0,80.0
2026-08-10T05:51,J5,setengah_naik,240.1,2094.875,80.0
2026-08-10T05:51,J5,setengah_naik,241.2,2103.875,80.0
2026-08-10T05:51,J5,setengah_naik,242.4,2106.375,80.0
2026-08-10T05:51,J5,setengah_naik,243.6,2108.5,80.0
2026-08-10T05:51,J5,setengah_naik,244.7,2114.875,80.0
2026-08-10T05:51,J5,setengah_naik,245.9,2121.0,80.0
2026-08-10T05:51,J5,setengah_naik,247.0,2126.5,80.0
2026-08-10T05:51,J5,setengah_naik,248.2,2132.5,80.0
2026-08-10T05:51,J5,setengah_naik,249.4,2133.25,80.0
2026-08-10T05:51,J5,setengah_naik,250.5,2130.25,80.0
2026-08-10T05:51,J5,setengah_naik,251.7,2130.25,80.0
2026-08-10T05:51,J5,setengah_naik,252.8,2132.5,80.0
2026-08-10T05:51,J5,setengah_naik,254.0,2137.5,80.0
2026-08-10T05:51,J5,setengah_naik,255.2,2142.875,80.0
2026-08-10T05:51,J5,setengah_naik,256.3,2148.875,80.0
2026-08-10T05:51,J5,setengah_naik,257.5,2155.0,80.0
2026-08-10T05:51,J5,setengah_naik,258.6,2159.875,80.0
2026-08-10T05:51,J5,setengah_naik,259.8,2164.125,80.0
2026-08-10T05:51,J5,setengah_naik,261.0,2164.125,80.0
2026-08-10T05:51,J5,setengah_naik,262.1,2166.875,80.0
2026-08-10T05:51,J5,setengah_naik,263.3,2169.375,80.0
2026-08-10T05:51,J5,setengah_naik,264.4,2173.25,80.0
2026-08-10T05:51,J5,setengah_naik,265.6,2179.25,80.0
2026-08-10T05:51,J5,setengah_naik,266.8,2184.75,80.0
2026-08-10T05:51,J5,setengah_naik,267.9,2192.5,80.0
2026-08-10T05:51,J5,setengah_naik,269.1,2200.75,80.0
2026-08-10T05:51,J5,setengah_naik,270.2,2222.625,80.0
2026-08-10T05:51,J5,setengah_naik,271.4,2260.375,80.0
2026-08-10T05:51,J5,setengah_naik,272.6,2286.625,80.0
2026-08-10T05:51,J5,setengah_naik,273.7,2304.75,80.0
2026-08-10T05:51,J5,setengah_naik,274.9,2275.625,80.0
2026-08-10T05:51,J5,setengah_naik,276.0,2246.0,80.0
2026-08-10T05:51,J5,setengah_naik,277.2,2218.375,80.0
2026-08-10T05:51,J5,setengah_naik,278.4,2234.75,80.0
2026-08-10T05:51,J5,setengah_naik,279.5,2257.625,80.0
2026-08-10T05:51,J5,setengah_naik,280.7,2273.125,80.0
2026-08-10T05:51,J5,setengah_naik,281.8,2279.625,80.0
2026-08-10T05:51,J5,setengah_naik,283.0,2332.125,80.0
2026-08-10T05:51,J5,setengah_naik,284.2,2332.125,80.0
2026-08-10T05:51,J5,setengah_naik,285.3,2370.625,80.0
2026-08-10T05:51,J5,setengah_naik,286.5,2425.25,80.0
2026-08-10T05:51,J5,setengah_naik,287.6,2418.375,80.0
2026-08-10T05:51,J5,setengah_naik,288.8,2395.25,80.0
2026-08-10T05:51,J5,setengah_naik,290.0,2366.125,80.0
2026-08-10T05:51,J5,setengah_naik,291.1,2347.625,80.0
2026-08-10T05:51,J5,setengah_naik,292.3,2330.75,80.0
2026-08-10T05:51,J5,setengah_naik,293.4,2282.125,80.0
2026-08-10T05:51,J5,setengah_naik,294.6,2270.25,80.0
2026-08-10T05:51,J5,setengah_naik,295.8,2281.25,80.0
2026-08-10T05:51,J5,setengah_naik,296.9,2284.5,80.0
2026-08-10T05:51,J5,setengah_naik,298.1,2286.75,80.0
2026-08-10T05:51,J5,setengah_naik,299.2,2303.625,80.0
2026-08-10T05:51,J5,setengah_naik,300.4,2314.625,80.0
2026-08-10T05:51,J5,setengah_naik,301.6,2320.125,80.0
2026-08-10T05:51,J5,setengah_naik,302.7,2304.75,80.0
2026-08-10T05:51,J5,setengah_naik,303.9,2306.875,80.0
2026-08-10T05:51,J5,setengah_naik,305.0,2312.0,80.0
2026-08-10T05:51,J5,setengah_naik,306.2,2318.625,80.0
2026-08-10T05:51,J5,setengah_naik,307.4,2318.625,80.0
2026-08-10T05:51,J5,setengah_naik,308.5,2320.25,80.0
2026-08-10T05:51,J5,setengah_naik,309.7,2329.875,80.0
2026-08-10T05:51,J5,setengah_naik,310.8,2348.75,80.0
2026-08-10T05:51,J5,setengah_naik,312.0,2370.25,80.0
2026-08-10T05:51,J5,setengah_naik,313.2,2384.125,80.0
2026-08-10T05:51,J5,setengah_naik,314.3,2385.75,80.0
2026-08-10T05:51,J5,setengah_naik,315.5,2360.25,80.0
2026-08-10T05:51,J5,setengah_naik,316.6,2346.0,80.0
2026-08-10T05:51,J5,setengah_naik,317.8,2338.5,80.0
2026-08-10T05:51,J5,setengah_naik,319.0,2340.375,80.0
2026-08-10T05:51,J5,setengah_naik,320.1,2348.125,80.0
2026-08-10T05:51,J5,setengah_naik,321.3,2347.875,80.0
2026-08-10T05:51,J5,setengah_naik,322.4,2351.375,80.0
2026-08-10T05:51,J5,setengah_naik,323.6,2353.875,80.0
2026-08-10T05:51,J5,setengah_naik,324.8,2353.5,80.0
2026-08-10T05:51,J5,setengah_naik,325.9,2352.5,80.0
2026-08-10T05:51,J5,setengah_naik,327.1,2342.875,80.0
2026-08-10T05:51,J5,setengah_naik,328.2,2343.875,80.0
2026-08-10T05:51,J5,setengah_naik,329.4,2343.875,80.0
2026-08-10T05:51,J5,setengah_naik,330.6,2343.875,80.0
2026-08-10T05:51,J5,setengah_naik,331.7,2346.75,80.0
2026-08-10T05:51,J5,setengah_naik,332.9,2346.25,80.0
2026-08-10T05:51,J5,setengah_naik,334.0,2346.25,80.0
2026-08-10T05:51,J5,setengah_naik,335.2,2338.125,80.0
2026-08-10T05:51,J5,setengah_naik,336.4,2338.0,80.0
2026-08-10T05:51,J5,setengah_naik,337.5,2339.375,80.0
2026-08-10T05:51,J5,setengah_naik,338.7,2339.25,80.0
2026-08-10T05:51,J5,setengah_naik,339.8,2339.125,80.0
2026-08-10T05:51,J5,setengah_naik,341.0,2338.875,80.0
2026-08-10T05:51,J5,setengah_naik,342.2,2339.125,80.0
2026-08-10T05:51,J5,setengah_naik,343.3,2339.625,80.0
2026-08-10T05:51,J5,setengah_naik,344.5,2339.625,80.0
2026-08-10T05:51,J5,setengah_naik,345.6,2340.25,80.0
2026-08-10T05:51,J5,setengah_naik,346.8,2341.5,80.0
2026-08-10T05:51,J5,setengah_naik,348.0,2341.625,80.0
2026-08-10T05:51,J5,setengah_naik,349.1,2341.75,80.0
2026-08-10T05:51,J5,setengah_naik,350.3,2343.25,80.0
2026-08-10T05:51,J5,setengah_naik,351.4,2343.75,80.0
2026-08-10T05:51,J5,setengah_naik,352.6,2344.625,80.0
2026-08-10T05:51,J5,setengah_naik,353.8,2345.5,80.0
2026-08-10T05:51,J5,setengah_naik,354.9,2345.5,80.0
2026-08-10T05:51,J5,setengah_naik,356.1,2347.25,80.0
2026-08-10T05:51,J5,setengah_naik,357.2,2347.875,80.0
2026-08-10T05:51,J5,setengah_naik,358.4,2348.0,80.0
2026-08-10T05:51,J5,setengah_naik,359.6,2349.25,80.0
2026-08-10T05:51,J5,setengah_naik,360.7,2350.125,80.0
2026-08-10T05:51,J5,setengah_naik,361.9,2351.0,80.0
2026-08-10T05:51,J5,setengah_naik,363.0,2351.25,80.0
2026-08-10T05:51,J5,setengah_naik,364.2,2346.375,80.0
2026-08-10T05:51,J5,setengah_naik,365.4,2345.375,80.0
2026-08-10T05:51,J5,setengah_naik,366.5,2345.5,80.0
2026-08-10T05:51,J5,setengah_naik,367.7,2345.625,80.0
2026-08-10T05:51,J5,setengah_naik,368.8,2346.0,80.0
2026-08-10T05:51,J5,setengah_naik,370.0,2345.875,80.0
2026-08-10T05:51,J5,setengah_naik,371.2,2346.5,80.0
2026-08-10T05:51,J5,setengah_naik,372.3,2347.0,80.0
2026-08-10T05:51,J5,setengah_naik,373.5,2347.375,80.0
2026-08-10T05:51,J5,setengah_naik,374.6,2347.125,80.0
2026-08-10T05:51,J5,setengah_naik,375.8,2347.375,80.0
2026-08-10T05:51,J5,setengah_naik,377.0,2347.5,80.0
2026-08-10T05:51,J5,setengah_naik,378.1,2347.5,80.0
2026-08-10T05:51,J5,setengah_naik,379.3,2347.75,80.0
2026-08-10T05:51,J5,setengah_naik,380.4,2347.5,80.0
2026-08-10T05:51,J5,setengah_naik,381.6,2347.875,80.0
2026-08-10T05:51,J5,setengah_naik,382.8,2347.875,80.0
2026-08-10T05:51,J5,setengah_naik,383.9,2348.125,80.0
2026-08-10T05:51,J5,setengah_naik,385.1,2348.125,80.0
2026-08-10T05:51,J5,setengah_naik,386.2,2348.125,80.0
2026-08-10T05:51,J5,setengah_naik,387.4,2348.25,80.0
2026-08-10T05:51,J5,setengah_naik,388.6,2348.75,80.0
2026-08-10T05:51,J5,setengah_naik,389.7,2348.75,80.0
2026-08-10T05:51,J5,setengah_naik,390.9,2349.0,80.0
2026-08-10T05:51,J5,setengah_naik,392.0,2349.25,80.0
2026-08-10T05:51,J5,setengah_naik,393.2,2349.625,80.0
2026-08-10T05:51,J5,setengah_naik,394.4,2349.5,80.0
2026-08-10T05:51,J5,setengah_naik,395.5,2349.75,80.0
2026-08-10T05:51,J5,setengah_naik,396.7,2350.25,80.0
2026-08-10T05:51,J5,setengah_naik,397.8,2350.375,80.0
2026-08-10T05:51,J5,setengah_naik,399.0,2350.5,80.0
2026-08-10T05:51,J5,setengah_naik,400.2,2350.75,80.0
2026-08-10T05:51,J5,setengah_naik,401.3,2350.75,80.0
2026-08-10T05:51,J5,setengah_naik,402.5,2351.125,80.0
2026-08-10T05:51,J5,setengah_naik,403.6,2351.25,80.0
2026-08-10T05:51,J5,setengah_naik,404.8,2351.375,80.0
2026-08-10T05:51,J5,setengah_naik,406.0,2351.625,80.0
2026-08-10T05:51,J5,setengah_naik,407.1,2351.875,80.0
2026-08-10T05:51,J5,setengah_naik,408.3,2351.875,80.0
2026-08-10T05:51,J5,setengah_naik,409.4,2351.875,80.0
2026-08-10T05:51,J5,setengah_naik,410.6,2352.375,80.0
2026-08-10T05:51,J5,setengah_naik,411.8,2352.125,80.0
2026-08-10T05:51,J5,setengah_naik,412.9,2352.375,80.0
2026-08-10T05:51,J5,setengah_naik,414.1,2352.125,80.0
2026-08-10T05:51,J5,setengah_naik,415.2,2352.25,80.0
2026-08-10T05:51,J5,setengah_naik,416.4,2352.125,80.0
2026-08-10T05:51,J5,setengah_naik,417.6,2352.375,80.0
2026-08-10T05:51,J5,setengah_naik,418.7,2352.125,80.0
2026-08-10T05:51,J5,setengah_naik,419.9,2352.375,80.0
2026-08-10T05:51,J5,setengah_naik,421.0,2352.375,80.0
2026-08-10T05:51,J5,setengah_naik,422.2,2352.5,80.0
2026-08-10T05:51,J5,setengah_naik,423.4,2352.375,80.0
2026-08-10T05:51,J5,setengah_naik,424.5,2352.375,80.0
2026-08-10T05:51,J5,setengah_naik,425.7,2352.625,80.0
2026-08-10T05:51,J5,setengah_naik,426.8,2352.875,80.0
2026-08-10T05:51,J5,setengah_naik,428.0,2352.5,80.0
2026-08-10T05:51,J5,setengah_naik,429.2,2352.625,80.0
2026-08-10T05:51,J5,setengah_naik,430.3,2352.625,80.0
2026-08-10T05:51,J5,setengah_naik,431.5,2352.75,80.0
2026-08-10T05:51,J5,setengah_naik,432.6,2352.875,80.0
2026-08-10T05:51,J5,setengah_naik,433.8,2352.75,80.0
2026-08-10T05:51,J5,setengah_naik,435.0,2352.625,80.0
2026-08-10T05:51,J5,setengah_naik,436.1,2352.625,80.0
2026-08-10T05:51,J5,setengah_naik,437.3,2352.625,80.0
2026-08-10T05:51,J5,setengah_naik,438.4,2352.625,80.0
2026-08-10T05:51,J5,setengah_naik,439.6,2352.75,80.0
2026-08-10T05:51,J5,setengah_naik,440.8,2352.75,80.0
2026-08-10T05:51,J5,setengah_naik,441.9,2352.875,80.0
2026-08-10T05:51,J5,setengah_naik,443.1,2352.625,80.0
2026-08-10T05:51,J5,setengah_naik,444.2,2352.75,80.0
2026-08-10T05:51,J5,setengah_naik,445.4,2352.75,80.0
2026-08-10T05:51,J5,setengah_naik,446.6,2352.875,80.0
2026-08-10T05:51,J5,setengah_naik,447.7,2352.875,80.0
2026-08-10T05:51,J5,setengah_naik,448.9,2352.625,80.0
2026-08-10T05:51,J5,setengah_naik,450.0,2352.875,80.0
2026-08-10T05:51,J5,setengah_naik,451.2,2352.875,80.0
2026-08-10T05:51,J5,setengah_naik,452.4,2352.875,80.0
2026-08-10T05:51,J5,setengah_naik,453.5,2352.75,80.0
2026-08-10T05:51,J5,setengah_naik,454.7,2353.125,80.0
2026-08-10T05:51,J5,setengah_naik,455.8,2352.75,80.0
2026-08-10T05:51,J5,setengah_naik,457.0,2352.75,80.0
2026-08-10T05:51,J5,setengah_naik,458.2,2352.75,80.0
2026-08-10T05:51,J5,setengah_naik,459.3,2352.875,80.0
2026-08-10T05:51,J5,setengah_naik,460.5,2352.75,80.0
2026-08-10T05:51,J5,setengah_naik,461.6,2352.875,80.0
2026-08-10T05:51,J5,setengah_naik,462.8,2353.125,80.0
2026-08-10T05:51,J5,setengah_naik,464.0,2352.75,80.0
2026-08-10T05:51,J5,setengah_naik,465.1,2352.875,80.0
2026-08-10T05:51,J5,setengah_naik,466.3,2352.875,80.0
2026-08-10T05:51,J5,setengah_naik,467.4,2352.875,80.0
2026-08-10T05:51,J5,setengah_naik,468.6,2352.75,80.0
2026-08-10T05:51,J5,setengah_naik,469.8,2352.875,80.0
2026-08-10T05:51,J5,setengah_naik,470.9,2352.875,80.0
2026-08-10T05:51,J5,setengah_naik,472.1,2352.75,80.0
2026-08-10T05:51,J5,setengah_naik,473.2,2352.875,80.0
2026-08-10T05:51,J5,setengah_naik,474.4,2353.0,80.0
2026-08-10T05:51,J5,setengah_naik,475.6,2353.125,80.0
2026-08-10T05:51,J5,setengah_naik,476.7,2352.875,80.0
2026-08-10T05:51,J5,setengah_naik,477.9,2352.875,80.0
2026-08-10T05:51,J5,setengah_naik,479.0,2352.625,80.0
2026-08-10T05:51,J5,setengah_naik,480.2,2352.75,80.0
2026-08-10T05:51,J5,setengah_naik,481.4,2352.875,80.0
2026-08-10T05:51,J5,setengah_naik,482.5,2352.875,80.0
2026-08-10T05:51,J5,setengah_naik,483.7,2352.75,80.0
2026-08-10T05:51,J5,setengah_naik,484.8,2352.875,80.0
2026-08-10T05:51,J5,setengah_naik,486.0,2352.5,80.0
2026-08-10T05:51,J5,setengah_naik,487.2,2353.0,80.0
2026-08-10T05:51,J5,setengah_naik,488.3,2353.0,80.0
2026-08-10T05:51,J5,setengah_naik,489.5,2353.0,80.0
2026-08-10T05:51,J5,setengah_naik,490.6,2353.125,80.0
2026-08-10T05:51,J5,setengah_naik,491.8,2353.125,80.0
2026-08-10T05:51,J5,setengah_naik,493.0,2352.75,80.0
2026-08-10T05:51,J5,setengah_naik,494.1,2352.75,80.0
2026-08-10T05:51,J5,setengah_naik,495.3,2352.875,80.0
2026-08-10T05:51,J5,setengah_naik,496.4,2352.75,80.0
2026-08-10T05:51,J5,setengah_naik,497.6,2353.125,80.0
2026-08-10T05:51,J5,setengah_naik,498.8,2352.875,80.0
2026-08-10T05:51,J5,setengah_naik,499.9,2353.0,80.0
2026-08-10T05:51,J5,setengah_naik,501.1,2352.875,80.0
2026-08-10T05:51,J5,setengah_naik,502.2,2353.0,80.0
2026-08-10T05:51,J5,setengah_naik,503.4,2352.875,80.0
2026-08-10T05:51,J5,setengah_naik,504.6,2353.0,80.0
2026-08-10T05:51,J5,setengah_naik,505.7,2353.0,80.0
2026-08-10T05:51,J5,setengah_naik,506.9,2353.0,80.0
2026-08-10T05:51,J5,setengah_naik,508.0,2353.0,80.0
2026-08-10T05:51,J5,setengah_naik,509.2,2353.0,80.0
2026-08-10T05:51,J5,setengah_naik,510.4,2353.25,80.0
2026-08-10T05:51,J5,setengah_naik,511.5,2353.125,80.0
2026-08-10T05:51,J5,setengah_naik,512.7,2353.25,80.0
2026-08-10T05:51,J5,setengah_naik,513.8,2353.0,80.0
2026-08-10T05:51,J5,setengah_naik,515.0,2353.0,80.0
2026-08-10T05:51,J5,setengah_naik,516.2,2353.25,80.0
2026-08-10T05:51,J5,setengah_naik,517.3,2353.0,80.0
2026-08-10T05:51,J5,setengah_naik,518.5,2353.0,80.0
2026-08-10T05:51,J5,setengah_naik,519.6,2353.25,80.0
2026-08-10T05:51,J5,setengah_naik,520.8,2353.0,80.0
2026-08-10T05:51,J5,setengah_naik,522.0,2353.125,80.0
2026-08-10T05:51,J5,setengah_naik,523.1,2353.0,80.0
2026-08-10T05:51,J5,setengah_naik,524.3,2353.0,80.0
2026-08-10T05:51,J5,setengah_naik,525.4,2352.75,80.0
2026-08-10T05:51,J5,setengah_naik,526.6,2353.0,80.0
2026-08-10T05:51,J5,setengah_naik,527.8,2352.875,80.0
2026-08-10T05:51,J5,setengah_naik,528.9,2352.875,80.0
2026-08-10T05:51,J5,setengah_naik,530.1,2352.875,80.0
2026-08-10T05:51,J5,setengah_naik,531.2,2353.25,80.0
2026-08-10T05:51,J5,setengah_naik,532.4,2353.25,80.0
2026-08-10T05:51,J5,setengah_naik,533.6,2353.25,80.0
2026-08-10T05:51,J5,setengah_naik,534.7,2353.125,80.0
2026-08-10T05:51,J5,setengah_naik,535.9,2353.125,80.0
2026-08-10T05:51,J5,setengah_naik,537.0,2353.0,80.0
2026-08-10T05:51,J5,setengah_naik,538.2,2353.125,80.0
2026-08-10T05:51,J5,setengah_naik,539.4,2353.125,80.0
2026-08-10T05:51,J5,setengah_naik,540.5,2353.125,80.0
2026-08-10T05:51,J5,setengah_naik,541.7,2353.125,80.0
2026-08-10T05:51,J5,setengah_naik,542.8,2353.25,80.0
2026-08-10T05:51,J5,setengah_naik,544.0,2353.125,80.0
2026-08-10T05:51,J5,setengah_naik,545.2,2353.125,80.0
2026-08-10T05:51,J5,setengah_naik,546.3,2353.125,80.0
2026-08-10T05:51,J5,setengah_naik,547.5,2353.125,80.0
2026-08-10T05:51,J5,setengah_naik,548.6,2353.5,80.0
2026-08-10T05:51,J5,setengah_naik,549.8,2353.25,80.0
2026-08-10T05:51,J5,setengah_naik,551.0,2353.125,80.0
2026-08-10T05:51,J5,setengah_naik,552.1,2353.25,80.0
2026-08-10T05:51,J5,setengah_naik,553.3,2353.375,80.0
2026-08-10T05:51,J5,setengah_naik,554.4,2353.375,80.0
2026-08-10T05:51,J5,setengah_naik,555.6,2353.375,80.0
2026-08-10T05:51,J5,setengah_naik,556.8,2353.25,80.0
2026-08-10T05:51,J5,setengah_naik,557.9,2353.25,80.0
2026-08-10T05:51,J5,setengah_naik,559.1,2353.0,80.0
2026-08-10T05:51,J5,setengah_naik,560.2,2353.25,80.0
2026-08-10T05:51,J5,setengah_naik,561.4,2353.375,80.0
2026-08-10T05:51,J5,setengah_naik,562.6,2353.375,80.0
2026-08-10T05:51,J5,setengah_naik,563.7,2353.25,80.0
2026-08-10T05:51,J5,setengah_naik,564.9,2353.25,80.0
2026-08-10T05:51,J5,setengah_naik,566.0,2353.25,80.0
2026-08-10T05:51,J5,setengah_naik,567.2,2353.375,80.0
2026-08-10T05:51,J5,setengah_naik,568.4,2353.25,80.0
2026-08-10T05:51,J5,setengah_naik,569.5,2353.375,80.0
2026-08-10T05:51,J5,setengah_naik,570.7,2353.375,80.0
2026-08-10T05:51,J5,setengah_naik,571.8,2353.25,80.0
2026-08-10T05:51,J5,setengah_naik,573.0,2353.25,80.0
2026-08-10T05:51,J5,setengah_naik,574.2,2353.125,80.0
2026-08-10T05:51,J5,setengah_naik,575.3,2353.375,80.0
2026-08-10T05:51,J5,setengah_naik,576.5,2353.125,80.0
2026-08-10T05:51,J5,setengah_naik,577.6,2353.5,80.0
2026-08-10T05:51,J5,setengah_naik,578.8,2353.125,80.0
2026-08-10T05:51,J5,setengah_naik,580.0,2353.375,80.0
2026-08-10T05:51,J5,setengah_naik,581.1,2353.125,80.0
2026-08-10T05:51,J5,setengah_naik,582.3,2353.375,80.0
2026-08-10T05:51,J5,setengah_naik,583.4,2353.375,80.0
2026-08-10T05:51,J5,setengah_naik,584.6,2353.125,80.0
2026-08-10T05:51,J5,setengah_naik,585.8,2353.25,80.0
2026-08-10T05:51,J5,setengah_naik,586.9,2353.25,80.0
2026-08-10T05:51,J5,setengah_naik,588.1,2353.25,80.0
2026-08-10T05:51,J5,setengah_naik,589.2,2353.125,80.0
2026-08-10T05:51,J5,setengah_naik,590.4,2353.375,80.0
2026-08-10T05:51,J5,setengah_naik,591.6,2353.375,80.0
2026-08-10T05:51,J5,setengah_naik,592.7,2353.5,80.0
2026-08-10T05:51,J5,setengah_naik,593.9,2353.375,80.0
2026-08-10T05:51,J5,setengah_naik,595.0,2353.25,80.0
2026-08-10T05:51,J5,setengah_naik,596.2,2353.25,80.0
2026-08-10T05:51,J5,setengah_naik,597.4,2353.25,80.0
2026-08-10T05:51,J5,setengah_naik,598.5,2353.25,80.0
2026-08-10T05:51,J5,setengah_naik,599.7,2353.5,80.0
2026-08-10T05:51,J5,setengah_naik,600.8,2353.125,80.0
2026-08-10T05:51,J5,setengah_naik,602.0,2353.25,80.0
2026-08-10T05:51,J5,setengah_naik,603.2,2353.125,80.0
2026-08-10T05:51,J5,setengah_naik,604.3,2353.375,80.0
2026-08-10T05:51,J5,setengah_naik,605.5,2353.375,80.0
2026-08-10T05:51,J5,setengah_naik,606.6,2353.125,80.0
2026-08-10T05:51,J5,setengah_naik,607.8,2353.25,80.0
2026-08-10T05:51,J5,setengah_naik,609.0,2353.25,80.0
2026-08-10T05:51,J5,setengah_naik,610.1,2353.125,80.0
2026-08-10T05:51,J5,setengah_naik,611.3,2353.125,80.0
2026-08-10T05:51,J5,setengah_naik,612.4,2353.125,80.0
2026-08-10T05:51,J5,setengah_naik,613.6,2353.375,80.0
2026-08-10T05:51,J5,setengah_naik,614.8,2353.25,80.0
2026-08-10T05:51,J5,setengah_naik,615.9,2353.25,80.0
2026-08-10T05:51,J5,setengah_naik,617.1,2353.125,80.0
2026-08-10T05:51,J5,setengah_naik,618.2,2353.125,80.0
2026-08-10T05:51,J5,setengah_naik,619.4,2353.125,80.0
2026-08-10T05:51,J5,setengah_naik,620.6,2353.25,80.0
2026-08-10T05:51,J5,setengah_naik,621.7,2353.375,80.0
2026-08-10T05:51,J5,setengah_naik,622.9,2353.125,80.0
2026-08-10T05:51,J5,setengah_naik,624.0,2353.25,80.0
2026-08-10T05:51,J5,setengah_naik,625.2,2353.25,80.0
2026-08-10T05:51,J5,setengah_naik,626.4,2353.375,80.0
2026-08-10T05:51,J5,setengah_naik,627.5,2353.25,80.0
2026-08-10T05:51,J5,setengah_naik,628.7,2353.5,80.0
2026-08-10T05:51,J5,setengah_naik,629.8,2353.25,80.0
2026-08-10T05:51,J5,setengah_naik,631.0,2353.25,80.0
2026-08-10T05:51,J5,setengah_naik,632.2,2353.125,80.0
2026-08-10T05:51,J5,setengah_naik,633.3,2353.25,80.0
2026-08-10T05:51,J5,setengah_naik,634.5,2353.25,80.0
2026-08-10T05:51,J5,setengah_naik,635.6,2353.0,80.0
2026-08-10T05:51,J5,setengah_naik,636.8,2353.25,80.0
2026-08-10T05:51,J5,setengah_naik,638.0,2353.25,80.0
2026-08-10T05:51,J5,setengah_naik,639.1,2353.125,80.0
2026-08-10T05:51,J5,setengah_naik,640.3,2353.0,80.0
2026-08-10T05:51,J5,setengah_naik,641.4,2353.25,80.0
2026-08-10T05:51,J5,setengah_naik,642.6,2353.125,80.0
2026-08-10T05:51,J5,setengah_naik,643.8,2353.125,80.0
2026-08-10T05:51,J5,setengah_naik,644.9,2353.0,80.0
2026-08-10T05:51,J5,setengah_naik,646.1,2353.0,80.0
2026-08-10T05:51,J5,setengah_naik,647.2,2353.25,80.0
2026-08-10T05:51,J5,setengah_naik,648.4,2353.25,80.0
2026-08-10T05:51,J5,setengah_naik,649.6,2353.25,80.0
2026-08-10T05:51,J5,setengah_naik,650.7,2353.375,80.0
2026-08-10T05:51,J5,setengah_naik,651.9,2353.25,80.0
2026-08-10T05:51,J5,setengah_naik,653.0,2353.125,80.0
2026-08-10T05:51,J5,setengah_naik,654.2,2353.125,80.0
2026-08-10T05:51,J5,setengah_naik,655.4,2353.25,80.0
2026-08-10T05:51,J5,setengah_naik,656.5,2353.25,80.0
2026-08-10T05:51,J5,setengah_naik,657.7,2353.375,80.0
2026-08-10T05:51,J5,setengah_naik,658.8,2353.375,80.0
2026-08-10T05:51,J5,setengah_naik,660.0,2353.125,80.0
2026-08-10T05:51,J5,setengah_naik,661.2,2353.125,80.0
2026-08-10T05:51,J5,setengah_naik,662.3,2353.125,80.0
2026-08-10T05:51,J5,setengah_naik,663.5,2353.375,80.0
2026-08-10T05:51,J5,setengah_naik,664.6,2353.125,80.0
2026-08-10T05:51,J5,setengah_naik,665.8,2353.25,80.0
2026-08-10T05:51,J5,setengah_naik,667.0,2353.0,80.0
2026-08-10T05:51,J5,setengah_naik,668.1,2353.375,80.0
2026-08-10T05:51,J5,setengah_naik,669.3,2353.125,80.0
2026-08-10T05:51,J5,setengah_naik,670.4,2353.25,80.0
2026-08-10T05:51,J5,setengah_naik,671.6,2353.375,80.0
2026-08-10T05:51,J5,setengah_naik,672.8,2353.375,80.0
2026-08-10T05:51,J5,setengah_naik,673.9,2353.25,80.0
2026-08-10T05:51,J5,setengah_naik,675.1,2353.125,80.0
2026-08-10T05:51,J5,setengah_naik,676.2,2353.25,80.0
2026-08-10T05:51,J5,setengah_naik,677.4,2353.25,80.0
2026-08-10T05:51,J5,setengah_naik,678.6,2353.25,80.0
2026-08-10T05:51,J5,setengah_naik,679.7,2353.125,80.0
2026-08-10T05:51,J5,setengah_naik,680.9,2353.25,80.0
2026-08-10T05:51,J5,setengah_naik,682.0,2353.25,80.0
2026-08-10T05:51,J5,setengah_naik,683.2,2353.125,80.0
2026-08-10T05:51,J5,setengah_naik,684.4,2353.25,80.0
2026-08-10T05:51,J5,setengah_naik,685.5,2353.25,80.0
2026-08-10T05:51,J5,setengah_naik,686.7,2353.125,80.0
2026-08-10T05:51,J5,setengah_naik,687.8,2353.25,80.0
2026-08-10T05:51,J5,setengah_naik,689.0,2353.125,80.0
2026-08-10T05:51,J5,setengah_naik,690.2,2353.25,80.0
2026-08-10T05:51,J5,setengah_naik,691.3,2353.25,80.0
2026-08-10T05:51,J5,setengah_naik,692.5,2353.375,80.0
2026-08-10T05:51,J5,setengah_naik,693.6,2353.125,80.0
2026-08-10T05:51,J5,setengah_naik,694.8,2353.25,80.0
2026-08-10T05:51,J5,setengah_naik,696.0,2353.25,80.0
2026-08-10T05:51,J5,setengah_naik,697.1,2353.25,80.0
2026-08-10T05:51,J5,setengah_naik,698.3,2353.0,80.0
2026-08-10T05:51,J5,setengah_naik,699.4,2353.125,80.0
2026-08-10T05:51,J5,setengah_naik,700.6,2353.125,80.0
2026-08-10T05:51,J5,setengah_naik,701.8,2353.375,80.0
2026-08-10T05:51,J5,setengah_naik,702.9,2353.0,80.0
2026-08-10T05:51,J5,setengah_naik,704.1,2353.125,80.0
2026-08-10T05:51,J5,setengah_naik,705.2,2353.125,80.0
2026-08-10T05:51,J5,setengah_naik,706.4,2353.125,80.0
2026-08-10T05:51,J5,setengah_naik,707.6,2353.125,80.0
2026-08-10T05:51,J5,setengah_naik,708.7,2353.125,80.0
2026-08-10T05:51,J5,setengah_naik,709.9,2353.125,80.0
2026-08-10T05:51,J5,setengah_naik,711.0,2353.25,80.0
2026-08-10T05:51,J5,setengah_naik,712.2,2353.375,80.0
2026-08-10T05:51,J5,setengah_naik,713.4,2353.125,80.0
2026-08-10T05:51,J5,setengah_naik,714.5,2353.25,80.0
2026-08-10T05:51,J5,setengah_naik,715.7,2353.25,80.0
2026-08-10T05:51,J5,setengah_naik,716.8,2353.375,80.0
2026-08-10T05:51,J5,setengah_naik,718.0,2353.25,80.0
2026-08-10T05:51,J5,setengah_naik,719.2,2353.25,80.0
2026-08-10T05:51,J5,setengah_naik,720.3,2353.25,80.0
2026-08-10T05:51,J5,setengah_naik,721.5,2353.375,80.0
2026-08-10T05:51,J5,setengah_naik,722.6,2353.25,80.0
2026-08-10T05:51,J5,setengah_naik,723.8,2353.25,80.0
2026-08-10T05:51,J5,setengah_naik,725.0,2353.25,80.0
2026-08-10T05:51,J5,setengah_naik,726.1,2353.375,80.0
2026-08-10T05:51,J5,setengah_naik,727.3,2353.375,80.0
2026-08-10T05:51,J5,setengah_naik,728.4,2353.375,80.0
2026-08-10T05:51,J5,setengah_naik,729.6,2353.375,80.0
2026-08-10T05:51,J5,setengah_naik,730.8,2353.0,80.0
2026-08-10T05:51,J5,setengah_naik,731.9,2353.0,80.0
2026-08-10T05:51,J5,setengah_naik,733.1,2353.0,80.0
2026-08-10T05:51,J5,setengah_naik,734.2,2352.875,80.0
2026-08-10T05:51,J5,setengah_naik,735.4,2353.125,80.0
2026-08-10T05:51,J5,setengah_naik,736.6,2353.375,80.0
2026-08-10T05:51,J5,setengah_naik,737.7,2353.0,80.0
2026-08-10T05:51,J5,setengah_naik,738.9,2353.25,80.0
2026-08-10T05:51,J5,setengah_naik,740.0,2353.125,80.0
2026-08-10T05:51,J5,setengah_naik,741.2,2353.25,80.0
2026-08-10T05:51,J5,setengah_naik,742.4,2353.25,80.0
2026-08-10T05:51,J5,setengah_naik,743.5,2353.25,80.0
2026-08-10T05:51,J5,setengah_naik,744.7,2353.125,80.0
2026-08-10T05:51,J5,setengah_naik,745.8,2353.125,80.0
2026-08-10T05:51,J5,setengah_naik,747.0,2353.125,80.0
2026-08-10T05:51,J5,setengah_naik,748.2,2353.25,80.0
2026-08-10T05:51,J5,setengah_naik,749.3,2353.25,80.0
2026-08-10T05:51,J5,setengah_naik,750.5,2353.375,80.0
2026-08-10T05:51,J5,setengah_naik,751.6,2353.375,80.0
2026-08-10T05:51,J5,setengah_naik,752.8,2353.25,80.0
2026-08-10T05:51,J5,setengah_naik,754.0,2353.125,80.0
2026-08-10T05:51,J5,setengah_naik,755.1,2353.375,80.0
2026-08-10T05:51,J5,setengah_naik,756.3,2353.375,80.0
2026-08-10T05:51,J5,setengah_naik,757.4,2353.125,80.0
2026-08-10T05:51,J5,setengah_naik,758.6,2353.375,80.0
2026-08-10T05:51,J5,setengah_naik,759.8,2353.0,80.0
2026-08-10T05:51,J5,setengah_naik,760.9,2353.125,80.0
2026-08-10T05:51,J5,setengah_naik,762.1,2352.875,80.0
2026-08-10T05:51,J5,setengah_naik,763.2,2353.125,80.0
2026-08-10T05:51,J5,setengah_naik,764.4,2353.25,80.0
2026-08-10T05:51,J5,setengah_naik,765.6,2353.125,80.0
2026-08-10T05:51,J5,setengah_naik,766.7,2353.25,80.0
2026-08-10T05:51,J5,setengah_naik,767.9,2353.125,80.0
2026-08-10T05:51,J5,setengah_naik,769.0,2353.25,80.0
2026-08-10T05:51,J5,setengah_naik,770.2,2353.375,80.0
2026-08-10T05:51,J5,setengah_naik,771.4,2353.125,80.0
2026-08-10T05:51,J5,setengah_naik,772.5,2353.125,80.0
2026-08-10T05:51,J5,setengah_naik,773.7,2353.25,80.0
2026-08-10T05:51,J5,setengah_naik,774.8,2353.25,80.0
2026-08-10T05:51,J5,setengah_naik,776.0,2353.125,80.0
2026-08-10T05:51,J5,setengah_naik,777.2,2353.375,80.0
2026-08-10T05:51,J5,setengah_naik,778.3,2353.125,80.0
2026-08-10T05:51,J5,setengah_naik,779.5,2353.125,80.0
2026-08-10T05:51,J5,setengah_naik,780.6,2353.125,80.0
2026-08-10T05:51,J5,setengah_naik,781.8,2353.25,80.0
2026-08-10T05:51,J5,setengah_naik,783.0,2353.125,80.0
2026-08-10T05:51,J5,setengah_naik,784.1,2353.125,80.0
2026-08-10T05:51,J5,setengah_naik,785.3,2353.25,80.0
2026-08-10T05:51,J5,setengah_naik,786.4,2353.125,80.0
2026-08-10T05:51,J5,setengah_naik,787.6,2353.125,80.0
2026-08-10T05:51,J5,setengah_naik,788.8,2353.125,80.0
2026-08-10T05:51,J5,setengah_naik,789.9,2353.375,80.0
2026-08-10T05:51,J5,setengah_naik,791.1,2353.375,80.0
2026-08-10T05:51,J5,setengah_naik,792.2,2353.125,80.0
2026-08-10T05:51,J5,setengah_naik,793.4,2353.25,80.0
2026-08-10T05:51,J5,setengah_naik,794.6,2353.0,80.0
2026-08-10T05:51,J5,setengah_naik,795.7,2353.125,80.0
2026-08-10T05:51,J5,setengah_naik,796.9,2353.125,80.0
2026-08-10T05:51,J5,setengah_naik,798.0,2353.125,80.0
2026-08-10T05:51,J5,setengah_naik,799.2,2353.25,80.0
2026-08-10T05:51,J5,setengah_naik,800.4,2353.0,80.0
2026-08-10T05:51,J5,setengah_naik,801.5,2353.125,80.0
2026-08-10T05:51,J5,setengah_naik,802.7,2353.0,80.0
2026-08-10T05:51,J5,setengah_naik,803.8,2353.375,80.0
2026-08-10T05:51,J5,setengah_naik,805.0,2353.125,80.0
2026-08-10T05:51,J5,setengah_naik,806.2,2353.375,80.0
2026-08-10T05:51,J5,setengah_naik,807.3,2353.25,80.0
2026-08-10T05:51,J5,setengah_naik,808.5,2353.25,80.0
2026-08-10T05:51,J5,setengah_naik,809.6,2353.125,80.0
2026-08-10T05:51,J5,setengah_naik,810.8,2353.375,80.0
2026-08-10T05:51,J5,setengah_naik,812.0,2353.375,80.0
2026-08-10T05:51,J5,setengah_naik,813.1,2353.5,80.0
2026-08-10T05:51,J5,setengah_naik,814.3,2353.625,80.0
2026-08-10T05:51,J5,setengah_naik,815.4,2353.25,80.0
2026-08-10T05:51,J5,setengah_naik,816.6,2353.25,80.0
2026-08-10T05:51,J5,setengah_naik,817.8,2353.5,80.0
2026-08-10T05:51,J5,setengah_naik,818.9,2353.125,80.0
2026-08-10T05:51,J5,setengah_naik,820.1,2353.375,80.0
2026-08-10T05:51,J5,setengah_naik,821.2,2353.25,80.0
2026-08-10T05:51,J5,setengah_naik,822.4,2353.25,80.0
2026-08-10T05:51,J5,setengah_naik,823.6,2353.25,80.0
2026-08-10T05:51,J5,setengah_naik,824.7,2353.25,80.0
2026-08-10T05:51,J5,setengah_naik,825.9,2353.375,80.0
2026-08-10T05:51,J5,setengah_naik,827.0,2353.125,80.0
2026-08-10T05:51,J5,setengah_naik,828.2,2353.25,80.0
2026-08-10T05:51,J5,setengah_naik,829.4,2353.375,80.0
2026-08-10T05:51,J5,setengah_naik,830.5,2353.375,80.0
2026-08-10T05:51,J5,setengah_naik,831.7,2353.25,80.0
2026-08-10T05:51,J5,setengah_naik,832.8,2353.125,80.0
2026-08-10T05:51,J5,setengah_naik,834.0,2353.25,80.0
2026-08-10T05:51,J5,setengah_naik,835.2,2353.25,80.0
2026-08-10T05:51,J5,setengah_naik,836.3,2353.5,80.0
2026-08-10T05:51,J5,setengah_naik,837.5,2353.5,80.0
2026-08-10T05:51,J5,setengah_naik,838.6,2353.25,80.0
2026-08-10T05:51,J5,setengah_naik,839.8,2353.375,80.0
2026-08-10T05:51,J5,setengah_naik,841.0,2353.25,80.0
2026-08-10T05:51,J5,setengah_naik,842.1,2353.375,80.0
2026-08-10T05:51,J5,setengah_naik,843.3,2353.375,80.0
2026-08-10T05:51,J5,setengah_naik,844.4,2353.25,80.0
2026-08-10T05:51,J5,setengah_naik,845.6,2353.25,80.0
2026-08-10T05:51,J5,setengah_naik,846.8,2353.375,80.0
2026-08-10T05:51,J5,setengah_naik,847.9,2353.25,80.0
2026-08-10T05:51,J5,setengah_naik,849.1,2353.375,80.0
2026-08-10T05:51,J5,setengah_naik,850.2,2353.25,80.0
2026-08-10T05:51,J5,setengah_naik,851.4,2353.375,80.0
2026-08-10T05:51,J5,setengah_naik,852.6,2353.25,80.0
2026-08-10T05:51,J5,setengah_naik,853.7,2353.125,80.0
2026-08-10T05:51,J5,setengah_naik,854.9,2353.25,80.0
2026-08-10T05:51,J5,setengah_naik,856.0,2353.25,80.0
2026-08-10T05:51,J5,setengah_naik,857.2,2353.25,80.0
2026-08-10T05:51,J5,setengah_naik,858.4,2353.125,80.0
2026-08-10T05:51,J5,setengah_naik,859.5,2353.125,80.0
2026-08-10T05:51,J5,setengah_naik,860.7,2353.25,80.0
2026-08-10T05:51,J5,setengah_naik,861.8,2353.375,80.0
2026-08-10T05:51,J5,setengah_naik,863.0,2353.25,80.0
2026-08-10T05:51,J5,setengah_naik,864.2,2353.125,80.0
2026-08-10T05:51,J5,setengah_naik,865.3,2353.25,80.0
2026-08-10T05:51,J5,setengah_naik,866.5,2353.25,80.0
2026-08-10T05:51,J5,setengah_naik,867.6,2353.375,80.0
2026-08-10T05:51,J5,setengah_naik,868.8,2353.375,80.0
2026-08-10T05:51,J5,setengah_naik,870.0,2353.25,80.0
2026-08-10T05:51,J5,setengah_naik,871.1,2353.375,80.0
2026-08-10T05:51,J5,setengah_naik,872.3,2353.25,80.0
2026-08-10T05:51,J5,setengah_naik,873.4,2353.25,80.0
2026-08-10T05:51,J5,setengah_naik,874.6,2353.25,80.0
2026-08-10T05:51,J5,setengah_naik,875.8,2353.25,80.0
2026-08-10T05:51,J5,setengah_naik,876.9,2353.125,80.0
2026-08-10T05:51,J5,setengah_naik,878.1,2353.125,80.0
2026-08-10T05:51,J5,setengah_naik,879.2,2353.25,80.0
2026-08-10T05:51,J5,setengah_naik,880.4,2353.25,80.0
2026-08-10T05:51,J5,setengah_naik,881.6,2353.25,80.0
2026-08-10T05:51,J5,setengah_naik,882.7,2353.25,80.0
2026-08-10T05:51,J5,setengah_naik,883.9,2353.125,80.0
2026-08-10T05:51,J5,setengah_naik,885.0,2353.125,80.0
2026-08-10T05:51,J5,setengah_naik,886.2,2353.375,80.0
2026-08-10T05:51,J5,setengah_naik,887.4,2353.25,80.0
2026-08-10T05:51,J5,setengah_naik,888.5,2353.25,80.0
2026-08-10T05:51,J5,setengah_naik,889.7,2353.25,80.0
2026-08-10T05:51,J5,setengah_naik,890.8,2353.375,80.0
2026-08-10T05:51,J5,setengah_naik,892.0,2353.375,80.0
2026-08-10T05:51,J5,setengah_naik,893.2,2353.375,80.0
2026-08-10T05:51,J5,setengah_naik,894.3,2353.25,80.0
2026-08-10T05:51,J5,setengah_naik,895.5,2353.25,80.0
2026-08-10T05:51,J5,setengah_naik,896.6,2353.25,80.0
2026-08-10T05:51,J5,setengah_naik,897.8,2353.25,80.0
2026-08-10T05:51,J5,setengah_naik,899.0,2353.125,80.0
2026-08-10T05:51,J5,setengah_naik,900.1,2353.375,80.0
2026-08-10T05:51,J5,setengah_naik,901.3,2353.25,80.0
2026-08-10T05:51,J5,setengah_naik,902.4,2353.375,80.0
2026-08-10T05:51,J5,setengah_naik,903.6,2353.25,80.0
2026-08-10T05:51,J5,setengah_naik,904.8,2353.25,80.0
2026-08-10T05:51,J5,setengah_naik,905.9,2353.375,80.0
2026-08-10T05:51,J5,setengah_naik,907.1,2353.375,80.0
2026-08-10T05:51,J5,setengah_naik,908.2,2353.25,80.0
2026-08-10T05:51,J5,setengah_naik,909.4,2353.375,80.0
2026-08-10T05:51,J5,setengah_naik,910.6,2353.375,80.0
2026-08-10T05:51,J5,setengah_naik,911.7,2353.125,80.0
2026-08-10T05:51,J5,setengah_naik,912.9,2353.375,80.0
2026-08-10T05:51,J5,setengah_naik,914.0,2353.375,80.0
2026-08-10T05:51,J5,setengah_naik,915.2,2353.375,80.0
2026-08-10T05:51,J5,setengah_naik,916.4,2353.375,80.0
2026-08-10T05:51,J5,setengah_naik,917.5,2353.25,80.0
2026-08-10T05:51,J5,setengah_naik,918.7,2353.375,80.0
2026-08-10T05:51,J5,setengah_naik,919.8,2353.125,80.0
2026-08-10T05:51,J5,setengah_naik,921.0,2353.25,80.0
2026-08-10T05:51,J5,setengah_naik,922.2,2353.25,80.0
2026-08-10T05:51,J5,setengah_naik,923.3,2353.25,80.0
2026-08-10T05:51,J5,setengah_naik,924.5,2353.375,80.0
2026-08-10T05:51,J5,setengah_naik,925.6,2353.375,80.0
2026-08-10T05:51,J5,setengah_naik,926.8,2353.25,80.0
2026-08-10T05:51,J5,setengah_naik,928.0,2353.25,80.0
2026-08-10T05:51,J5,setengah_naik,929.1,2353.375,80.0
2026-08-10T05:51,J5,setengah_naik,930.3,2353.25,80.0
2026-08-10T05:51,J5,setengah_naik,931.4,2353.375,80.0
2026-08-10T05:51,J5,setengah_naik,932.6,2353.25,80.0
2026-08-10T05:51,J5,setengah_naik,933.8,2353.375,80.0
2026-08-10T05:51,J5,setengah_naik,934.9,2353.125,80.0
2026-08-10T05:51,J5,setengah_naik,936.1,2353.0,80.0
2026-08-10T05:51,J5,setengah_naik,937.2,2353.0,80.0
2026-08-10T05:51,J5,setengah_naik,938.4,2353.0,80.0
2026-08-10T05:51,J5,setengah_naik,939.6,2353.0,80.0
2026-08-10T05:51,J5,setengah_naik,940.7,2353.25,80.0
2026-08-10T05:51,J5,setengah_naik,941.9,2353.375,80.0
2026-08-10T05:51,J5,setengah_naik,943.0,2353.375,80.0
2026-08-10T05:51,J5,setengah_naik,944.2,2353.25,80.0
2026-08-10T05:51,J5,setengah_naik,945.4,2353.375,80.0
2026-08-10T05:51,J5,setengah_naik,946.5,2353.375,80.0
2026-08-10T05:51,J5,setengah_naik,947.7,2353.5,80.0
2026-08-10T05:51,J5,setengah_naik,948.8,2353.375,80.0
2026-08-10T05:51,J5,setengah_naik,950.0,2353.5,80.0
2026-08-10T05:51,J5,setengah_naik,951.2,2353.5,80.0
2026-08-10T05:51,J5,setengah_naik,952.3,2353.5,80.0
2026-08-10T05:51,J5,setengah_naik,953.5,2353.5,80.0
2026-08-10T05:51,J5,setengah_naik,954.6,2353.375,80.0
2026-08-10T05:51,J5,setengah_naik,955.8,2353.5,80.0
2026-08-10T05:51,J5,setengah_naik,957.0,2353.375,80.0
2026-08-10T05:51,J5,setengah_naik,958.1,2353.375,80.0
2026-08-10T05:51,J5,setengah_naik,959.3,2353.375,80.0
2026-08-10T05:51,J5,setengah_naik,960.4,2353.375,80.0
2026-08-10T05:51,J5,setengah_naik,961.6,2353.375,80.0
2026-08-10T05:51,J5,setengah_naik,962.8,2353.375,80.0
2026-08-10T05:51,J5,setengah_naik,963.9,2353.25,80.0
2026-08-10T05:51,J5,setengah_naik,965.1,2353.375,80.0
2026-08-10T05:51,J5,setengah_naik,966.2,2353.375,80.0
2026-08-10T05:51,J5,setengah_naik,967.4,2353.125,80.0
2026-08-10T05:51,J5,setengah_naik,968.6,2353.25,80.0
2026-08-10T05:51,J5,setengah_naik,969.7,2353.375,80.0
2026-08-10T05:51,J5,setengah_naik,970.9,2353.5,80.0
2026-08-10T05:51,J5,setengah_naik,972.0,2353.375,80.0
2026-08-10T05:51,J5,setengah_naik,973.2,2353.375,80.0
2026-08-10T05:51,J5,setengah_naik,974.4,2353.625,80.0
2026-08-10T05:51,J5,setengah_naik,975.5,2353.25,80.0
2026-08-10T05:51,J5,setengah_naik,976.7,2353.5,80.0
2026-08-10T05:51,J5,setengah_naik,977.8,2353.5,80.0
2026-08-10T05:51,J5,setengah_naik,979.0,2353.375,80.0
2026-08-10T05:51,J5,setengah_turun,0.0,1658.875,80.0
2026-08-10T05:51,J5,setengah_turun,1.1,1658.875,80.0
2026-08-10T05:51,J5,setengah_turun,2.3,1658.625,80.0
2026-08-10T05:51,J5,setengah_turun,3.4,1658.875,80.0
2026-08-10T05:51,J5,setengah_turun,4.6,1658.5,80.0
2026-08-10T05:51,J5,setengah_turun,5.8,1658.875,80.0
2026-08-10T05:51,J5,setengah_turun,6.9,1658.75,80.0
2026-08-10T05:51,J5,setengah_turun,8.1,1659.0,80.0
2026-08-10T05:51,J5,setengah_turun,9.2,1658.625,80.0
2026-08-10T05:51,J5,setengah_turun,10.4,1658.75,80.0
2026-08-10T05:51,J5,setengah_turun,11.6,1658.625,80.0
2026-08-10T05:51,J5,setengah_turun,12.7,1658.75,80.0
2026-08-10T05:51,J5,setengah_turun,13.9,1658.625,80.0
2026-08-10T05:51,J5,setengah_turun,15.0,1658.875,80.0
2026-08-10T05:51,J5,setengah_turun,16.2,1658.625,80.0
2026-08-10T05:51,J5,setengah_turun,17.4,1658.75,80.0
2026-08-10T05:51,J5,setengah_turun,18.5,1658.5,80.0
2026-08-10T05:51,J5,setengah_turun,19.7,1658.75,80.0
2026-08-10T05:51,J5,setengah_turun,20.8,1658.625,80.0
2026-08-10T05:51,J5,setengah_turun,22.0,1658.75,80.0
2026-08-10T05:51,J5,setengah_turun,23.2,1658.875,80.0
2026-08-10T05:51,J5,setengah_turun,24.3,1658.75,80.0
2026-08-10T05:51,J5,setengah_turun,25.5,1658.75,80.0
2026-08-10T05:51,J5,setengah_turun,26.6,1658.625,80.0
2026-08-10T05:51,J5,setengah_turun,27.8,1658.75,80.0
2026-08-10T05:51,J5,setengah_turun,29.0,1658.75,80.0
2026-08-10T05:51,J5,setengah_turun,30.1,1658.75,80.0
2026-08-10T05:51,J5,setengah_turun,31.3,1658.75,80.0
2026-08-10T05:51,J5,setengah_turun,32.4,1658.75,80.0
2026-08-10T05:51,J5,setengah_turun,33.6,1658.75,80.0
2026-08-10T05:51,J5,setengah_turun,34.8,1658.625,80.0
2026-08-10T05:51,J5,setengah_turun,35.9,1658.75,80.0
2026-08-10T05:51,J5,setengah_turun,37.1,1658.875,80.0
2026-08-10T05:51,J5,setengah_turun,38.2,1658.75,80.0
2026-08-10T05:51,J5,setengah_turun,39.4,1658.75,80.0
2026-08-10T05:51,J5,setengah_turun,40.6,1658.625,80.0
2026-08-10T05:51,J5,setengah_turun,41.7,1658.75,80.0
2026-08-10T05:51,J5,setengah_turun,42.9,1658.875,80.0
2026-08-10T05:51,J5,setengah_turun,44.0,1658.875,80.0
2026-08-10T05:51,J5,setengah_turun,45.2,1658.625,80.0
2026-08-10T05:51,J5,setengah_turun,46.4,1658.625,80.0
2026-08-10T05:51,J5,setengah_turun,47.5,1658.5,80.0
2026-08-10T05:51,J5,setengah_turun,48.7,1658.5,80.0
2026-08-10T05:51,J5,setengah_turun,49.8,1658.625,80.0
2026-08-10T05:51,J5,setengah_turun,51.0,1658.625,80.0
2026-08-10T05:51,J5,setengah_turun,52.2,1658.625,80.0
2026-08-10T05:51,J5,setengah_turun,53.3,1658.625,80.0
2026-08-10T05:51,J5,setengah_turun,54.5,1658.625,80.0
2026-08-10T05:51,J5,setengah_turun,55.6,1658.625,80.0
2026-08-10T05:51,J5,setengah_turun,56.8,1658.75,80.0
2026-08-10T05:51,J5,setengah_turun,58.0,1658.875,80.0
2026-08-10T05:51,J5,setengah_turun,59.1,1658.5,80.0
2026-08-10T05:51,J5,setengah_turun,60.3,1658.75,80.0
2026-08-10T05:51,J5,setengah_turun,61.4,1658.625,80.0
2026-08-10T05:51,J5,setengah_turun,62.6,1658.5,80.0
2026-08-10T05:51,J5,setengah_turun,63.8,1658.75,80.0
2026-08-10T05:51,J5,setengah_turun,64.9,1658.75,80.0
2026-08-10T05:51,J5,setengah_turun,66.1,1658.625,80.0
2026-08-10T05:51,J5,setengah_turun,67.2,1658.625,80.0
2026-08-10T05:51,J5,setengah_turun,68.4,1658.625,80.0
2026-08-10T05:51,J5,setengah_turun,69.6,1658.5,80.0
2026-08-10T05:51,J5,setengah_turun,70.7,1658.625,80.0
2026-08-10T05:51,J5,setengah_turun,71.9,1658.625,80.0
2026-08-10T05:51,J5,setengah_turun,73.0,1658.5,80.0
2026-08-10T05:51,J5,setengah_turun,74.2,1658.75,80.0
2026-08-10T05:51,J5,setengah_turun,75.4,1658.625,80.0
2026-08-10T05:51,J5,setengah_turun,76.5,1658.75,80.0
2026-08-10T05:51,J5,setengah_turun,77.7,1658.75,80.0
2026-08-10T05:51,J5,setengah_turun,78.8,1658.75,80.0
2026-08-10T05:51,J5,setengah_turun,80.0,1658.75,80.0
2026-08-10T05:51,J5,setengah_turun,81.2,1658.875,80.0
2026-08-10T05:51,J5,setengah_turun,82.3,1658.75,80.0
2026-08-10T05:51,J5,setengah_turun,83.5,1658.75,80.0
2026-08-10T05:51,J5,setengah_turun,84.6,1658.625,80.0
2026-08-10T05:51,J5,setengah_turun,85.8,1658.75,80.0
2026-08-10T05:51,J5,setengah_turun,87.0,1658.75,80.0
2026-08-10T05:51,J5,setengah_turun,88.1,1665.25,80.0
2026-08-10T05:51,J5,setengah_turun,89.3,1807.0,80.0
2026-08-10T05:51,J5,setengah_turun,90.4,1864.25,80.0
2026-08-10T05:51,J5,setengah_turun,91.6,1870.0,80.0
2026-08-10T05:51,J5,setengah_turun,92.8,1869.375,80.0
2026-08-10T05:51,J5,setengah_turun,93.9,1838.0,80.0
2026-08-10T05:51,J5,setengah_turun,95.1,1838.0,80.0
2026-08-10T05:51,J5,setengah_turun,96.2,1838.375,80.0
2026-08-10T05:51,J5,setengah_turun,97.4,1846.125,80.0
2026-08-10T05:51,J5,setengah_turun,98.6,1847.5,80.0
2026-08-10T05:51,J5,setengah_turun,99.7,1803.75,80.0
2026-08-10T05:51,J5,setengah_turun,100.9,1827.125,80.0
2026-08-10T05:51,J5,setengah_turun,102.0,1825.0,80.0
2026-08-10T05:51,J5,setengah_turun,103.2,1800.625,80.0
2026-08-10T05:51,J5,setengah_turun,104.4,1799.5,80.0
2026-08-10T05:51,J5,setengah_turun,105.5,1793.625,80.0
2026-08-10T05:51,J5,setengah_turun,106.7,1796.875,80.0
2026-08-10T05:51,J5,setengah_turun,107.8,1782.75,80.0
2026-08-10T05:51,J5,setengah_turun,109.0,1771.625,80.0
2026-08-10T05:51,J5,setengah_turun,110.2,1784.125,80.0
2026-08-10T05:51,J5,setengah_turun,111.3,1759.375,80.0
2026-08-10T05:51,J5,setengah_turun,112.5,1757.5,80.0
2026-08-10T05:51,J5,setengah_turun,113.6,1766.25,80.0
2026-08-10T05:51,J5,setengah_turun,114.8,1745.25,80.0
2026-08-10T05:51,J5,setengah_turun,116.0,1736.5,80.0
2026-08-10T05:51,J5,setengah_turun,117.1,1740.75,80.0
2026-08-10T05:51,J5,setengah_turun,118.3,1740.75,80.0
2026-08-10T05:51,J5,setengah_turun,119.4,1730.5,80.0
2026-08-10T05:51,J5,setengah_turun,120.6,1733.75,80.0
2026-08-10T05:51,J5,setengah_turun,121.8,1722.5,80.0
2026-08-10T05:51,J5,setengah_turun,122.9,1715.875,80.0
2026-08-10T05:51,J5,setengah_turun,124.1,1719.375,80.0
2026-08-10T05:51,J5,setengah_turun,125.2,1711.625,80.0
2026-08-10T05:51,J5,setengah_turun,126.4,1710.75,80.0
2026-08-10T05:51,J5,setengah_turun,127.6,1701.125,80.0
2026-08-10T05:51,J5,setengah_turun,128.7,1702.75,80.0
2026-08-10T05:51,J5,setengah_turun,129.9,1692.0,80.0
2026-08-10T05:51,J5,setengah_turun,131.0,1690.875,80.0
2026-08-10T05:51,J5,setengah_turun,132.2,1681.25,80.0
2026-08-10T05:51,J5,setengah_turun,133.4,1679.25,80.0
2026-08-10T05:51,J5,setengah_turun,134.5,1669.75,80.0
2026-08-10T05:51,J5,setengah_turun,135.7,1670.0,80.0
2026-08-10T05:51,J5,setengah_turun,136.8,1664.125,80.0
2026-08-10T05:51,J5,setengah_turun,138.0,1661.25,80.0
2026-08-10T05:51,J5,setengah_turun,139.2,1652.875,80.0
2026-08-10T05:51,J5,setengah_turun,140.3,1650.5,80.0
2026-08-10T05:51,J5,setengah_turun,141.5,1650.5,80.0
2026-08-10T05:51,J5,setengah_turun,142.6,1644.0,80.0
2026-08-10T05:51,J5,setengah_turun,143.8,1641.75,80.0
2026-08-10T05:51,J5,setengah_turun,145.0,1639.75,80.0
2026-08-10T05:51,J5,setengah_turun,146.1,1632.0,80.0
2026-08-10T05:51,J5,setengah_turun,147.3,1627.875,80.0
2026-08-10T05:51,J5,setengah_turun,148.4,1620.625,80.0
2026-08-10T05:51,J5,setengah_turun,149.6,1617.5,80.0
2026-08-10T05:51,J5,setengah_turun,150.8,1611.125,80.0
2026-08-10T05:51,J5,setengah_turun,151.9,1603.75,80.0
2026-08-10T05:51,J5,setengah_turun,153.1,1600.625,80.0
2026-08-10T05:51,J5,setengah_turun,154.2,1597.625,80.0
2026-08-10T05:51,J5,setengah_turun,155.4,1598.0,80.0
2026-08-10T05:51,J5,setengah_turun,156.6,1589.75,80.0
2026-08-10T05:51,J5,setengah_turun,157.7,1578.625,80.0
2026-08-10T05:51,J5,setengah_turun,158.9,1576.375,80.0
2026-08-10T05:51,J5,setengah_turun,160.0,1569.625,80.0
2026-08-10T05:51,J5,setengah_turun,161.2,1562.625,80.0
2026-08-10T05:51,J5,setengah_turun,162.4,1561.875,80.0
2026-08-10T05:51,J5,setengah_turun,163.5,1559.5,80.0
2026-08-10T05:51,J5,setengah_turun,164.7,1553.5,80.0
2026-08-10T05:51,J5,setengah_turun,165.8,1553.5,80.0
2026-08-10T05:51,J5,setengah_turun,167.0,1547.875,80.0
2026-08-10T05:51,J5,setengah_turun,168.2,1543.875,80.0
2026-08-10T05:51,J5,setengah_turun,169.3,1536.125,80.0
2026-08-10T05:51,J5,setengah_turun,170.5,1533.0,80.0
2026-08-10T05:51,J5,setengah_turun,171.6,1529.875,80.0
2026-08-10T05:51,J5,setengah_turun,172.8,1523.0,80.0
2026-08-10T05:51,J5,setengah_turun,174.0,1519.875,80.0
2026-08-10T05:51,J5,setengah_turun,175.1,1517.375,80.0
2026-08-10T05:51,J5,setengah_turun,176.3,1509.125,80.0
2026-08-10T05:51,J5,setengah_turun,177.4,1507.25,80.0
2026-08-10T05:51,J5,setengah_turun,178.6,1501.625,80.0
2026-08-10T05:51,J5,setengah_turun,179.8,1494.0,80.0
2026-08-10T05:51,J5,setengah_turun,180.9,1490.5,80.0
2026-08-10T05:51,J5,setengah_turun,182.1,1482.875,80.0
2026-08-10T05:51,J5,setengah_turun,183.2,1478.25,80.0
2026-08-10T05:51,J5,setengah_turun,184.4,1472.5,80.0
2026-08-10T05:51,J5,setengah_turun,185.6,1469.875,80.0
2026-08-10T05:51,J5,setengah_turun,186.7,1464.125,80.0
2026-08-10T05:51,J5,setengah_turun,187.9,1458.5,80.0
2026-08-10T05:51,J5,setengah_turun,189.0,1458.5,80.0
2026-08-10T05:51,J5,setengah_turun,190.2,1457.5,80.0
2026-08-10T05:51,J5,setengah_turun,191.4,1450.625,80.0
2026-08-10T05:51,J5,setengah_turun,192.5,1446.375,80.0
2026-08-10T05:51,J5,setengah_turun,193.7,1438.75,80.0
2026-08-10T05:51,J5,setengah_turun,194.8,1435.25,80.0
2026-08-10T05:51,J5,setengah_turun,196.0,1429.125,80.0
2026-08-10T05:51,J5,setengah_turun,197.2,1424.25,80.0
2026-08-10T05:51,J5,setengah_turun,198.3,1414.5,80.0
2026-08-10T05:51,J5,setengah_turun,199.5,1410.625,80.0
2026-08-10T05:51,J5,setengah_turun,200.6,1404.25,80.0
2026-08-10T05:51,J5,setengah_turun,201.8,1397.875,80.0
2026-08-10T05:51,J5,setengah_turun,203.0,1391.375,80.0
2026-08-10T05:51,J5,setengah_turun,204.1,1390.125,80.0
2026-08-10T05:51,J5,setengah_turun,205.3,1385.0,80.0
2026-08-10T05:51,J5,setengah_turun,206.4,1379.5,80.0
2026-08-10T05:51,J5,setengah_turun,207.6,1374.0,80.0
2026-08-10T05:51,J5,setengah_turun,208.8,1367.5,80.0
2026-08-10T05:51,J5,setengah_turun,209.9,1362.625,80.0
2026-08-10T05:51,J5,setengah_turun,211.1,1354.125,80.0
2026-08-10T05:51,J5,setengah_turun,212.2,1354.125,80.0
2026-08-10T05:51,J5,setengah_turun,213.4,1348.0,80.0
2026-08-10T05:51,J5,setengah_turun,214.6,1342.875,80.0
2026-08-10T05:51,J5,setengah_turun,215.7,1342.625,80.0
2026-08-10T05:51,J5,setengah_turun,216.9,1334.5,80.0
2026-08-10T05:51,J5,setengah_turun,218.0,1330.125,80.0
2026-08-10T05:51,J5,setengah_turun,219.2,1321.5,80.0
2026-08-10T05:51,J5,setengah_turun,220.4,1314.625,80.0
2026-08-10T05:51,J5,setengah_turun,221.5,1311.125,80.0
2026-08-10T05:51,J5,setengah_turun,222.7,1300.625,80.0
2026-08-10T05:51,J5,setengah_turun,223.8,1295.875,80.0
2026-08-10T05:51,J5,setengah_turun,225.0,1288.0,80.0
2026-08-10T05:51,J5,setengah_turun,226.2,1280.625,80.0
2026-08-10T05:51,J5,setengah_turun,227.3,1283.25,80.0
2026-08-10T05:51,J5,setengah_turun,228.5,1278.125,80.0
2026-08-10T05:51,J5,setengah_turun,229.6,1270.375,80.0
2026-08-10T05:51,J5,setengah_turun,230.8,1264.0,80.0
2026-08-10T05:51,J5,setengah_turun,232.0,1258.75,80.0
2026-08-10T05:51,J5,setengah_turun,233.1,1253.375,80.0
2026-08-10T05:51,J5,setengah_turun,234.3,1233.125,80.0
2026-08-10T05:51,J5,setengah_turun,235.4,1233.125,80.0
2026-08-10T05:51,J5,setengah_turun,236.6,1216.625,80.0
2026-08-10T05:51,J5,setengah_turun,237.8,1209.0,80.0
2026-08-10T05:51,J5,setengah_turun,238.9,1205.125,80.0
2026-08-10T05:51,J5,setengah_turun,240.1,1201.5,80.0
2026-08-10T05:51,J5,setengah_turun,241.2,1198.0,80.0
2026-08-10T05:51,J5,setengah_turun,242.4,1193.625,80.0
2026-08-10T05:51,J5,setengah_turun,243.6,1189.625,80.0
2026-08-10T05:51,J5,setengah_turun,244.7,1187.875,80.0
2026-08-10T05:51,J5,setengah_turun,245.9,1187.25,80.0
2026-08-10T05:51,J5,setengah_turun,247.0,1188.875,80.0
2026-08-10T05:51,J5,setengah_turun,248.2,1180.375,80.0
2026-08-10T05:51,J5,setengah_turun,249.4,1166.375,80.0
2026-08-10T05:51,J5,setengah_turun,250.5,1160.875,80.0
2026-08-10T05:51,J5,setengah_turun,251.7,1156.875,80.0
2026-08-10T05:51,J5,setengah_turun,252.8,1152.75,80.0
2026-08-10T05:51,J5,setengah_turun,254.0,1148.0,80.0
2026-08-10T05:51,J5,setengah_turun,255.2,1144.0,80.0
2026-08-10T05:51,J5,setengah_turun,256.3,1152.75,80.0
2026-08-10T05:51,J5,setengah_turun,257.5,1150.375,80.0
2026-08-10T05:51,J5,setengah_turun,258.6,1150.375,80.0
2026-08-10T05:51,J5,setengah_turun,259.8,1160.0,80.0
2026-08-10T05:51,J5,setengah_turun,261.0,1190.75,80.0
2026-08-10T05:51,J5,setengah_turun,262.1,1216.625,80.0
2026-08-10T05:51,J5,setengah_turun,263.3,1309.125,80.0
2026-08-10T05:51,J5,setengah_turun,264.4,1269.75,80.0
2026-08-10T05:51,J5,setengah_turun,265.6,1198.0,80.0
2026-08-10T05:51,J5,setengah_turun,266.8,1213.0,80.0
2026-08-10T05:51,J5,setengah_turun,267.9,1204.375,80.0
2026-08-10T05:51,J5,setengah_turun,269.1,1139.75,80.0
2026-08-10T05:51,J5,setengah_turun,270.2,1118.0,80.0
2026-08-10T05:51,J5,setengah_turun,271.4,1103.0,80.0
2026-08-10T05:51,J5,setengah_turun,272.6,1106.875,80.0
2026-08-10T05:51,J5,setengah_turun,273.7,1109.875,80.0
2026-08-10T05:51,J5,setengah_turun,274.9,1115.5,80.0
2026-08-10T05:51,J5,setengah_turun,276.0,1100.75,80.0
2026-08-10T05:51,J5,setengah_turun,277.2,1086.0,80.0
2026-08-10T05:51,J5,setengah_turun,278.4,1094.5,80.0
2026-08-10T05:51,J5,setengah_turun,279.5,1062.875,80.0
2026-08-10T05:51,J5,setengah_turun,280.7,1063.125,80.0
2026-08-10T05:51,J5,setengah_turun,281.8,1063.125,80.0
2026-08-10T05:51,J5,setengah_turun,283.0,1061.5,80.0
2026-08-10T05:51,J5,setengah_turun,284.2,1058.0,80.0
2026-08-10T05:51,J5,setengah_turun,285.3,1053.75,80.0
2026-08-10T05:51,J5,setengah_turun,286.5,1056.5,80.0
2026-08-10T05:51,J5,setengah_turun,287.6,1066.375,80.0
2026-08-10T05:51,J5,setengah_turun,288.8,1109.125,80.0
2026-08-10T05:51,J5,setengah_turun,290.0,1118.75,80.0
2026-08-10T05:51,J5,setengah_turun,291.1,1115.125,80.0
2026-08-10T05:51,J5,setengah_turun,292.3,1130.375,80.0
2026-08-10T05:51,J5,setengah_turun,293.4,1092.125,80.0
2026-08-10T05:51,J5,setengah_turun,294.6,1034.375,80.0
2026-08-10T05:51,J5,setengah_turun,295.8,1037.25,80.0
2026-08-10T05:51,J5,setengah_turun,296.9,1036.75,80.0
2026-08-10T05:51,J5,setengah_turun,298.1,1038.0,80.0
2026-08-10T05:51,J5,setengah_turun,299.2,1038.125,80.0
2026-08-10T05:51,J5,setengah_turun,300.4,1034.875,80.0
2026-08-10T05:51,J5,setengah_turun,301.6,1031.125,80.0
2026-08-10T05:51,J5,setengah_turun,302.7,1027.75,80.0
2026-08-10T05:51,J5,setengah_turun,303.9,1025.625,80.0
2026-08-10T05:51,J5,setengah_turun,305.0,1025.625,80.0
2026-08-10T05:51,J5,setengah_turun,306.2,1025.125,80.0
2026-08-10T05:51,J5,setengah_turun,307.4,1030.25,80.0
2026-08-10T05:51,J5,setengah_turun,308.5,1048.25,80.0
2026-08-10T05:51,J5,setengah_turun,309.7,1067.5,80.0
2026-08-10T05:51,J5,setengah_turun,310.8,1109.375,80.0
2026-08-10T05:51,J5,setengah_turun,312.0,1143.0,80.0
2026-08-10T05:51,J5,setengah_turun,313.2,1197.25,80.0
2026-08-10T05:51,J5,setengah_turun,314.3,1121.875,80.0
2026-08-10T05:51,J5,setengah_turun,315.5,1122.5,80.0
2026-08-10T05:51,J5,setengah_turun,316.6,1094.0,80.0
2026-08-10T05:51,J5,setengah_turun,317.8,1060.625,80.0
2026-08-10T05:51,J5,setengah_turun,319.0,1041.625,80.0
2026-08-10T05:51,J5,setengah_turun,320.1,1014.375,80.0
2026-08-10T05:51,J5,setengah_turun,321.3,1007.875,80.0
2026-08-10T05:51,J5,setengah_turun,322.4,1002.25,80.0
2026-08-10T05:51,J5,setengah_turun,323.6,1003.0,80.0
2026-08-10T05:51,J5,setengah_turun,324.8,1003.125,80.0
2026-08-10T05:51,J5,setengah_turun,325.9,1003.75,80.0
2026-08-10T05:51,J5,setengah_turun,327.1,1003.375,80.0
2026-08-10T05:51,J5,setengah_turun,328.2,1001.75,80.0
2026-08-10T05:51,J5,setengah_turun,329.4,1001.75,80.0
2026-08-10T05:51,J5,setengah_turun,330.6,1002.125,80.0
2026-08-10T05:51,J5,setengah_turun,331.7,1001.625,80.0
2026-08-10T05:51,J5,setengah_turun,332.9,1000.875,80.0
2026-08-10T05:51,J5,setengah_turun,334.0,1000.25,80.0
2026-08-10T05:51,J5,setengah_turun,335.2,999.875,80.0
2026-08-10T05:51,J5,setengah_turun,336.4,1000.0,80.0
2026-08-10T05:51,J5,setengah_turun,337.5,999.75,80.0
2026-08-10T05:51,J5,setengah_turun,338.7,999.375,80.0
2026-08-10T05:51,J5,setengah_turun,339.8,999.125,80.0
2026-08-10T05:51,J5,setengah_turun,341.0,998.75,80.0
2026-08-10T05:51,J5,setengah_turun,342.2,998.375,80.0
2026-08-10T05:51,J5,setengah_turun,343.3,998.75,80.0
2026-08-10T05:51,J5,setengah_turun,344.5,998.0,80.0
2026-08-10T05:51,J5,setengah_turun,345.6,996.875,80.0
2026-08-10T05:51,J5,setengah_turun,346.8,996.875,80.0
2026-08-10T05:51,J5,setengah_turun,348.0,996.0,80.0
2026-08-10T05:51,J5,setengah_turun,349.1,997.875,80.0
2026-08-10T05:51,J5,setengah_turun,350.3,996.875,80.0
2026-08-10T05:51,J5,setengah_turun,351.4,995.25,80.0
2026-08-10T05:51,J5,setengah_turun,352.6,995.25,80.0
2026-08-10T05:51,J5,setengah_turun,353.8,992.75,80.0
2026-08-10T05:51,J5,setengah_turun,354.9,991.5,80.0
2026-08-10T05:51,J5,setengah_turun,356.1,991.625,80.0
2026-08-10T05:51,J5,setengah_turun,357.2,991.5,80.0
2026-08-10T05:51,J5,setengah_turun,358.4,991.25,80.0
2026-08-10T05:51,J5,setengah_turun,359.6,991.125,80.0
2026-08-10T05:51,J5,setengah_turun,360.7,991.0,80.0
2026-08-10T05:51,J5,setengah_turun,361.9,991.0,80.0
2026-08-10T05:51,J5,setengah_turun,363.0,991.0,80.0
2026-08-10T05:51,J5,setengah_turun,364.2,990.875,80.0
2026-08-10T05:51,J5,setengah_turun,365.4,990.75,80.0
2026-08-10T05:51,J5,setengah_turun,366.5,990.75,80.0
2026-08-10T05:51,J5,setengah_turun,367.7,990.625,80.0
2026-08-10T05:51,J5,setengah_turun,368.8,990.375,80.0
2026-08-10T05:51,J5,setengah_turun,370.0,990.25,80.0
2026-08-10T05:51,J5,setengah_turun,371.2,990.375,80.0
2026-08-10T05:51,J5,setengah_turun,372.3,990.0,80.0
2026-08-10T05:51,J5,setengah_turun,373.5,990.125,80.0
2026-08-10T05:51,J5,setengah_turun,374.6,989.875,80.0
2026-08-10T05:51,J5,setengah_turun,375.8,989.875,80.0
2026-08-10T05:51,J5,setengah_turun,377.0,989.75,80.0
2026-08-10T05:51,J5,setengah_turun,378.1,989.625,80.0
2026-08-10T05:51,J5,setengah_turun,379.3,989.5,80.0
2026-08-10T05:51,J5,setengah_turun,380.4,989.625,80.0
2026-08-10T05:51,J5,setengah_turun,381.6,989.375,80.0
2026-08-10T05:51,J5,setengah_turun,382.8,989.125,80.0
2026-08-10T05:51,J5,setengah_turun,383.9,989.0,80.0
2026-08-10T05:51,J5,setengah_turun,385.1,988.625,80.0
2026-08-10T05:51,J5,setengah_turun,386.2,988.625,80.0
2026-08-10T05:51,J5,setengah_turun,387.4,988.625,80.0
2026-08-10T05:51,J5,setengah_turun,388.6,988.5,80.0
2026-08-10T05:51,J5,setengah_turun,389.7,988.25,80.0
2026-08-10T05:51,J5,setengah_turun,390.9,988.125,80.0
2026-08-10T05:51,J5,setengah_turun,392.0,988.25,80.0
2026-08-10T05:51,J5,setengah_turun,393.2,988.25,80.0
2026-08-10T05:51,J5,setengah_turun,394.4,988.375,80.0
2026-08-10T05:51,J5,setengah_turun,395.5,988.125,80.0
2026-08-10T05:51,J5,setengah_turun,396.7,988.25,80.0
2026-08-10T05:51,J5,setengah_turun,397.8,988.125,80.0
2026-08-10T05:51,J5,setengah_turun,399.0,988.125,80.0
2026-08-10T05:51,J5,setengah_turun,400.2,988.25,80.0
2026-08-10T05:51,J5,setengah_turun,401.3,988.0,80.0
2026-08-10T05:51,J5,setengah_turun,402.5,988.125,80.0
2026-08-10T05:51,J5,setengah_turun,403.6,988.125,80.0
2026-08-10T05:51,J5,setengah_turun,404.8,988.125,80.0
2026-08-10T05:51,J5,setengah_turun,406.0,988.0,80.0
2026-08-10T05:51,J5,setengah_turun,407.1,988.125,80.0
2026-08-10T05:51,J5,setengah_turun,408.3,988.0,80.0
2026-08-10T05:51,J5,setengah_turun,409.4,987.75,80.0
2026-08-10T05:51,J5,setengah_turun,410.6,987.875,80.0
2026-08-10T05:51,J5,setengah_turun,411.8,987.875,80.0
2026-08-10T05:51,J5,setengah_turun,412.9,987.875,80.0
2026-08-10T05:51,J5,setengah_turun,414.1,988.125,80.0
2026-08-10T05:51,J5,setengah_turun,415.2,987.75,80.0
2026-08-10T05:51,J5,setengah_turun,416.4,987.75,80.0
2026-08-10T05:51,J5,setengah_turun,417.6,987.75,80.0
2026-08-10T05:51,J5,setengah_turun,418.7,987.875,80.0
2026-08-10T05:51,J5,setengah_turun,419.9,987.25,80.0
2026-08-10T05:51,J5,setengah_turun,421.0,987.625,80.0
2026-08-10T05:51,J5,setengah_turun,422.2,987.625,80.0
2026-08-10T05:51,J5,setengah_turun,423.4,987.625,80.0
2026-08-10T05:51,J5,setengah_turun,424.5,987.75,80.0
2026-08-10T05:51,J5,setengah_turun,425.7,987.5,80.0
2026-08-10T05:51,J5,setengah_turun,426.8,987.375,80.0
2026-08-10T05:51,J5,setengah_turun,428.0,987.375,80.0
2026-08-10T05:51,J5,setengah_turun,429.2,987.375,80.0
2026-08-10T05:51,J5,setengah_turun,430.3,987.375,80.0
2026-08-10T05:51,J5,setengah_turun,431.5,987.5,80.0
2026-08-10T05:51,J5,setengah_turun,432.6,987.5,80.0
2026-08-10T05:51,J5,setengah_turun,433.8,987.25,80.0
2026-08-10T05:51,J5,setengah_turun,435.0,987.125,80.0
2026-08-10T05:51,J5,setengah_turun,436.1,987.375,80.0
2026-08-10T05:51,J5,setengah_turun,437.3,987.375,80.0
2026-08-10T05:51,J5,setengah_turun,438.4,987.375,80.0
2026-08-10T05:51,J5,setengah_turun,439.6,987.375,80.0
2026-08-10T05:51,J5,setengah_turun,440.8,987.625,80.0
2026-08-10T05:51,J5,setengah_turun,441.9,987.375,80.0
2026-08-10T05:51,J5,setengah_turun,443.1,987.375,80.0
2026-08-10T05:51,J5,setengah_turun,444.2,987.375,80.0
2026-08-10T05:51,J5,setengah_turun,445.4,987.375,80.0
2026-08-10T05:51,J5,setengah_turun,446.6,987.25,80.0
2026-08-10T05:51,J5,setengah_turun,447.7,987.375,80.0
2026-08-10T05:51,J5,setengah_turun,448.9,987.375,80.0
2026-08-10T05:51,J5,setengah_turun,450.0,987.375,80.0
2026-08-10T05:51,J5,setengah_turun,451.2,987.25,80.0
2026-08-10T05:51,J5,setengah_turun,452.4,987.25,80.0
2026-08-10T05:51,J5,setengah_turun,453.5,987.375,80.0
2026-08-10T05:51,J5,setengah_turun,454.7,987.375,80.0
2026-08-10T05:51,J5,setengah_turun,455.8,987.375,80.0
2026-08-10T05:51,J5,setengah_turun,457.0,987.375,80.0
2026-08-10T05:51,J5,setengah_turun,458.2,987.25,80.0
2026-08-10T05:51,J5,setengah_turun,459.3,987.375,80.0
2026-08-10T05:51,J5,setengah_turun,460.5,987.375,80.0
2026-08-10T05:51,J5,setengah_turun,461.6,987.25,80.0
2026-08-10T05:51,J5,setengah_turun,462.8,987.25,80.0
2026-08-10T05:51,J5,setengah_turun,464.0,987.375,80.0
2026-08-10T05:51,J5,setengah_turun,465.1,987.125,80.0
2026-08-10T05:51,J5,setengah_turun,466.3,987.125,80.0
2026-08-10T05:51,J5,setengah_turun,467.4,987.25,80.0
2026-08-10T05:51,J5,setengah_turun,468.6,987.25,80.0
2026-08-10T05:51,J5,setengah_turun,469.8,987.125,80.0
2026-08-10T05:51,J5,setengah_turun,470.9,987.375,80.0
2026-08-10T05:51,J5,setengah_turun,472.1,987.25,80.0
2026-08-10T05:51,J5,setengah_turun,473.2,987.25,80.0
2026-08-10T05:51,J5,setengah_turun,474.4,987.25,80.0
2026-08-10T05:51,J5,setengah_turun,475.6,987.25,80.0
2026-08-10T05:51,J5,setengah_turun,476.7,987.5,80.0
2026-08-10T05:51,J5,setengah_turun,477.9,987.5,80.0
2026-08-10T05:51,J5,setengah_turun,479.0,987.25,80.0
2026-08-10T05:51,J5,setengah_turun,480.2,987.5,80.0
2026-08-10T05:51,J5,setengah_turun,481.4,987.25,80.0
2026-08-10T05:51,J5,setengah_turun,482.5,987.375,80.0
2026-08-10T05:51,J5,setengah_turun,483.7,987.5,80.0
2026-08-10T05:51,J5,setengah_turun,484.8,987.375,80.0
2026-08-10T05:51,J5,setengah_turun,486.0,987.375,80.0
2026-08-10T05:51,J5,setengah_turun,487.2,987.375,80.0
2026-08-10T05:51,J5,setengah_turun,488.3,987.125,80.0
2026-08-10T05:51,J5,setengah_turun,489.5,987.375,80.0
2026-08-10T05:51,J5,setengah_turun,490.6,987.25,80.0
2026-08-10T05:51,J5,setengah_turun,491.8,987.375,80.0
2026-08-10T05:51,J5,setengah_turun,493.0,987.375,80.0
2026-08-10T05:51,J5,setengah_turun,494.1,987.375,80.0
2026-08-10T05:51,J5,setengah_turun,495.3,987.25,80.0
2026-08-10T05:51,J5,setengah_turun,496.4,987.375,80.0
2026-08-10T05:51,J5,setengah_turun,497.6,987.25,80.0
2026-08-10T05:51,J5,setengah_turun,498.8,987.25,80.0
2026-08-10T05:51,J5,setengah_turun,499.9,987.25,80.0
2026-08-10T05:51,J5,setengah_turun,501.1,987.25,80.0
2026-08-10T05:51,J5,setengah_turun,502.2,987.375,80.0
2026-08-10T05:51,J5,setengah_turun,503.4,987.375,80.0
2026-08-10T05:51,J5,setengah_turun,504.6,987.375,80.0
2026-08-10T05:51,J5,setengah_turun,505.7,987.375,80.0
2026-08-10T05:51,J5,setengah_turun,506.9,987.75,80.0
2026-08-10T05:51,J5,setengah_turun,508.0,987.25,80.0
2026-08-10T05:51,J5,setengah_turun,509.2,987.375,80.0
2026-08-10T05:51,J5,setengah_turun,510.4,987.25,80.0
2026-08-10T05:51,J5,setengah_turun,511.5,987.375,80.0
2026-08-10T05:51,J5,setengah_turun,512.7,987.375,80.0
2026-08-10T05:51,J5,setengah_turun,513.8,987.625,80.0
2026-08-10T05:51,J5,setengah_turun,515.0,987.5,80.0
2026-08-10T05:51,J5,setengah_turun,516.2,987.5,80.0
2026-08-10T05:51,J5,setengah_turun,517.3,987.25,80.0
2026-08-10T05:51,J5,setengah_turun,518.5,987.5,80.0
2026-08-10T05:51,J5,setengah_turun,519.6,987.375,80.0
2026-08-10T05:51,J5,setengah_turun,520.8,987.25,80.0
2026-08-10T05:51,J5,setengah_turun,522.0,987.25,80.0
2026-08-10T05:51,J5,setengah_turun,523.1,987.125,80.0
2026-08-10T05:51,J5,setengah_turun,524.3,987.25,80.0
2026-08-10T05:51,J5,setengah_turun,525.4,987.0,80.0
2026-08-10T05:51,J5,setengah_turun,526.6,987.375,80.0
2026-08-10T05:51,J5,setengah_turun,527.8,987.25,80.0
2026-08-10T05:51,J5,setengah_turun,528.9,987.25,80.0
2026-08-10T05:51,J5,setengah_turun,530.1,987.5,80.0
2026-08-10T05:51,J5,setengah_turun,531.2,987.375,80.0
2026-08-10T05:51,J5,setengah_turun,532.4,987.625,80.0
2026-08-10T05:51,J5,setengah_turun,533.6,987.375,80.0
2026-08-10T05:51,J5,setengah_turun,534.7,987.375,80.0
2026-08-10T05:51,J5,setengah_turun,535.9,987.375,80.0
2026-08-10T05:51,J5,setengah_turun,537.0,987.625,80.0
2026-08-10T05:51,J5,setengah_turun,538.2,987.625,80.0
2026-08-10T05:51,J5,setengah_turun,539.4,987.625,80.0
2026-08-10T05:51,J5,setengah_turun,540.5,987.625,80.0
2026-08-10T05:51,J5,setengah_turun,541.7,987.5,80.0
2026-08-10T05:51,J5,setengah_turun,542.8,987.625,80.0
2026-08-10T05:51,J5,setengah_turun,544.0,987.5,80.0
2026-08-10T05:51,J5,setengah_turun,545.2,987.5,80.0
2026-08-10T05:51,J5,setengah_turun,546.3,987.5,80.0
2026-08-10T05:51,J5,setengah_turun,547.5,987.5,80.0
2026-08-10T05:51,J5,setengah_turun,548.6,987.75,80.0
2026-08-10T05:51,J5,setengah_turun,549.8,987.5,80.0
2026-08-10T05:51,J5,setengah_turun,551.0,987.375,80.0
2026-08-10T05:51,J5,setengah_turun,552.1,987.5,80.0
2026-08-10T05:51,J5,setengah_turun,553.3,987.625,80.0
2026-08-10T05:51,J5,setengah_turun,554.4,987.5,80.0
2026-08-10T05:51,J5,setengah_turun,555.6,987.625,80.0
2026-08-10T05:51,J5,setengah_turun,556.8,987.5,80.0
2026-08-10T05:51,J5,setengah_turun,557.9,987.625,80.0
2026-08-10T05:51,J5,setengah_turun,559.1,987.5,80.0
2026-08-10T05:51,J5,setengah_turun,560.2,987.625,80.0
2026-08-10T05:51,J5,setengah_turun,561.4,987.625,80.0
2026-08-10T05:51,J5,setengah_turun,562.6,987.625,80.0
2026-08-10T05:51,J5,setengah_turun,563.7,987.375,80.0
2026-08-10T05:51,J5,setengah_turun,564.9,987.625,80.0
2026-08-10T05:51,J5,setengah_turun,566.0,987.625,80.0
2026-08-10T05:51,J5,setengah_turun,567.2,987.625,80.0
2026-08-10T05:51,J5,setengah_turun,568.4,987.5,80.0
2026-08-10T05:51,J5,setengah_turun,569.5,987.5,80.0
2026-08-10T05:51,J5,setengah_turun,570.7,987.5,80.0
2026-08-10T05:51,J5,setengah_turun,571.8,987.5,80.0
2026-08-10T05:51,J5,setengah_turun,573.0,987.625,80.0
2026-08-10T05:51,J5,setengah_turun,574.2,987.5,80.0
2026-08-10T05:51,J5,setengah_turun,575.3,987.5,80.0
2026-08-10T05:51,J5,setengah_turun,576.5,987.625,80.0
2026-08-10T05:51,J5,setengah_turun,577.6,987.375,80.0
2026-08-10T05:51,J5,setengah_turun,578.8,987.625,80.0
2026-08-10T05:51,J5,setengah_turun,580.0,987.625,80.0
2026-08-10T05:51,J5,setengah_turun,581.1,987.625,80.0
2026-08-10T05:51,J5,setengah_turun,582.3,987.5,80.0
2026-08-10T05:51,J5,setengah_turun,583.4,987.625,80.0
2026-08-10T05:51,J5,setengah_turun,584.6,987.5,80.0
2026-08-10T05:51,J5,setengah_turun,585.8,987.5,80.0
2026-08-10T05:51,J5,setengah_turun,586.9,987.5,80.0
2026-08-10T05:51,J5,setengah_turun,588.1,987.5,80.0
2026-08-10T05:51,J5,setengah_turun,589.2,987.625,80.0
2026-08-10T05:51,J5,setengah_turun,590.4,987.625,80.0
2026-08-10T05:51,J5,setengah_turun,591.6,987.875,80.0
2026-08-10T05:51,J5,setengah_turun,592.7,987.75,80.0
2026-08-10T05:51,J5,setengah_turun,593.9,987.625,80.0
2026-08-10T05:51,J5,setengah_turun,595.0,987.75,80.0
2026-08-10T05:51,J5,setengah_turun,596.2,987.625,80.0
2026-08-10T05:51,J5,setengah_turun,597.4,987.625,80.0
2026-08-10T05:51,J5,setengah_turun,598.5,987.5,80.0
2026-08-10T05:51,J5,setengah_turun,599.7,987.625,80.0
2026-08-10T05:51,J5,setengah_turun,600.8,987.625,80.0
2026-08-10T05:51,J5,setengah_turun,602.0,987.875,80.0
2026-08-10T05:51,J5,setengah_turun,603.2,987.875,80.0
2026-08-10T05:51,J5,setengah_turun,604.3,987.625,80.0
2026-08-10T05:51,J5,setengah_turun,605.5,987.625,80.0
2026-08-10T05:51,J5,setengah_turun,606.6,987.625,80.0
2026-08-10T05:51,J5,setengah_turun,607.8,987.75,80.0
2026-08-10T05:51,J5,setengah_turun,609.0,987.75,80.0
2026-08-10T05:51,J5,setengah_turun,610.1,987.75,80.0
2026-08-10T05:51,J5,setengah_turun,611.3,987.5,80.0
2026-08-10T05:51,J5,setengah_turun,612.4,987.625,80.0
2026-08-10T05:51,J5,setengah_turun,613.6,987.625,80.0
2026-08-10T05:51,J5,setengah_turun,614.8,987.875,80.0
2026-08-10T05:51,J5,setengah_turun,615.9,987.5,80.0
2026-08-10T05:51,J5,setengah_turun,617.1,987.75,80.0
2026-08-10T05:51,J5,setengah_turun,618.2,987.5,80.0
2026-08-10T05:51,J5,setengah_turun,619.4,987.75,80.0
2026-08-10T05:51,J5,setengah_turun,620.6,987.625,80.0
2026-08-10T05:51,J5,setengah_turun,621.7,987.75,80.0
2026-08-10T05:51,J5,setengah_turun,622.9,987.75,80.0
2026-08-10T05:51,J5,setengah_turun,624.0,987.75,80.0
2026-08-10T05:51,J5,setengah_turun,625.2,987.75,80.0
2026-08-10T05:51,J5,setengah_turun,626.4,987.875,80.0
2026-08-10T05:51,J5,setengah_turun,627.5,987.625,80.0
2026-08-10T05:51,J5,setengah_turun,628.7,987.5,80.0
2026-08-10T05:51,J5,setengah_turun,629.8,987.625,80.0
2026-08-10T05:51,J5,setengah_turun,631.0,987.625,80.0
2026-08-10T05:51,J5,setengah_turun,632.2,987.625,80.0
2026-08-10T05:51,J5,setengah_turun,633.3,987.625,80.0
2026-08-10T05:51,J5,setengah_turun,634.5,987.625,80.0
2026-08-10T05:51,J5,setengah_turun,635.6,987.625,80.0
2026-08-10T05:51,J5,setengah_turun,636.8,987.625,80.0
2026-08-10T05:51,J5,setengah_turun,638.0,987.75,80.0
2026-08-10T05:51,J5,setengah_turun,639.1,987.625,80.0
2026-08-10T05:51,J5,setengah_turun,640.3,987.875,80.0
2026-08-10T05:51,J5,setengah_turun,641.4,987.875,80.0
2026-08-10T05:51,J5,setengah_turun,642.6,987.75,80.0
2026-08-10T05:51,J5,setengah_turun,643.8,987.75,80.0
2026-08-10T05:51,J5,setengah_turun,644.9,987.75,80.0
2026-08-10T05:51,J5,setengah_turun,646.1,987.75,80.0
2026-08-10T05:51,J5,setengah_turun,647.2,987.75,80.0
2026-08-10T05:51,J5,setengah_turun,648.4,987.625,80.0
2026-08-10T05:51,J5,setengah_turun,649.6,987.375,80.0
2026-08-10T05:51,J5,setengah_turun,650.7,987.5,80.0
2026-08-10T05:51,J5,setengah_turun,651.9,987.5,80.0
2026-08-10T05:51,J5,setengah_turun,653.0,987.625,80.0
2026-08-10T05:51,J5,setengah_turun,654.2,987.625,80.0
2026-08-10T05:51,J5,setengah_turun,655.4,987.625,80.0
2026-08-10T05:51,J5,setengah_turun,656.5,987.625,80.0
2026-08-10T05:51,J5,setengah_turun,657.7,987.5,80.0
2026-08-10T05:51,J5,setengah_turun,658.8,987.625,80.0
2026-08-10T05:51,J5,setengah_turun,660.0,987.5,80.0
2026-08-10T05:51,J5,setengah_turun,661.2,987.5,80.0
2026-08-10T05:51,J5,setengah_turun,662.3,987.75,80.0
2026-08-10T05:51,J5,setengah_turun,663.5,987.625,80.0
2026-08-10T05:51,J5,setengah_turun,664.6,987.5,80.0
2026-08-10T05:51,J5,setengah_turun,665.8,987.75,80.0
2026-08-10T05:51,J5,setengah_turun,667.0,987.75,80.0
2026-08-10T05:51,J5,setengah_turun,668.1,987.625,80.0
2026-08-10T05:51,J5,setengah_turun,669.3,987.625,80.0
2026-08-10T05:51,J5,setengah_turun,670.4,987.625,80.0
2026-08-10T05:51,J5,setengah_turun,671.6,987.5,80.0
2026-08-10T05:51,J5,setengah_turun,672.8,987.625,80.0
2026-08-10T05:51,J5,setengah_turun,673.9,987.625,80.0
2026-08-10T05:51,J5,setengah_turun,675.1,987.375,80.0
2026-08-10T05:51,J5,setengah_turun,676.2,987.375,80.0
2026-08-10T05:51,J5,setengah_turun,677.4,987.625,80.0
2026-08-10T05:51,J5,setengah_turun,678.6,987.5,80.0
2026-08-10T05:51,J5,setengah_turun,679.7,987.5,80.0
2026-08-10T05:51,J5,setengah_turun,680.9,987.625,80.0
2026-08-10T05:51,J5,setengah_turun,682.0,987.625,80.0
2026-08-10T05:51,J5,setengah_turun,683.2,987.625,80.0
2026-08-10T05:51,J5,setengah_turun,684.4,987.625,80.0
2026-08-10T05:51,J5,setengah_turun,685.5,987.5,80.0
2026-08-10T05:51,J5,setengah_turun,686.7,987.5,80.0
2026-08-10T05:51,J5,setengah_turun,687.8,987.5,80.0
2026-08-10T05:51,J5,setengah_turun,689.0,987.625,80.0
2026-08-10T05:51,J5,setengah_turun,690.2,987.5,80.0
2026-08-10T05:51,J5,setengah_turun,691.3,987.5,80.0
2026-08-10T05:51,J5,setengah_turun,692.5,987.625,80.0
2026-08-10T05:51,J5,setengah_turun,693.6,987.5,80.0
2026-08-10T05:51,J5,setengah_turun,694.8,987.75,80.0
2026-08-10T05:51,J5,setengah_turun,696.0,987.75,80.0
2026-08-10T05:51,J5,setengah_turun,697.1,987.625,80.0
2026-08-10T05:51,J5,setengah_turun,698.3,987.375,80.0
2026-08-10T05:51,J5,setengah_turun,699.4,987.5,80.0
2026-08-10T05:51,J5,setengah_turun,700.6,987.5,80.0
2026-08-10T05:51,J5,setengah_turun,701.8,987.75,80.0
2026-08-10T05:51,J5,setengah_turun,702.9,987.75,80.0
2026-08-10T05:51,J5,setengah_turun,704.1,987.625,80.0
2026-08-10T05:51,J5,setengah_turun,705.2,987.625,80.0
2026-08-10T05:51,J5,setengah_turun,706.4,987.5,80.0
2026-08-10T05:51,J5,setengah_turun,707.6,987.5,80.0
2026-08-10T05:51,J5,setengah_turun,708.7,987.375,80.0
2026-08-10T05:51,J5,setengah_turun,709.9,987.5,80.0
2026-08-10T05:51,J5,setengah_turun,711.0,987.625,80.0
2026-08-10T05:51,J5,setengah_turun,712.2,987.5,80.0
2026-08-10T05:51,J5,setengah_turun,713.4,987.5,80.0
2026-08-10T05:51,J5,setengah_turun,714.5,987.375,80.0
2026-08-10T05:51,J5,setengah_turun,715.7,987.375,80.0
2026-08-10T05:51,J5,setengah_turun,716.8,987.5,80.0
2026-08-10T05:51,J5,setengah_turun,718.0,987.5,80.0
2026-08-10T05:51,J5,setengah_turun,719.2,987.625,80.0
2026-08-10T05:51,J5,setengah_turun,720.3,987.75,80.0
2026-08-10T05:51,J5,setengah_turun,721.5,987.625,80.0
2026-08-10T05:51,J5,setengah_turun,722.6,987.375,80.0
2026-08-10T05:51,J5,setengah_turun,723.8,987.625,80.0
2026-08-10T05:51,J5,setengah_turun,725.0,987.5,80.0
2026-08-10T05:51,J5,setengah_turun,726.1,987.5,80.0
2026-08-10T05:51,J5,setengah_turun,727.3,987.5,80.0
2026-08-10T05:51,J5,setengah_turun,728.4,987.25,80.0
2026-08-10T05:51,J5,setengah_turun,729.6,987.25,80.0
2026-08-10T05:51,J5,setengah_turun,730.8,987.125,80.0
2026-08-10T05:51,J5,setengah_turun,731.9,987.5,80.0
2026-08-10T05:51,J5,setengah_turun,733.1,987.5,80.0
2026-08-10T05:51,J5,setengah_turun,734.2,987.625,80.0
2026-08-10T05:51,J5,setengah_turun,735.4,987.5,80.0
2026-08-10T05:51,J5,setengah_turun,736.6,987.5,80.0
2026-08-10T05:51,J5,setengah_turun,737.7,987.5,80.0
2026-08-10T05:51,J5,setengah_turun,738.9,987.625,80.0
2026-08-10T05:51,J5,setengah_turun,740.0,987.625,80.0
2026-08-10T05:51,J5,setengah_turun,741.2,987.625,80.0
2026-08-10T05:51,J5,setengah_turun,742.4,987.625,80.0
2026-08-10T05:51,J5,setengah_turun,743.5,987.75,80.0
2026-08-10T05:51,J5,setengah_turun,744.7,987.5,80.0
2026-08-10T05:51,J5,setengah_turun,745.8,987.625,80.0
2026-08-10T05:51,J5,setengah_turun,747.0,987.5,80.0
2026-08-10T05:51,J5,setengah_turun,748.2,987.375,80.0
2026-08-10T05:51,J5,setengah_turun,749.3,987.375,80.0
2026-08-10T05:51,J5,setengah_turun,750.5,987.375,80.0
2026-08-10T05:51,J5,setengah_turun,751.6,987.625,80.0
2026-08-10T05:51,J5,setengah_turun,752.8,987.5,80.0
2026-08-10T05:51,J5,setengah_turun,754.0,987.625,80.0
2026-08-10T05:51,J5,setengah_turun,755.1,987.5,80.0
2026-08-10T05:51,J5,setengah_turun,756.3,987.625,80.0
2026-08-10T05:51,J5,setengah_turun,757.4,987.5,80.0
2026-08-10T05:51,J5,setengah_turun,758.6,987.625,80.0
2026-08-10T05:51,J5,setengah_turun,759.8,987.625,80.0
2026-08-10T05:51,J5,setengah_turun,760.9,987.5,80.0
2026-08-10T05:51,J5,setengah_turun,762.1,987.625,80.0
2026-08-10T05:51,J5,setengah_turun,763.2,987.625,80.0
2026-08-10T05:51,J5,setengah_turun,764.4,987.625,80.0
2026-08-10T05:51,J5,setengah_turun,765.6,987.5,80.0
2026-08-10T05:51,J5,setengah_turun,766.7,987.375,80.0
2026-08-10T05:51,J5,setengah_turun,767.9,987.625,80.0
2026-08-10T05:51,J5,setengah_turun,769.0,987.5,80.0
2026-08-10T05:51,J5,setengah_turun,770.2,987.375,80.0
2026-08-10T05:51,J5,setengah_turun,771.4,987.375,80.0
2026-08-10T05:51,J5,setengah_turun,772.5,987.375,80.0
2026-08-10T05:51,J5,setengah_turun,773.7,987.5,80.0
2026-08-10T05:51,J5,setengah_turun,774.8,987.375,80.0
2026-08-10T05:51,J5,setengah_turun,776.0,987.5,80.0
2026-08-10T05:51,J5,setengah_turun,777.2,987.5,80.0
2026-08-10T05:51,J5,setengah_turun,778.3,987.625,80.0
2026-08-10T05:51,J5,setengah_turun,779.5,987.5,80.0
2026-08-10T05:51,J5,setengah_turun,780.6,987.5,80.0
2026-08-10T05:51,J5,setengah_turun,781.8,987.5,80.0
2026-08-10T05:51,J5,setengah_turun,783.0,987.625,80.0
2026-08-10T05:51,J5,setengah_turun,784.1,987.5,80.0
2026-08-10T05:51,J5,setengah_turun,785.3,987.75,80.0
2026-08-10T05:51,J5,setengah_turun,786.4,987.625,80.0
2026-08-10T05:51,J5,setengah_turun,787.6,987.5,80.0
2026-08-10T05:51,J5,setengah_turun,788.8,987.5,80.0
2026-08-10T05:51,J5,setengah_turun,789.9,987.375,80.0
2026-08-10T05:51,J5,setengah_turun,791.1,987.625,80.0
2026-08-10T05:51,J5,setengah_turun,792.2,987.5,80.0
2026-08-10T05:51,J5,setengah_turun,793.4,987.5,80.0
2026-08-10T05:51,J5,setengah_turun,794.6,987.5,80.0
2026-08-10T05:51,J5,setengah_turun,795.7,987.5,80.0
2026-08-10T05:51,J5,setengah_turun,796.9,987.625,80.0
2026-08-10T05:51,J5,setengah_turun,798.0,987.625,80.0
2026-08-10T05:51,J5,setengah_turun,799.2,987.625,80.0
2026-08-10T05:51,J5,setengah_turun,800.4,987.625,80.0
2026-08-10T05:51,J5,setengah_turun,801.5,987.625,80.0
2026-08-10T05:51,J5,setengah_turun,802.7,987.625,80.0
2026-08-10T05:51,J5,setengah_turun,803.8,987.5,80.0
2026-08-10T05:51,J5,setengah_turun,805.0,987.625,80.0
2026-08-10T05:51,J5,setengah_turun,806.2,987.375,80.0
2026-08-10T05:51,J5,setengah_turun,807.3,987.5,80.0
2026-08-10T05:51,J5,setengah_turun,808.5,987.5,80.0
2026-08-10T05:51,J5,setengah_turun,809.6,987.375,80.0
2026-08-10T05:51,J5,setengah_turun,810.8,987.5,80.0
2026-08-10T05:51,J5,setengah_turun,812.0,987.625,80.0
2026-08-10T05:51,J5,setengah_turun,813.1,987.5,80.0
2026-08-10T05:51,J5,setengah_turun,814.3,987.625,80.0
2026-08-10T05:51,J5,setengah_turun,815.4,987.5,80.0
2026-08-10T05:51,J5,setengah_turun,816.6,987.375,80.0
2026-08-10T05:51,J5,setengah_turun,817.8,987.5,80.0
2026-08-10T05:51,J5,setengah_turun,818.9,987.5,80.0
2026-08-10T05:51,J5,setengah_turun,820.1,987.5,80.0
2026-08-10T05:51,J5,setengah_turun,821.2,987.5,80.0
2026-08-10T05:51,J5,setengah_turun,822.4,987.5,80.0
2026-08-10T05:51,J5,setengah_turun,823.6,987.5,80.0
2026-08-10T05:51,J5,setengah_turun,824.7,987.5,80.0
2026-08-10T05:51,J5,setengah_turun,825.9,987.375,80.0
2026-08-10T05:51,J5,setengah_turun,827.0,987.5,80.0
2026-08-10T05:51,J5,setengah_turun,828.2,987.5,80.0
2026-08-10T05:51,J5,setengah_turun,829.4,987.5,80.0
2026-08-10T05:51,J5,setengah_turun,830.5,987.375,80.0
2026-08-10T05:51,J5,setengah_turun,831.7,987.25,80.0
2026-08-10T05:51,J5,setengah_turun,832.8,987.5,80.0
2026-08-10T05:51,J5,setengah_turun,834.0,987.625,80.0
2026-08-10T05:51,J5,setengah_turun,835.2,987.625,80.0
2026-08-10T05:51,J5,setengah_turun,836.3,987.625,80.0
2026-08-10T05:51,J5,setengah_turun,837.5,987.625,80.0
2026-08-10T05:51,J5,setengah_turun,838.6,987.625,80.0
2026-08-10T05:51,J5,setengah_turun,839.8,987.625,80.0
2026-08-10T05:51,J5,setengah_turun,841.0,987.75,80.0
2026-08-10T05:51,J5,setengah_turun,842.1,987.5,80.0
2026-08-10T05:51,J5,setengah_turun,843.3,987.5,80.0
2026-08-10T05:51,J5,setengah_turun,844.4,987.625,80.0
2026-08-10T05:51,J5,setengah_turun,845.6,987.625,80.0
2026-08-10T05:51,J5,setengah_turun,846.8,987.625,80.0
2026-08-10T05:51,J5,setengah_turun,847.9,987.625,80.0
2026-08-10T05:51,J5,setengah_turun,849.1,987.625,80.0
2026-08-10T05:51,J5,setengah_turun,850.2,987.5,80.0
2026-08-10T05:51,J5,setengah_turun,851.4,987.5,80.0
2026-08-10T05:51,J5,setengah_turun,852.6,987.375,80.0
2026-08-10T05:51,J5,setengah_turun,853.7,987.625,80.0
2026-08-10T05:51,J5,setengah_turun,854.9,987.5,80.0
2026-08-10T05:51,J5,setengah_turun,856.0,987.625,80.0
2026-08-10T05:51,J5,setengah_turun,857.2,987.5,80.0
2026-08-10T05:51,J5,setengah_turun,858.4,987.5,80.0
2026-08-10T05:51,J5,setengah_turun,859.5,987.75,80.0
2026-08-10T05:51,J5,setengah_turun,860.7,987.625,80.0
2026-08-10T05:51,J5,setengah_turun,861.8,987.5,80.0
2026-08-10T05:51,J5,setengah_turun,863.0,987.625,80.0
2026-08-10T05:51,J5,setengah_turun,864.2,987.5,80.0
2026-08-10T05:51,J5,setengah_turun,865.3,987.625,80.0
2026-08-10T05:51,J5,setengah_turun,866.5,987.625,80.0
2026-08-10T05:51,J5,setengah_turun,867.6,987.5,80.0
2026-08-10T05:51,J5,setengah_turun,868.8,987.625,80.0
2026-08-10T05:51,J5,setengah_turun,870.0,987.5,80.0
2026-08-10T05:51,J5,setengah_turun,871.1,987.5,80.0
2026-08-10T05:51,J5,setengah_turun,872.3,987.625,80.0
2026-08-10T05:51,J5,setengah_turun,873.4,987.5,80.0
2026-08-10T05:51,J5,setengah_turun,874.6,987.5,80.0
2026-08-10T05:51,J5,setengah_turun,875.8,987.625,80.0
2026-08-10T05:51,J5,setengah_turun,876.9,987.5,80.0
2026-08-10T05:51,J5,setengah_turun,878.1,987.625,80.0
2026-08-10T05:51,J5,setengah_turun,879.2,987.5,80.0
2026-08-10T05:51,J5,setengah_turun,880.4,987.625,80.0
2026-08-10T05:51,J5,setengah_turun,881.6,987.75,80.0
2026-08-10T05:51,J5,setengah_turun,882.7,987.5,80.0
2026-08-10T05:51,J5,setengah_turun,883.9,987.625,80.0
2026-08-10T05:51,J5,setengah_turun,885.0,987.625,80.0
2026-08-10T05:51,J5,setengah_turun,886.2,987.5,80.0
2026-08-10T05:51,J5,setengah_turun,887.4,987.5,80.0
2026-08-10T05:51,J5,setengah_turun,888.5,987.625,80.0
2026-08-10T05:51,J5,setengah_turun,889.7,987.625,80.0
2026-08-10T05:51,J5,setengah_turun,890.8,987.625,80.0
2026-08-10T05:51,J5,setengah_turun,892.0,987.625,80.0
2026-08-10T05:51,J5,setengah_turun,893.2,987.625,80.0
2026-08-10T05:51,J5,setengah_turun,894.3,987.625,80.0
2026-08-10T05:51,J5,setengah_turun,895.5,987.5,80.0
2026-08-10T05:51,J5,setengah_turun,896.6,987.5,80.0
2026-08-10T05:51,J5,setengah_turun,897.8,987.625,80.0
2026-08-10T05:51,J5,setengah_turun,899.0,987.625,80.0
2026-08-10T05:51,J5,setengah_turun,900.1,987.5,80.0
2026-08-10T05:51,J5,setengah_turun,901.3,987.625,80.0
2026-08-10T05:51,J5,setengah_turun,902.4,987.625,80.0
2026-08-10T05:51,J5,setengah_turun,903.6,987.625,80.0
2026-08-10T05:51,J5,setengah_turun,904.8,987.75,80.0
2026-08-10T05:51,J5,setengah_turun,905.9,987.75,80.0
2026-08-10T05:51,J5,setengah_turun,907.1,987.5,80.0
2026-08-10T05:51,J5,setengah_turun,908.2,987.5,80.0
2026-08-10T05:51,J5,setengah_turun,909.4,987.375,80.0
2026-08-10T05:51,J5,setengah_turun,910.6,987.5,80.0
2026-08-10T05:51,J5,setengah_turun,911.7,987.5,80.0
2026-08-10T05:51,J5,setengah_turun,912.9,987.5,80.0
2026-08-10T05:51,J5,setengah_turun,914.0,987.625,80.0
2026-08-10T05:51,J5,setengah_turun,915.2,987.625,80.0
2026-08-10T05:51,J5,setengah_turun,916.4,987.375,80.0
2026-08-10T05:51,J5,setengah_turun,917.5,987.5,80.0
2026-08-10T05:51,J5,setengah_turun,918.7,987.625,80.0
2026-08-10T05:51,J5,setengah_turun,919.8,987.625,80.0
2026-08-10T05:51,J5,setengah_turun,921.0,987.625,80.0
2026-08-10T05:51,J5,setengah_turun,922.2,987.375,80.0
2026-08-10T05:51,J5,setengah_turun,923.3,987.625,80.0
2026-08-10T05:51,J5,setengah_turun,924.5,987.75,80.0
2026-08-10T05:51,J5,setengah_turun,925.6,987.625,80.0
2026-08-10T05:51,J5,setengah_turun,926.8,987.5,80.0
2026-08-10T05:51,J5,setengah_turun,928.0,987.5,80.0
2026-08-10T05:51,J5,setengah_turun,929.1,987.625,80.0
2026-08-10T05:51,J5,setengah_turun,930.3,987.375,80.0
2026-08-10T05:51,J5,setengah_turun,931.4,987.25,80.0
2026-08-10T05:51,J5,setengah_turun,932.6,987.375,80.0
2026-08-10T05:51,J5,setengah_turun,933.8,987.125,80.0
2026-08-10T05:51,J5,setengah_turun,934.9,987.25,80.0
2026-08-10T05:51,J5,setengah_turun,936.1,987.25,80.0
2026-08-10T05:51,J5,setengah_turun,937.2,987.625,80.0
2026-08-10T05:51,J5,setengah_turun,938.4,987.75,80.0
2026-08-10T05:51,J5,setengah_turun,939.6,987.75,80.0
2026-08-10T05:51,J5,setengah_turun,940.7,987.875,80.0
2026-08-10T05:51,J5,setengah_turun,941.9,987.875,80.0
2026-08-10T05:51,J5,setengah_turun,943.0,987.5,80.0
2026-08-10T05:51,J5,setengah_turun,944.2,987.5,80.0
2026-08-10T05:51,J5,setengah_turun,945.4,987.75,80.0
2026-08-10T05:51,J5,setengah_turun,946.5,987.75,80.0
2026-08-10T05:51,J5,setengah_turun,947.7,987.75,80.0
2026-08-10T05:51,J5,setengah_turun,948.8,987.5,80.0
2026-08-10T05:51,J5,setengah_turun,950.0,987.5,80.0
2026-08-10T05:51,J5,setengah_turun,951.2,987.875,80.0
2026-08-10T05:51,J5,setengah_turun,952.3,987.75,80.0
2026-08-10T05:51,J5,setengah_turun,953.5,987.625,80.0
2026-08-10T05:51,J5,setengah_turun,954.6,987.5,80.0
2026-08-10T05:51,J5,setengah_turun,955.8,987.625,80.0
2026-08-10T05:51,J5,setengah_turun,957.0,987.5,80.0
2026-08-10T05:51,J5,setengah_turun,958.1,987.625,80.0
2026-08-10T05:51,J5,setengah_turun,959.3,987.75,80.0
2026-08-10T05:51,J5,setengah_turun,960.4,987.75,80.0
2026-08-10T05:51,J5,setengah_turun,961.6,987.5,80.0
2026-08-10T05:51,J5,setengah_turun,962.8,987.625,80.0
2026-08-10T05:51,J5,setengah_turun,963.9,987.625,80.0
2026-08-10T05:51,J5,setengah_turun,965.1,987.625,80.0
2026-08-10T05:51,J5,setengah_turun,966.2,987.625,80.0
2026-08-10T05:51,J5,setengah_turun,967.4,987.625,80.0
2026-08-10T05:51,J5,setengah_turun,968.6,987.375,80.0
2026-08-10T05:51,J5,setengah_turun,969.7,987.5,80.0
2026-08-10T05:51,J5,setengah_turun,970.9,987.375,80.0
2026-08-10T05:51,J5,setengah_turun,972.0,987.625,80.0
2026-08-10T05:51,J5,setengah_turun,973.2,987.625,80.0
2026-08-10T05:51,J5,setengah_turun,974.4,987.625,80.0
2026-08-10T05:51,J5,setengah_turun,975.5,987.625,80.0
2026-08-10T05:51,J5,setengah_turun,976.7,987.625,80.0
2026-08-10T05:51,J5,setengah_turun,977.8,987.625,80.0
2026-08-10T05:51,J5,setengah_turun,979.0,987.625,80.0
2026-08-10T05:51,J5,60deg_naik,0.0,1651.375,80.0
2026-08-10T05:51,J5,60deg_naik,1.1,1651.5,80.0
2026-08-10T05:51,J5,60deg_naik,2.3,1651.375,80.0
2026-08-10T05:51,J5,60deg_naik,3.4,1651.375,80.0
2026-08-10T05:51,J5,60deg_naik,4.6,1651.375,80.0
2026-08-10T05:51,J5,60deg_naik,5.8,1651.5,80.0
2026-08-10T05:51,J5,60deg_naik,6.9,1651.375,80.0
2026-08-10T05:51,J5,60deg_naik,8.1,1651.5,80.0
2026-08-10T05:51,J5,60deg_naik,9.2,1651.125,80.0
2026-08-10T05:51,J5,60deg_naik,10.4,1651.25,80.0
2026-08-10T05:51,J5,60deg_naik,11.6,1651.125,80.0
2026-08-10T05:51,J5,60deg_naik,12.7,1651.25,80.0
2026-08-10T05:51,J5,60deg_naik,13.9,1651.25,80.0
2026-08-10T05:51,J5,60deg_naik,15.0,1651.25,80.0
2026-08-10T05:51,J5,60deg_naik,16.2,1651.375,80.0
2026-08-10T05:51,J5,60deg_naik,17.4,1651.375,80.0
2026-08-10T05:51,J5,60deg_naik,18.5,1651.125,80.0
2026-08-10T05:51,J5,60deg_naik,19.7,1651.5,80.0
2026-08-10T05:51,J5,60deg_naik,20.8,1651.375,80.0
2026-08-10T05:51,J5,60deg_naik,22.0,1651.375,80.0
2026-08-10T05:51,J5,60deg_naik,23.2,1651.25,80.0
2026-08-10T05:51,J5,60deg_naik,24.3,1651.375,80.0
2026-08-10T05:51,J5,60deg_naik,25.5,1651.125,80.0
2026-08-10T05:51,J5,60deg_naik,26.6,1651.125,80.0
2026-08-10T05:51,J5,60deg_naik,27.8,1651.5,80.0
2026-08-10T05:51,J5,60deg_naik,29.0,1651.25,80.0
2026-08-10T05:51,J5,60deg_naik,30.1,1651.25,80.0
2026-08-10T05:51,J5,60deg_naik,31.3,1651.125,80.0
2026-08-10T05:51,J5,60deg_naik,32.4,1651.25,80.0
2026-08-10T05:51,J5,60deg_naik,33.6,1651.125,80.0
2026-08-10T05:51,J5,60deg_naik,34.8,1651.125,80.0
2026-08-10T05:51,J5,60deg_naik,35.9,1651.25,80.0
2026-08-10T05:51,J5,60deg_naik,37.1,1651.5,80.0
2026-08-10T05:51,J5,60deg_naik,38.2,1651.125,80.0
2026-08-10T05:51,J5,60deg_naik,39.4,1651.375,80.0
2026-08-10T05:51,J5,60deg_naik,40.6,1651.125,80.0
2026-08-10T05:51,J5,60deg_naik,41.7,1651.375,80.0
2026-08-10T05:51,J5,60deg_naik,42.9,1651.5,80.0
2026-08-10T05:51,J5,60deg_naik,44.0,1651.5,80.0
2026-08-10T05:51,J5,60deg_naik,45.2,1651.25,80.0
2026-08-10T05:51,J5,60deg_naik,46.4,1651.25,80.0
2026-08-10T05:51,J5,60deg_naik,47.5,1651.125,80.0
2026-08-10T05:51,J5,60deg_naik,48.7,1651.25,80.0
2026-08-10T05:51,J5,60deg_naik,49.8,1651.25,80.0
2026-08-10T05:51,J5,60deg_naik,51.0,1651.125,80.0
2026-08-10T05:51,J5,60deg_naik,52.2,1651.5,80.0
2026-08-10T05:51,J5,60deg_naik,53.3,1651.25,80.0
2026-08-10T05:51,J5,60deg_naik,54.5,1651.25,80.0
2026-08-10T05:51,J5,60deg_naik,55.6,1651.125,80.0
2026-08-10T05:51,J5,60deg_naik,56.8,1651.25,80.0
2026-08-10T05:51,J5,60deg_naik,58.0,1651.375,80.0
2026-08-10T05:51,J5,60deg_naik,59.1,1651.25,80.0
2026-08-10T05:51,J5,60deg_naik,60.3,1651.25,80.0
2026-08-10T05:51,J5,60deg_naik,61.4,1651.25,80.0
2026-08-10T05:51,J5,60deg_naik,62.6,1651.0,80.0
2026-08-10T05:51,J5,60deg_naik,63.8,1651.375,80.0
2026-08-10T05:51,J5,60deg_naik,64.9,1651.25,80.0
2026-08-10T05:51,J5,60deg_naik,66.1,1651.375,80.0
2026-08-10T05:51,J5,60deg_naik,67.2,1651.375,80.0
2026-08-10T05:51,J5,60deg_naik,68.4,1651.375,80.0
2026-08-10T05:51,J5,60deg_naik,69.6,1651.25,80.0
2026-08-10T05:51,J5,60deg_naik,70.7,1651.375,80.0
2026-08-10T05:51,J5,60deg_naik,71.9,1651.25,80.0
2026-08-10T05:51,J5,60deg_naik,73.0,1651.375,80.0
2026-08-10T05:51,J5,60deg_naik,74.2,1651.375,80.0
2026-08-10T05:51,J5,60deg_naik,75.4,1651.25,80.0
2026-08-10T05:51,J5,60deg_naik,76.5,1651.375,80.0
2026-08-10T05:51,J5,60deg_naik,77.7,1651.125,80.0
2026-08-10T05:51,J5,60deg_naik,78.8,1651.25,80.0
2026-08-10T05:51,J5,60deg_naik,80.0,1651.25,80.0
2026-08-10T05:51,J5,60deg_naik,81.2,1651.125,80.0
2026-08-10T05:51,J5,60deg_naik,82.3,1651.25,80.0
2026-08-10T05:51,J5,60deg_naik,83.5,1651.25,80.0
2026-08-10T05:51,J5,60deg_naik,84.6,1651.25,80.0
2026-08-10T05:51,J5,60deg_naik,85.8,1651.375,80.0
2026-08-10T05:51,J5,60deg_naik,87.0,1651.375,80.0
2026-08-10T05:51,J5,60deg_naik,88.1,1651.375,80.0
2026-08-10T05:51,J5,60deg_naik,89.3,1651.25,80.0
2026-08-10T05:51,J5,60deg_naik,90.4,1651.25,80.0
2026-08-10T05:51,J5,60deg_naik,91.6,1651.125,80.0
2026-08-10T05:51,J5,60deg_naik,92.8,1651.375,80.0
2026-08-10T05:51,J5,60deg_naik,93.9,1651.25,80.0
2026-08-10T05:51,J5,60deg_naik,95.1,1685.625,80.0
2026-08-10T05:51,J5,60deg_naik,96.2,1822.5,80.0
2026-08-10T05:51,J5,60deg_naik,97.4,1822.5,80.0
2026-08-10T05:51,J5,60deg_naik,98.6,1856.375,80.0
2026-08-10T05:51,J5,60deg_naik,99.7,1856.25,80.0
2026-08-10T05:51,J5,60deg_naik,100.9,1819.375,80.0
2026-08-10T05:51,J5,60deg_naik,102.0,1838.0,80.0
2026-08-10T05:51,J5,60deg_naik,103.2,1841.25,80.0
2026-08-10T05:51,J5,60deg_naik,104.4,1838.5,80.0
2026-08-10T05:51,J5,60deg_naik,105.5,1799.5,80.0
2026-08-10T05:51,J5,60deg_naik,106.7,1821.875,80.0
2026-08-10T05:51,J5,60deg_naik,107.8,1819.0,80.0
2026-08-10T05:51,J5,60deg_naik,109.0,1792.75,80.0
2026-08-10T05:51,J5,60deg_naik,110.2,1800.75,80.0
2026-08-10T05:51,J5,60deg_naik,111.3,1789.75,80.0
2026-08-10T05:51,J5,60deg_naik,112.5,1797.25,80.0
2026-08-10T05:51,J5,60deg_naik,113.6,1781.875,80.0
2026-08-10T05:51,J5,60deg_naik,114.8,1777.625,80.0
2026-08-10T05:51,J5,60deg_naik,116.0,1788.25,80.0
2026-08-10T05:51,J5,60deg_naik,117.1,1768.25,80.0
2026-08-10T05:51,J5,60deg_naik,118.3,1771.125,80.0
2026-08-10T05:51,J5,60deg_naik,119.4,1778.125,80.0
2026-08-10T05:51,J5,60deg_naik,120.6,1778.125,80.0
2026-08-10T05:51,J5,60deg_naik,121.8,1770.375,80.0
2026-08-10T05:51,J5,60deg_naik,122.9,1761.875,80.0
2026-08-10T05:51,J5,60deg_naik,124.1,1767.125,80.0
2026-08-10T05:51,J5,60deg_naik,125.2,1764.375,80.0
2026-08-10T05:51,J5,60deg_naik,126.4,1770.625,80.0
2026-08-10T05:51,J5,60deg_naik,127.6,1769.25,80.0
2026-08-10T05:51,J5,60deg_naik,128.7,1771.125,80.0
2026-08-10T05:51,J5,60deg_naik,129.9,1773.5,80.0
2026-08-10T05:51,J5,60deg_naik,131.0,1775.125,80.0
2026-08-10T05:51,J5,60deg_naik,132.2,1776.75,80.0
2026-08-10T05:51,J5,60deg_naik,133.4,1775.625,80.0
2026-08-10T05:51,J5,60deg_naik,134.5,1778.375,80.0
2026-08-10T05:51,J5,60deg_naik,135.7,1778.875,80.0
2026-08-10T05:51,J5,60deg_naik,136.8,1777.875,80.0
2026-08-10T05:51,J5,60deg_naik,138.0,1778.25,80.0
2026-08-10T05:51,J5,60deg_naik,139.2,1780.75,80.0
2026-08-10T05:51,J5,60deg_naik,140.3,1781.75,80.0
2026-08-10T05:51,J5,60deg_naik,141.5,1785.125,80.0
2026-08-10T05:51,J5,60deg_naik,142.6,1786.75,80.0
2026-08-10T05:51,J5,60deg_naik,143.8,1786.75,80.0
2026-08-10T05:51,J5,60deg_naik,145.0,1789.0,80.0
2026-08-10T05:51,J5,60deg_naik,146.1,1792.625,80.0
2026-08-10T05:51,J5,60deg_naik,147.3,1788.875,80.0
2026-08-10T05:51,J5,60deg_naik,148.4,1793.875,80.0
2026-08-10T05:51,J5,60deg_naik,149.6,1794.625,80.0
2026-08-10T05:51,J5,60deg_naik,150.8,1798.375,80.0
2026-08-10T05:51,J5,60deg_naik,151.9,1798.875,80.0
2026-08-10T05:51,J5,60deg_naik,153.1,1799.25,80.0
2026-08-10T05:51,J5,60deg_naik,154.2,1804.0,80.0
2026-08-10T05:51,J5,60deg_naik,155.4,1806.75,80.0
2026-08-10T05:51,J5,60deg_naik,156.6,1813.125,80.0
2026-08-10T05:51,J5,60deg_naik,157.7,1817.875,80.0
2026-08-10T05:51,J5,60deg_naik,158.9,1815.875,80.0
2026-08-10T05:51,J5,60deg_naik,160.0,1821.375,80.0
2026-08-10T05:51,J5,60deg_naik,161.2,1823.5,80.0
2026-08-10T05:51,J5,60deg_naik,162.4,1827.625,80.0
2026-08-10T05:51,J5,60deg_naik,163.5,1829.0,80.0
2026-08-10T05:51,J5,60deg_naik,164.7,1830.75,80.0
2026-08-10T05:51,J5,60deg_naik,165.8,1833.5,80.0
2026-08-10T05:51,J5,60deg_naik,167.0,1833.5,80.0
2026-08-10T05:51,J5,60deg_naik,168.2,1836.125,80.0
2026-08-10T05:51,J5,60deg_naik,169.3,1837.875,80.0
2026-08-10T05:51,J5,60deg_naik,170.5,1843.625,80.0
2026-08-10T05:51,J5,60deg_naik,171.6,1844.875,80.0
2026-08-10T05:51,J5,60deg_naik,172.8,1849.75,80.0
2026-08-10T05:51,J5,60deg_naik,174.0,1855.875,80.0
2026-08-10T05:51,J5,60deg_naik,175.1,1858.0,80.0
2026-08-10T05:51,J5,60deg_naik,176.3,1862.125,80.0
2026-08-10T05:51,J5,60deg_naik,177.4,1869.125,80.0
2026-08-10T05:51,J5,60deg_naik,178.6,1874.375,80.0
2026-08-10T05:51,J5,60deg_naik,179.8,1881.625,80.0
2026-08-10T05:51,J5,60deg_naik,180.9,1884.5,80.0
2026-08-10T05:51,J5,60deg_naik,182.1,1886.5,80.0
2026-08-10T05:51,J5,60deg_naik,183.2,1891.0,80.0
2026-08-10T05:51,J5,60deg_naik,184.4,1892.5,80.0
2026-08-10T05:51,J5,60deg_naik,185.6,1898.625,80.0
2026-08-10T05:51,J5,60deg_naik,186.7,1898.125,80.0
2026-08-10T05:51,J5,60deg_naik,187.9,1901.375,80.0
2026-08-10T05:51,J5,60deg_naik,189.0,1903.875,80.0
2026-08-10T05:51,J5,60deg_naik,190.2,1910.625,80.0
2026-08-10T05:51,J5,60deg_naik,191.4,1910.625,80.0
2026-08-10T05:51,J5,60deg_naik,192.5,1918.625,80.0
2026-08-10T05:51,J5,60deg_naik,193.7,1922.25,80.0
2026-08-10T05:51,J5,60deg_naik,194.8,1926.875,80.0
2026-08-10T05:51,J5,60deg_naik,196.0,1930.875,80.0
2026-08-10T05:51,J5,60deg_naik,197.2,1935.75,80.0
2026-08-10T05:51,J5,60deg_naik,198.3,1937.5,80.0
2026-08-10T05:51,J5,60deg_naik,199.5,1941.5,80.0
2026-08-10T05:51,J5,60deg_naik,200.6,1946.0,80.0
2026-08-10T05:51,J5,60deg_naik,201.8,1950.75,80.0
2026-08-10T05:51,J5,60deg_naik,203.0,1954.875,80.0
2026-08-10T05:51,J5,60deg_naik,204.1,1958.875,80.0
2026-08-10T05:51,J5,60deg_naik,205.3,1963.875,80.0
2026-08-10T05:51,J5,60deg_naik,206.4,1971.125,80.0
2026-08-10T05:51,J5,60deg_naik,207.6,1978.375,80.0
2026-08-10T05:51,J5,60deg_naik,208.8,1979.875,80.0
2026-08-10T05:51,J5,60deg_naik,209.9,1984.125,80.0
2026-08-10T05:51,J5,60deg_naik,211.1,1986.375,80.0
2026-08-10T05:51,J5,60deg_naik,212.2,1992.75,80.0
2026-08-10T05:51,J5,60deg_naik,213.4,1999.5,80.0
2026-08-10T05:51,J5,60deg_naik,214.6,1999.5,80.0
2026-08-10T05:51,J5,60deg_naik,215.7,2005.625,80.0
2026-08-10T05:51,J5,60deg_naik,216.9,2009.75,80.0
2026-08-10T05:51,J5,60deg_naik,218.0,2013.875,80.0
2026-08-10T05:51,J5,60deg_naik,219.2,2019.125,80.0
2026-08-10T05:51,J5,60deg_naik,220.4,2022.75,80.0
2026-08-10T05:51,J5,60deg_naik,221.5,2029.0,80.0
2026-08-10T05:51,J5,60deg_naik,222.7,2037.5,80.0
2026-08-10T05:51,J5,60deg_naik,223.8,2043.875,80.0
2026-08-10T05:51,J5,60deg_naik,225.0,2047.625,80.0
2026-08-10T05:51,J5,60deg_naik,226.2,2050.375,80.0
2026-08-10T05:51,J5,60deg_naik,227.3,2055.375,80.0
2026-08-10T05:51,J5,60deg_naik,228.5,2064.75,80.0
2026-08-10T05:51,J5,60deg_naik,229.6,2069.5,80.0
2026-08-10T05:51,J5,60deg_naik,230.8,2074.875,80.0
2026-08-10T05:51,J5,60deg_naik,232.0,2078.75,80.0
2026-08-10T05:51,J5,60deg_naik,233.1,2084.75,80.0
2026-08-10T05:51,J5,60deg_naik,234.3,2090.75,80.0
2026-08-10T05:51,J5,60deg_naik,235.4,2097.0,80.0
2026-08-10T05:51,J5,60deg_naik,236.6,2100.875,80.0
2026-08-10T05:51,J5,60deg_naik,237.8,2100.875,80.0
2026-08-10T05:51,J5,60deg_naik,238.9,2103.875,80.0
2026-08-10T05:51,J5,60deg_naik,240.1,2104.875,80.0
2026-08-10T05:51,J5,60deg_naik,241.2,2106.625,80.0
2026-08-10T05:51,J5,60deg_naik,242.4,2111.0,80.0
2026-08-10T05:51,J5,60deg_naik,243.6,2117.5,80.0
2026-08-10T05:51,J5,60deg_naik,244.7,2124.375,80.0
2026-08-10T05:51,J5,60deg_naik,245.9,2129.125,80.0
2026-08-10T05:51,J5,60deg_naik,247.0,2135.5,80.0
2026-08-10T05:51,J5,60deg_naik,248.2,2141.625,80.0
2026-08-10T05:51,J5,60deg_naik,249.4,2145.375,80.0
2026-08-10T05:51,J5,60deg_naik,250.5,2148.5,80.0
2026-08-10T05:51,J5,60deg_naik,251.7,2151.25,80.0
2026-08-10T05:51,J5,60deg_naik,252.8,2155.125,80.0
2026-08-10T05:51,J5,60deg_naik,254.0,2160.75,80.0
2026-08-10T05:51,J5,60deg_naik,255.2,2166.625,80.0
2026-08-10T05:51,J5,60deg_naik,256.3,2172.75,80.0
2026-08-10T05:51,J5,60deg_naik,257.5,2177.0,80.0
2026-08-10T05:51,J5,60deg_naik,258.6,2181.75,80.0
2026-08-10T05:51,J5,60deg_naik,259.8,2184.75,80.0
2026-08-10T05:51,J5,60deg_naik,261.0,2184.75,80.0
2026-08-10T05:51,J5,60deg_naik,262.1,2187.5,80.0
2026-08-10T05:51,J5,60deg_naik,263.3,2192.5,80.0
2026-08-10T05:51,J5,60deg_naik,264.4,2198.875,80.0
2026-08-10T05:51,J5,60deg_naik,265.6,2205.5,80.0
2026-08-10T05:51,J5,60deg_naik,266.8,2212.75,80.0
2026-08-10T05:51,J5,60deg_naik,267.9,2218.25,80.0
2026-08-10T05:51,J5,60deg_naik,269.1,2224.25,80.0
2026-08-10T05:51,J5,60deg_naik,270.2,2226.375,80.0
2026-08-10T05:51,J5,60deg_naik,271.4,2229.25,80.0
2026-08-10T05:51,J5,60deg_naik,272.6,2234.375,80.0
2026-08-10T05:51,J5,60deg_naik,273.7,2238.375,80.0
2026-08-10T05:51,J5,60deg_naik,274.9,2245.0,80.0
2026-08-10T05:51,J5,60deg_naik,276.0,2251.125,80.0
2026-08-10T05:51,J5,60deg_naik,277.2,2257.5,80.0
2026-08-10T05:51,J5,60deg_naik,278.4,2260.25,80.0
2026-08-10T05:51,J5,60deg_naik,279.5,2266.875,80.0
2026-08-10T05:51,J5,60deg_naik,280.7,2273.125,80.0
2026-08-10T05:51,J5,60deg_naik,281.8,2276.75,80.0
2026-08-10T05:51,J5,60deg_naik,283.0,2280.0,80.0
2026-08-10T05:51,J5,60deg_naik,284.2,2280.0,80.0
2026-08-10T05:51,J5,60deg_naik,285.3,2284.75,80.0
2026-08-10T05:51,J5,60deg_naik,286.5,2289.0,80.0
2026-08-10T05:51,J5,60deg_naik,287.6,2295.25,80.0
2026-08-10T05:51,J5,60deg_naik,288.8,2301.0,80.0
2026-08-10T05:51,J5,60deg_naik,290.0,2305.5,80.0
2026-08-10T05:51,J5,60deg_naik,291.1,2311.75,80.0
2026-08-10T05:51,J5,60deg_naik,292.3,2317.75,80.0
2026-08-10T05:51,J5,60deg_naik,293.4,2325.0,80.0
2026-08-10T05:51,J5,60deg_naik,294.6,2327.625,80.0
2026-08-10T05:51,J5,60deg_naik,295.8,2326.625,80.0
2026-08-10T05:51,J5,60deg_naik,296.9,2332.125,80.0
2026-08-10T05:51,J5,60deg_naik,298.1,2336.375,80.0
2026-08-10T05:51,J5,60deg_naik,299.2,2340.5,80.0
2026-08-10T05:51,J5,60deg_naik,300.4,2344.875,80.0
2026-08-10T05:51,J5,60deg_naik,301.6,2348.0,80.0
2026-08-10T05:51,J5,60deg_naik,302.7,2353.0,80.0
2026-08-10T05:51,J5,60deg_naik,303.9,2356.5,80.0
2026-08-10T05:51,J5,60deg_naik,305.0,2366.25,80.0
2026-08-10T05:51,J5,60deg_naik,306.2,2372.5,80.0
2026-08-10T05:51,J5,60deg_naik,307.4,2372.5,80.0
2026-08-10T05:51,J5,60deg_naik,308.5,2378.25,80.0
2026-08-10T05:51,J5,60deg_naik,309.7,2382.25,80.0
2026-08-10T05:51,J5,60deg_naik,310.8,2385.75,80.0
2026-08-10T05:51,J5,60deg_naik,312.0,2392.75,80.0
2026-08-10T05:51,J5,60deg_naik,313.2,2405.375,80.0
2026-08-10T05:51,J5,60deg_naik,314.3,2417.75,80.0
2026-08-10T05:51,J5,60deg_naik,315.5,2449.0,80.0
2026-08-10T05:51,J5,60deg_naik,316.6,2462.0,80.0
2026-08-10T05:51,J5,60deg_naik,317.8,2488.375,80.0
2026-08-10T05:51,J5,60deg_naik,319.0,2545.875,80.0
2026-08-10T05:51,J5,60deg_naik,320.1,2582.625,80.0
2026-08-10T05:51,J5,60deg_naik,321.3,2591.375,80.0
2026-08-10T05:51,J5,60deg_naik,322.4,2553.5,80.0
2026-08-10T05:51,J5,60deg_naik,323.6,2515.375,80.0
2026-08-10T05:51,J5,60deg_naik,324.8,2434.0,80.0
2026-08-10T05:51,J5,60deg_naik,325.9,2447.625,80.0
2026-08-10T05:51,J5,60deg_naik,327.1,2452.0,80.0
2026-08-10T05:51,J5,60deg_naik,328.2,2458.875,80.0
2026-08-10T05:51,J5,60deg_naik,329.4,2464.375,80.0
2026-08-10T05:51,J5,60deg_naik,330.6,2464.375,80.0
2026-08-10T05:51,J5,60deg_naik,331.7,2508.75,80.0
2026-08-10T05:51,J5,60deg_naik,332.9,2526.625,80.0
2026-08-10T05:51,J5,60deg_naik,334.0,2537.0,80.0
2026-08-10T05:51,J5,60deg_naik,335.2,2550.375,80.0
2026-08-10T05:51,J5,60deg_naik,336.4,2579.125,80.0
2026-08-10T05:51,J5,60deg_naik,337.5,2642.25,80.0
2026-08-10T05:51,J5,60deg_naik,338.7,2585.25,80.0
2026-08-10T05:51,J5,60deg_naik,339.8,2555.0,80.0
2026-08-10T05:51,J5,60deg_naik,341.0,2563.625,80.0
2026-08-10T05:51,J5,60deg_naik,342.2,2550.5,80.0
2026-08-10T05:51,J5,60deg_naik,343.3,2534.625,80.0
2026-08-10T05:51,J5,60deg_naik,344.5,2480.625,80.0
2026-08-10T05:51,J5,60deg_naik,345.6,2500.875,80.0
2026-08-10T05:51,J5,60deg_naik,346.8,2503.625,80.0
2026-08-10T05:51,J5,60deg_naik,348.0,2503.0,80.0
2026-08-10T05:51,J5,60deg_naik,349.1,2507.0,80.0
2026-08-10T05:51,J5,60deg_naik,350.3,2514.375,80.0
2026-08-10T05:51,J5,60deg_naik,351.4,2529.5,80.0
2026-08-10T05:51,J5,60deg_naik,352.6,2552.125,80.0
2026-08-10T05:51,J5,60deg_naik,353.8,2542.875,80.0
2026-08-10T05:51,J5,60deg_naik,354.9,2542.875,80.0
2026-08-10T05:51,J5,60deg_naik,356.1,2539.5,80.0
2026-08-10T05:51,J5,60deg_naik,357.2,2540.5,80.0
2026-08-10T05:51,J5,60deg_naik,358.4,2545.375,80.0
2026-08-10T05:51,J5,60deg_naik,359.6,2550.625,80.0
2026-08-10T05:51,J5,60deg_naik,360.7,2533.5,80.0
2026-08-10T05:51,J5,60deg_naik,361.9,2534.0,80.0
2026-08-10T05:51,J5,60deg_naik,363.0,2536.5,80.0
2026-08-10T05:51,J5,60deg_naik,364.2,2541.5,80.0
2026-08-10T05:51,J5,60deg_naik,365.4,2543.875,80.0
2026-08-10T05:51,J5,60deg_naik,366.5,2549.75,80.0
2026-08-10T05:51,J5,60deg_naik,367.7,2551.5,80.0
2026-08-10T05:51,J5,60deg_naik,368.8,2556.75,80.0
2026-08-10T05:51,J5,60deg_naik,370.0,2587.0,80.0
2026-08-10T05:51,J5,60deg_naik,371.2,2594.0,80.0
2026-08-10T05:51,J5,60deg_naik,372.3,2608.75,80.0
2026-08-10T05:51,J5,60deg_naik,373.5,2589.375,80.0
2026-08-10T05:51,J5,60deg_naik,374.6,2573.0,80.0
2026-08-10T05:51,J5,60deg_naik,375.8,2555.75,80.0
2026-08-10T05:51,J5,60deg_naik,377.0,2555.625,80.0
2026-08-10T05:51,J5,60deg_naik,378.1,2555.625,80.0
2026-08-10T05:51,J5,60deg_naik,379.3,2555.625,80.0
2026-08-10T05:51,J5,60deg_naik,380.4,2547.625,80.0
2026-08-10T05:51,J5,60deg_naik,381.6,2548.5,80.0
2026-08-10T05:51,J5,60deg_naik,382.8,2549.0,80.0
2026-08-10T05:51,J5,60deg_naik,383.9,2548.75,80.0
2026-08-10T05:51,J5,60deg_naik,385.1,2550.0,80.0
2026-08-10T05:51,J5,60deg_naik,386.2,2550.5,80.0
2026-08-10T05:51,J5,60deg_naik,387.4,2550.5,80.0
2026-08-10T05:51,J5,60deg_naik,388.6,2551.125,80.0
2026-08-10T05:51,J5,60deg_naik,389.7,2552.125,80.0
2026-08-10T05:51,J5,60deg_naik,390.9,2553.125,80.0
2026-08-10T05:51,J5,60deg_naik,392.0,2552.625,80.0
2026-08-10T05:51,J5,60deg_naik,393.2,2553.25,80.0
2026-08-10T05:51,J5,60deg_naik,394.4,2554.125,80.0
2026-08-10T05:51,J5,60deg_naik,395.5,2553.75,80.0
2026-08-10T05:51,J5,60deg_naik,396.7,2555.25,80.0
2026-08-10T05:51,J5,60deg_naik,397.8,2555.125,80.0
2026-08-10T05:51,J5,60deg_naik,399.0,2555.25,80.0
2026-08-10T05:51,J5,60deg_naik,400.2,2556.0,80.0
2026-08-10T05:51,J5,60deg_naik,401.3,2556.0,80.0
2026-08-10T05:51,J5,60deg_naik,402.5,2556.75,80.0
2026-08-10T05:51,J5,60deg_naik,403.6,2556.5,80.0
2026-08-10T05:51,J5,60deg_naik,404.8,2556.875,80.0
2026-08-10T05:51,J5,60deg_naik,406.0,2558.5,80.0
2026-08-10T05:51,J5,60deg_naik,407.1,2560.625,80.0
2026-08-10T05:51,J5,60deg_naik,408.3,2561.375,80.0
2026-08-10T05:51,J5,60deg_naik,409.4,2562.0,80.0
2026-08-10T05:51,J5,60deg_naik,410.6,2562.625,80.0
2026-08-10T05:51,J5,60deg_naik,411.8,2562.875,80.0
2026-08-10T05:51,J5,60deg_naik,412.9,2561.5,80.0
2026-08-10T05:51,J5,60deg_naik,414.1,2557.625,80.0
2026-08-10T05:51,J5,60deg_naik,415.2,2558.5,80.0
2026-08-10T05:51,J5,60deg_naik,416.4,2559.25,80.0
2026-08-10T05:51,J5,60deg_naik,417.6,2559.875,80.0
2026-08-10T05:51,J5,60deg_naik,418.7,2560.5,80.0
2026-08-10T05:51,J5,60deg_naik,419.9,2560.875,80.0
2026-08-10T05:51,J5,60deg_naik,421.0,2561.375,80.0
2026-08-10T05:51,J5,60deg_naik,422.2,2561.625,80.0
2026-08-10T05:51,J5,60deg_naik,423.4,2562.0,80.0
2026-08-10T05:51,J5,60deg_naik,424.5,2562.0,80.0
2026-08-10T05:51,J5,60deg_naik,425.7,2562.5,80.0
2026-08-10T05:51,J5,60deg_naik,426.8,2563.0,80.0
2026-08-10T05:51,J5,60deg_naik,428.0,2563.0,80.0
2026-08-10T05:51,J5,60deg_naik,429.2,2563.5,80.0
2026-08-10T05:51,J5,60deg_naik,430.3,2563.75,80.0
2026-08-10T05:51,J5,60deg_naik,431.5,2563.875,80.0
2026-08-10T05:51,J5,60deg_naik,432.6,2564.0,80.0
2026-08-10T05:51,J5,60deg_naik,433.8,2564.375,80.0
2026-08-10T05:51,J5,60deg_naik,435.0,2564.875,80.0
2026-08-10T05:51,J5,60deg_naik,436.1,2565.375,80.0
2026-08-10T05:51,J5,60deg_naik,437.3,2566.0,80.0
2026-08-10T05:51,J5,60deg_naik,438.4,2566.625,80.0
2026-08-10T05:51,J5,60deg_naik,439.6,2566.75,80.0
2026-08-10T05:51,J5,60deg_naik,440.8,2567.125,80.0
2026-08-10T05:51,J5,60deg_naik,441.9,2567.5,80.0
2026-08-10T05:51,J5,60deg_naik,443.1,2567.875,80.0
2026-08-10T05:51,J5,60deg_naik,444.2,2568.375,80.0
2026-08-10T05:51,J5,60deg_naik,445.4,2568.75,80.0
2026-08-10T05:51,J5,60deg_naik,446.6,2569.125,80.0
2026-08-10T05:51,J5,60deg_naik,447.7,2569.125,80.0
2026-08-10T05:51,J5,60deg_naik,448.9,2569.5,80.0
2026-08-10T05:51,J5,60deg_naik,450.0,2569.875,80.0
2026-08-10T05:51,J5,60deg_naik,451.2,2570.125,80.0
2026-08-10T05:51,J5,60deg_naik,452.4,2570.25,80.0
2026-08-10T05:51,J5,60deg_naik,453.5,2570.75,80.0
2026-08-10T05:51,J5,60deg_naik,454.7,2571.0,80.0
2026-08-10T05:51,J5,60deg_naik,455.8,2571.125,80.0
2026-08-10T05:51,J5,60deg_naik,457.0,2571.25,80.0
2026-08-10T05:51,J5,60deg_naik,458.2,2571.5,80.0
2026-08-10T05:51,J5,60deg_naik,459.3,2571.625,80.0
2026-08-10T05:51,J5,60deg_naik,460.5,2571.875,80.0
2026-08-10T05:51,J5,60deg_naik,461.6,2571.75,80.0
2026-08-10T05:51,J5,60deg_naik,462.8,2572.0,80.0
2026-08-10T05:51,J5,60deg_naik,464.0,2571.875,80.0
2026-08-10T05:51,J5,60deg_naik,465.1,2572.25,80.0
2026-08-10T05:51,J5,60deg_naik,466.3,2572.0,80.0
2026-08-10T05:51,J5,60deg_naik,467.4,2572.125,80.0
2026-08-10T05:51,J5,60deg_naik,468.6,2572.25,80.0
2026-08-10T05:51,J5,60deg_naik,469.8,2572.625,80.0
2026-08-10T05:51,J5,60deg_naik,470.9,2572.625,80.0
2026-08-10T05:51,J5,60deg_naik,472.1,2572.5,80.0
2026-08-10T05:51,J5,60deg_naik,473.2,2572.75,80.0
2026-08-10T05:51,J5,60deg_naik,474.4,2572.75,80.0
2026-08-10T05:51,J5,60deg_naik,475.6,2572.75,80.0
2026-08-10T05:51,J5,60deg_naik,476.7,2573.0,80.0
2026-08-10T05:51,J5,60deg_naik,477.9,2573.25,80.0
2026-08-10T05:51,J5,60deg_naik,479.0,2573.5,80.0
2026-08-10T05:51,J5,60deg_naik,480.2,2573.5,80.0
2026-08-10T05:51,J5,60deg_naik,481.4,2573.625,80.0
2026-08-10T05:51,J5,60deg_naik,482.5,2574.125,80.0
2026-08-10T05:51,J5,60deg_naik,483.7,2574.125,80.0
2026-08-10T05:51,J5,60deg_naik,484.8,2574.25,80.0
2026-08-10T05:51,J5,60deg_naik,486.0,2574.75,80.0
2026-08-10T05:51,J5,60deg_naik,487.2,2574.75,80.0
2026-08-10T05:51,J5,60deg_naik,488.3,2575.0,80.0
2026-08-10T05:51,J5,60deg_naik,489.5,2576.875,80.0
2026-08-10T05:51,J5,60deg_naik,490.6,2581.5,80.0
2026-08-10T05:51,J5,60deg_naik,491.8,2582.0,80.0
2026-08-10T05:51,J5,60deg_naik,493.0,2582.0,80.0
2026-08-10T05:51,J5,60deg_naik,494.1,2581.125,80.0
2026-08-10T05:51,J5,60deg_naik,495.3,2581.125,80.0
2026-08-10T05:51,J5,60deg_naik,496.4,2581.875,80.0
2026-08-10T05:51,J5,60deg_naik,497.6,2581.75,80.0
2026-08-10T05:51,J5,60deg_naik,498.8,2581.375,80.0
2026-08-10T05:51,J5,60deg_naik,499.9,2581.0,80.0
2026-08-10T05:51,J5,60deg_naik,501.1,2581.25,80.0
2026-08-10T05:51,J5,60deg_naik,502.2,2581.0,80.0
2026-08-10T05:51,J5,60deg_naik,503.4,2581.375,80.0
2026-08-10T05:51,J5,60deg_naik,504.6,2581.5,80.0
2026-08-10T05:51,J5,60deg_naik,505.7,2581.375,80.0
2026-08-10T05:51,J5,60deg_naik,506.9,2581.125,80.0
2026-08-10T05:51,J5,60deg_naik,508.0,2580.75,80.0
2026-08-10T05:51,J5,60deg_naik,509.2,2580.875,80.0
2026-08-10T05:51,J5,60deg_naik,510.4,2581.0,80.0
2026-08-10T05:51,J5,60deg_naik,511.5,2581.0,80.0
2026-08-10T05:51,J5,60deg_naik,512.7,2580.875,80.0
2026-08-10T05:51,J5,60deg_naik,513.8,2581.25,80.0
2026-08-10T05:51,J5,60deg_naik,515.0,2581.125,80.0
2026-08-10T05:51,J5,60deg_naik,516.2,2580.375,80.0
2026-08-10T05:51,J5,60deg_naik,517.3,2580.625,80.0
2026-08-10T05:51,J5,60deg_naik,518.5,2580.625,80.0
2026-08-10T05:51,J5,60deg_naik,519.6,2580.875,80.0
2026-08-10T05:51,J5,60deg_naik,520.8,2581.5,80.0
2026-08-10T05:51,J5,60deg_naik,522.0,2582.875,80.0
2026-08-10T05:51,J5,60deg_naik,523.1,2581.5,80.0
2026-08-10T05:51,J5,60deg_naik,524.3,2580.875,80.0
2026-08-10T05:51,J5,60deg_naik,525.4,2580.75,80.0
2026-08-10T05:51,J5,60deg_naik,526.6,2581.25,80.0
2026-08-10T05:51,J5,60deg_naik,527.8,2580.875,80.0
2026-08-10T05:51,J5,60deg_naik,528.9,2580.375,80.0
2026-08-10T05:51,J5,60deg_naik,530.1,2580.625,80.0
2026-08-10T05:51,J5,60deg_naik,531.2,2580.5,80.0
2026-08-10T05:51,J5,60deg_naik,532.4,2580.0,80.0
2026-08-10T05:51,J5,60deg_naik,533.6,2580.5,80.0
2026-08-10T05:51,J5,60deg_naik,534.7,2579.625,80.0
2026-08-10T05:51,J5,60deg_naik,535.9,2580.25,80.0
2026-08-10T05:51,J5,60deg_naik,537.0,2579.875,80.0
2026-08-10T05:51,J5,60deg_naik,538.2,2579.25,80.0
2026-08-10T05:51,J5,60deg_naik,539.4,2579.75,80.0
2026-08-10T05:51,J5,60deg_naik,540.5,2579.5,80.0
2026-08-10T05:51,J5,60deg_naik,541.7,2579.5,80.0
2026-08-10T05:51,J5,60deg_naik,542.8,2579.5,80.0
2026-08-10T05:51,J5,60deg_naik,544.0,2579.375,80.0
2026-08-10T05:51,J5,60deg_naik,545.2,2579.75,80.0
2026-08-10T05:51,J5,60deg_naik,546.3,2579.25,80.0
2026-08-10T05:51,J5,60deg_naik,547.5,2578.875,80.0
2026-08-10T05:51,J5,60deg_naik,548.6,2579.5,80.0
2026-08-10T05:51,J5,60deg_naik,549.8,2579.0,80.0
2026-08-10T05:51,J5,60deg_naik,551.0,2578.5,80.0
2026-08-10T05:51,J5,60deg_naik,552.1,2578.25,80.0
2026-08-10T05:51,J5,60deg_naik,553.3,2578.875,80.0
2026-08-10T05:51,J5,60deg_naik,554.4,2579.125,80.0
2026-08-10T05:51,J5,60deg_naik,555.6,2578.75,80.0
2026-08-10T05:51,J5,60deg_naik,556.8,2578.25,80.0
2026-08-10T05:51,J5,60deg_naik,557.9,2578.0,80.0
2026-08-10T05:51,J5,60deg_naik,559.1,2578.875,80.0
2026-08-10T05:51,J5,60deg_naik,560.2,2578.875,80.0
2026-08-10T05:51,J5,60deg_naik,561.4,2578.25,80.0
2026-08-10T05:51,J5,60deg_naik,562.6,2577.875,80.0
2026-08-10T05:51,J5,60deg_naik,563.7,2577.5,80.0
2026-08-10T05:51,J5,60deg_naik,564.9,2577.5,80.0
2026-08-10T05:51,J5,60deg_naik,566.0,2578.25,80.0
2026-08-10T05:51,J5,60deg_naik,567.2,2577.875,80.0
2026-08-10T05:51,J5,60deg_naik,568.4,2577.75,80.0
2026-08-10T05:51,J5,60deg_naik,569.5,2577.375,80.0
2026-08-10T05:51,J5,60deg_naik,570.7,2577.875,80.0
2026-08-10T05:51,J5,60deg_naik,571.8,2577.25,80.0
2026-08-10T05:51,J5,60deg_naik,573.0,2577.5,80.0
2026-08-10T05:51,J5,60deg_naik,574.2,2577.375,80.0
2026-08-10T05:51,J5,60deg_naik,575.3,2578.0,80.0
2026-08-10T05:51,J5,60deg_naik,576.5,2576.875,80.0
2026-08-10T05:51,J5,60deg_naik,577.6,2578.25,80.0
2026-08-10T05:51,J5,60deg_naik,578.8,2577.875,80.0
2026-08-10T05:51,J5,60deg_naik,580.0,2578.125,80.0
2026-08-10T05:51,J5,60deg_naik,581.1,2577.375,80.0
2026-08-10T05:51,J5,60deg_naik,582.3,2577.25,80.0
2026-08-10T05:51,J5,60deg_naik,583.4,2577.5,80.0
2026-08-10T05:51,J5,60deg_naik,584.6,2577.75,80.0
2026-08-10T05:51,J5,60deg_naik,585.8,2578.25,80.0
2026-08-10T05:51,J5,60deg_naik,586.9,2577.375,80.0
2026-08-10T05:51,J5,60deg_naik,588.1,2577.375,80.0
2026-08-10T05:51,J5,60deg_naik,589.2,2578.5,80.0
2026-08-10T05:51,J5,60deg_naik,590.4,2579.0,80.0
2026-08-10T05:51,J5,60deg_naik,591.6,2577.75,80.0
2026-08-10T05:51,J5,60deg_naik,592.7,2577.375,80.0
2026-08-10T05:51,J5,60deg_naik,593.9,2577.5,80.0
2026-08-10T05:51,J5,60deg_naik,595.0,2577.75,80.0
2026-08-10T05:51,J5,60deg_naik,596.2,2577.5,80.0
2026-08-10T05:51,J5,60deg_naik,597.4,2578.25,80.0
2026-08-10T05:51,J5,60deg_naik,598.5,2578.0,80.0
2026-08-10T05:51,J5,60deg_naik,599.7,2577.5,80.0
2026-08-10T05:51,J5,60deg_naik,600.8,2576.625,80.0
2026-08-10T05:51,J5,60deg_naik,602.0,2577.75,80.0
2026-08-10T05:51,J5,60deg_naik,603.2,2577.875,80.0
2026-08-10T05:51,J5,60deg_naik,604.3,2578.25,80.0
2026-08-10T05:51,J5,60deg_naik,605.5,2578.125,80.0
2026-08-10T05:51,J5,60deg_naik,606.6,2578.375,80.0
2026-08-10T05:51,J5,60deg_naik,607.8,2577.75,80.0
2026-08-10T05:51,J5,60deg_naik,609.0,2578.125,80.0
2026-08-10T05:51,J5,60deg_naik,610.1,2577.875,80.0
2026-08-10T05:51,J5,60deg_naik,611.3,2577.875,80.0
2026-08-10T05:51,J5,60deg_naik,612.4,2577.375,80.0
2026-08-10T05:51,J5,60deg_naik,613.6,2577.625,80.0
2026-08-10T05:51,J5,60deg_naik,614.8,2578.0,80.0
2026-08-10T05:51,J5,60deg_naik,615.9,2578.25,80.0
2026-08-10T05:51,J5,60deg_naik,617.1,2578.25,80.0
2026-08-10T05:51,J5,60deg_naik,618.2,2578.0,80.0
2026-08-10T05:51,J5,60deg_naik,619.4,2577.625,80.0
2026-08-10T05:51,J5,60deg_naik,620.6,2578.125,80.0
2026-08-10T05:51,J5,60deg_naik,621.7,2577.75,80.0
2026-08-10T05:51,J5,60deg_naik,622.9,2578.25,80.0
2026-08-10T05:51,J5,60deg_naik,624.0,2578.25,80.0
2026-08-10T05:51,J5,60deg_naik,625.2,2577.875,80.0
2026-08-10T05:51,J5,60deg_naik,626.4,2578.125,80.0
2026-08-10T05:51,J5,60deg_naik,627.5,2578.0,80.0
2026-08-10T05:51,J5,60deg_naik,628.7,2578.375,80.0
2026-08-10T05:51,J5,60deg_naik,629.8,2578.625,80.0
2026-08-10T05:51,J5,60deg_naik,631.0,2578.125,80.0
2026-08-10T05:51,J5,60deg_naik,632.2,2577.5,80.0
2026-08-10T05:51,J5,60deg_naik,633.3,2577.875,80.0
2026-08-10T05:51,J5,60deg_naik,634.5,2577.875,80.0
2026-08-10T05:51,J5,60deg_naik,635.6,2577.75,80.0
2026-08-10T05:51,J5,60deg_naik,636.8,2578.0,80.0
2026-08-10T05:51,J5,60deg_naik,638.0,2577.75,80.0
2026-08-10T05:51,J5,60deg_naik,639.1,2578.5,80.0
2026-08-10T05:51,J5,60deg_naik,640.3,2578.375,80.0
2026-08-10T05:51,J5,60deg_naik,641.4,2577.875,80.0
2026-08-10T05:51,J5,60deg_naik,642.6,2578.125,80.0
2026-08-10T05:51,J5,60deg_naik,643.8,2577.875,80.0
2026-08-10T05:51,J5,60deg_naik,644.9,2577.875,80.0
2026-08-10T05:51,J5,60deg_naik,646.1,2577.875,80.0
2026-08-10T05:51,J5,60deg_naik,647.2,2578.25,80.0
2026-08-10T05:51,J5,60deg_naik,648.4,2577.875,80.0
2026-08-10T05:51,J5,60deg_naik,649.6,2577.625,80.0
2026-08-10T05:51,J5,60deg_naik,650.7,2577.625,80.0
2026-08-10T05:51,J5,60deg_naik,651.9,2577.5,80.0
2026-08-10T05:51,J5,60deg_naik,653.0,2577.375,80.0
2026-08-10T05:51,J5,60deg_naik,654.2,2577.875,80.0
2026-08-10T05:51,J5,60deg_naik,655.4,2577.375,80.0
2026-08-10T05:51,J5,60deg_naik,656.5,2578.0,80.0
2026-08-10T05:51,J5,60deg_naik,657.7,2577.625,80.0
2026-08-10T05:51,J5,60deg_naik,658.8,2577.625,80.0
2026-08-10T05:51,J5,60deg_naik,660.0,2577.875,80.0
2026-08-10T05:51,J5,60deg_naik,661.2,2577.875,80.0
2026-08-10T05:51,J5,60deg_naik,662.3,2578.125,80.0
2026-08-10T05:51,J5,60deg_naik,663.5,2578.0,80.0
2026-08-10T05:51,J5,60deg_naik,664.6,2577.625,80.0
2026-08-10T05:51,J5,60deg_naik,665.8,2578.5,80.0
2026-08-10T05:51,J5,60deg_naik,667.0,2578.125,80.0
2026-08-10T05:51,J5,60deg_naik,668.1,2578.0,80.0
2026-08-10T05:51,J5,60deg_naik,669.3,2578.25,80.0
2026-08-10T05:51,J5,60deg_naik,670.4,2578.5,80.0
2026-08-10T05:51,J5,60deg_naik,671.6,2578.0,80.0
2026-08-10T05:51,J5,60deg_naik,672.8,2577.5,80.0
2026-08-10T05:51,J5,60deg_naik,673.9,2577.625,80.0
2026-08-10T05:51,J5,60deg_naik,675.1,2578.375,80.0
2026-08-10T05:51,J5,60deg_naik,676.2,2578.25,80.0
2026-08-10T05:51,J5,60deg_naik,677.4,2577.875,80.0
2026-08-10T05:51,J5,60deg_naik,678.6,2578.5,80.0
2026-08-10T05:51,J5,60deg_naik,679.7,2577.875,80.0
2026-08-10T05:51,J5,60deg_naik,680.9,2578.5,80.0
2026-08-10T05:51,J5,60deg_naik,682.0,2578.5,80.0
2026-08-10T05:51,J5,60deg_naik,683.2,2578.625,80.0
2026-08-10T05:51,J5,60deg_naik,684.4,2578.125,80.0
2026-08-10T05:51,J5,60deg_naik,685.5,2577.25,80.0
2026-08-10T05:51,J5,60deg_naik,686.7,2577.75,80.0
2026-08-10T05:51,J5,60deg_naik,687.8,2577.625,80.0
2026-08-10T05:51,J5,60deg_naik,689.0,2578.0,80.0
2026-08-10T05:51,J5,60deg_naik,690.2,2578.0,80.0
2026-08-10T05:51,J5,60deg_naik,691.3,2577.875,80.0
2026-08-10T05:51,J5,60deg_naik,692.5,2576.75,80.0
2026-08-10T05:51,J5,60deg_naik,693.6,2576.875,80.0
2026-08-10T05:51,J5,60deg_naik,694.8,2577.25,80.0
2026-08-10T05:51,J5,60deg_naik,696.0,2577.375,80.0
2026-08-10T05:51,J5,60deg_naik,697.1,2577.375,80.0
2026-08-10T05:51,J5,60deg_naik,698.3,2577.5,80.0
2026-08-10T05:51,J5,60deg_naik,699.4,2576.75,80.0
2026-08-10T05:51,J5,60deg_naik,700.6,2577.75,80.0
2026-08-10T05:51,J5,60deg_naik,701.8,2578.0,80.0
2026-08-10T05:51,J5,60deg_naik,702.9,2577.875,80.0
2026-08-10T05:51,J5,60deg_naik,704.1,2578.0,80.0
2026-08-10T05:51,J5,60deg_naik,705.2,2578.0,80.0
2026-08-10T05:51,J5,60deg_naik,706.4,2577.75,80.0
2026-08-10T05:51,J5,60deg_naik,707.6,2577.25,80.0
2026-08-10T05:51,J5,60deg_naik,708.7,2577.875,80.0
2026-08-10T05:51,J5,60deg_naik,709.9,2578.375,80.0
2026-08-10T05:51,J5,60deg_naik,711.0,2578.125,80.0
2026-08-10T05:51,J5,60deg_naik,712.2,2577.25,80.0
2026-08-10T05:51,J5,60deg_naik,713.4,2577.75,80.0
2026-08-10T05:51,J5,60deg_naik,714.5,2578.5,80.0
2026-08-10T05:51,J5,60deg_naik,715.7,2577.5,80.0
2026-08-10T05:51,J5,60deg_naik,716.8,2577.125,80.0
2026-08-10T05:51,J5,60deg_naik,718.0,2577.75,80.0
2026-08-10T05:51,J5,60deg_naik,719.2,2578.0,80.0
2026-08-10T05:51,J5,60deg_naik,720.3,2577.875,80.0
2026-08-10T05:51,J5,60deg_naik,721.5,2577.75,80.0
2026-08-10T05:51,J5,60deg_naik,722.6,2577.25,80.0
2026-08-10T05:51,J5,60deg_naik,723.8,2577.75,80.0
2026-08-10T05:51,J5,60deg_naik,725.0,2577.75,80.0
2026-08-10T05:51,J5,60deg_naik,726.1,2578.0,80.0
2026-08-10T05:51,J5,60deg_naik,727.3,2578.25,80.0
2026-08-10T05:51,J5,60deg_naik,728.4,2578.25,80.0
2026-08-10T05:51,J5,60deg_naik,729.6,2577.625,80.0
2026-08-10T05:51,J5,60deg_naik,730.8,2577.75,80.0
2026-08-10T05:51,J5,60deg_naik,731.9,2578.375,80.0
2026-08-10T05:51,J5,60deg_naik,733.1,2577.75,80.0
2026-08-10T05:51,J5,60deg_naik,734.2,2577.375,80.0
2026-08-10T05:51,J5,60deg_naik,735.4,2577.5,80.0
2026-08-10T05:51,J5,60deg_naik,736.6,2578.125,80.0
2026-08-10T05:51,J5,60deg_naik,737.7,2577.625,80.0
2026-08-10T05:51,J5,60deg_naik,738.9,2576.875,80.0
2026-08-10T05:51,J5,60deg_naik,740.0,2577.625,80.0
2026-08-10T05:51,J5,60deg_naik,741.2,2577.75,80.0
2026-08-10T05:51,J5,60deg_naik,742.4,2577.875,80.0
2026-08-10T05:51,J5,60deg_naik,743.5,2578.125,80.0
2026-08-10T05:51,J5,60deg_naik,744.7,2577.875,80.0
2026-08-10T05:51,J5,60deg_naik,745.8,2578.0,80.0
2026-08-10T05:51,J5,60deg_naik,747.0,2578.125,80.0
2026-08-10T05:51,J5,60deg_naik,748.2,2578.0,80.0
2026-08-10T05:51,J5,60deg_naik,749.3,2578.75,80.0
2026-08-10T05:51,J5,60deg_naik,750.5,2578.375,80.0
2026-08-10T05:51,J5,60deg_naik,751.6,2578.375,80.0
2026-08-10T05:51,J5,60deg_naik,752.8,2577.875,80.0
2026-08-10T05:51,J5,60deg_naik,754.0,2578.25,80.0
2026-08-10T05:51,J5,60deg_naik,755.1,2578.125,80.0
2026-08-10T05:51,J5,60deg_naik,756.3,2578.25,80.0
2026-08-10T05:51,J5,60deg_naik,757.4,2578.0,80.0
2026-08-10T05:51,J5,60deg_naik,758.6,2578.125,80.0
2026-08-10T05:51,J5,60deg_naik,759.8,2578.75,80.0
2026-08-10T05:51,J5,60deg_naik,760.9,2577.375,80.0
2026-08-10T05:51,J5,60deg_naik,762.1,2578.5,80.0
2026-08-10T05:51,J5,60deg_naik,763.2,2577.75,80.0
2026-08-10T05:51,J5,60deg_naik,764.4,2577.375,80.0
2026-08-10T05:51,J5,60deg_naik,765.6,2577.375,80.0
2026-08-10T05:51,J5,60deg_naik,766.7,2577.125,80.0
2026-08-10T05:51,J5,60deg_naik,767.9,2577.125,80.0
2026-08-10T05:51,J5,60deg_naik,769.0,2577.625,80.0
2026-08-10T05:51,J5,60deg_naik,770.2,2577.5,80.0
2026-08-10T05:51,J5,60deg_naik,771.4,2577.625,80.0
2026-08-10T05:51,J5,60deg_naik,772.5,2577.875,80.0
2026-08-10T05:51,J5,60deg_naik,773.7,2577.875,80.0
2026-08-10T05:51,J5,60deg_naik,774.8,2577.875,80.0
2026-08-10T05:51,J5,60deg_naik,776.0,2577.0,80.0
2026-08-10T05:51,J5,60deg_naik,777.2,2577.75,80.0
2026-08-10T05:51,J5,60deg_naik,778.3,2578.125,80.0
2026-08-10T05:51,J5,60deg_naik,779.5,2577.875,80.0
2026-08-10T05:51,J5,60deg_naik,780.6,2577.875,80.0
2026-08-10T05:51,J5,60deg_naik,781.8,2578.25,80.0
2026-08-10T05:51,J5,60deg_naik,783.0,2577.875,80.0
2026-08-10T05:51,J5,60deg_naik,784.1,2577.0,80.0
2026-08-10T05:51,J5,60deg_naik,785.3,2577.625,80.0
2026-08-10T05:51,J5,60deg_naik,786.4,2576.875,80.0
2026-08-10T05:51,J5,60deg_naik,787.6,2576.875,80.0
2026-08-10T05:51,J5,60deg_naik,788.8,2577.25,80.0
2026-08-10T05:51,J5,60deg_naik,789.9,2577.875,80.0
2026-08-10T05:51,J5,60deg_naik,791.1,2578.125,80.0
2026-08-10T05:51,J5,60deg_naik,792.2,2577.125,80.0
2026-08-10T05:51,J5,60deg_naik,793.4,2577.625,80.0
2026-08-10T05:51,J5,60deg_naik,794.6,2578.375,80.0
2026-08-10T05:51,J5,60deg_naik,795.7,2576.875,80.0
2026-08-10T05:51,J5,60deg_naik,796.9,2577.5,80.0
2026-08-10T05:51,J5,60deg_naik,798.0,2577.5,80.0
2026-08-10T05:51,J5,60deg_naik,799.2,2577.375,80.0
2026-08-10T05:51,J5,60deg_naik,800.4,2577.375,80.0
2026-08-10T05:51,J5,60deg_naik,801.5,2577.625,80.0
2026-08-10T05:51,J5,60deg_naik,802.7,2578.25,80.0
2026-08-10T05:51,J5,60deg_naik,803.8,2578.25,80.0
2026-08-10T05:51,J5,60deg_naik,805.0,2578.25,80.0
2026-08-10T05:51,J5,60deg_naik,806.2,2577.75,80.0
2026-08-10T05:51,J5,60deg_naik,807.3,2577.375,80.0
2026-08-10T05:51,J5,60deg_naik,808.5,2577.625,80.0
2026-08-10T05:51,J5,60deg_naik,809.6,2578.0,80.0
2026-08-10T05:51,J5,60deg_naik,810.8,2578.25,80.0
2026-08-10T05:51,J5,60deg_naik,812.0,2577.625,80.0
2026-08-10T05:51,J5,60deg_naik,813.1,2577.875,80.0
2026-08-10T05:51,J5,60deg_naik,814.3,2578.25,80.0
2026-08-10T05:51,J5,60deg_naik,815.4,2577.75,80.0
2026-08-10T05:51,J5,60deg_naik,816.6,2577.875,80.0
2026-08-10T05:51,J5,60deg_naik,817.8,2578.5,80.0
2026-08-10T05:51,J5,60deg_naik,818.9,2578.0,80.0
2026-08-10T05:51,J5,60deg_naik,820.1,2577.875,80.0
2026-08-10T05:51,J5,60deg_naik,821.2,2577.375,80.0
2026-08-10T05:51,J5,60deg_naik,822.4,2577.375,80.0
2026-08-10T05:51,J5,60deg_naik,823.6,2578.0,80.0
2026-08-10T05:51,J5,60deg_naik,824.7,2577.625,80.0
2026-08-10T05:51,J5,60deg_naik,825.9,2577.625,80.0
2026-08-10T05:51,J5,60deg_naik,827.0,2578.0,80.0
2026-08-10T05:51,J5,60deg_naik,828.2,2577.5,80.0
2026-08-10T05:51,J5,60deg_naik,829.4,2578.0,80.0
2026-08-10T05:51,J5,60deg_naik,830.5,2577.875,80.0
2026-08-10T05:51,J5,60deg_naik,831.7,2577.5,80.0
2026-08-10T05:51,J5,60deg_naik,832.8,2577.625,80.0
2026-08-10T05:51,J5,60deg_naik,834.0,2577.75,80.0
2026-08-10T05:51,J5,60deg_naik,835.2,2578.125,80.0
2026-08-10T05:51,J5,60deg_naik,836.3,2577.875,80.0
2026-08-10T05:51,J5,60deg_naik,837.5,2577.875,80.0
2026-08-10T05:51,J5,60deg_naik,838.6,2577.625,80.0
2026-08-10T05:51,J5,60deg_naik,839.8,2577.5,80.0
2026-08-10T05:51,J5,60deg_naik,841.0,2577.875,80.0
2026-08-10T05:51,J5,60deg_naik,842.1,2577.375,80.0
2026-08-10T05:51,J5,60deg_naik,843.3,2577.0,80.0
2026-08-10T05:51,J5,60deg_naik,844.4,2577.25,80.0
2026-08-10T05:51,J5,60deg_naik,845.6,2577.25,80.0
2026-08-10T05:51,J5,60deg_naik,846.8,2577.75,80.0
2026-08-10T05:51,J5,60deg_naik,847.9,2577.625,80.0
2026-08-10T05:51,J5,60deg_naik,849.1,2577.875,80.0
2026-08-10T05:51,J5,60deg_naik,850.2,2578.125,80.0
2026-08-10T05:51,J5,60deg_naik,851.4,2577.5,80.0
2026-08-10T05:51,J5,60deg_naik,852.6,2577.625,80.0
2026-08-10T05:51,J5,60deg_naik,853.7,2578.25,80.0
2026-08-10T05:51,J5,60deg_naik,854.9,2577.75,80.0
2026-08-10T05:51,J5,60deg_naik,856.0,2578.125,80.0
2026-08-10T05:51,J5,60deg_naik,857.2,2577.25,80.0
2026-08-10T05:51,J5,60deg_naik,858.4,2578.25,80.0
2026-08-10T05:51,J5,60deg_naik,859.5,2578.125,80.0
2026-08-10T05:51,J5,60deg_naik,860.7,2577.875,80.0
2026-08-10T05:51,J5,60deg_naik,861.8,2577.25,80.0
2026-08-10T05:51,J5,60deg_naik,863.0,2577.5,80.0
2026-08-10T05:51,J5,60deg_naik,864.2,2577.375,80.0
2026-08-10T05:51,J5,60deg_naik,865.3,2577.375,80.0
2026-08-10T05:51,J5,60deg_naik,866.5,2578.375,80.0
2026-08-10T05:51,J5,60deg_naik,867.6,2578.875,80.0
2026-08-10T05:51,J5,60deg_naik,868.8,2578.875,80.0
2026-08-10T05:51,J5,60deg_naik,870.0,2577.5,80.0
2026-08-10T05:51,J5,60deg_naik,871.1,2577.375,80.0
2026-08-10T05:51,J5,60deg_naik,872.3,2577.625,80.0
2026-08-10T05:51,J5,60deg_naik,873.4,2576.875,80.0
2026-08-10T05:51,J5,60deg_naik,874.6,2577.875,80.0
2026-08-10T05:51,J5,60deg_naik,875.8,2577.625,80.0
2026-08-10T05:51,J5,60deg_naik,876.9,2578.125,80.0
2026-08-10T05:51,J5,60deg_naik,878.1,2577.5,80.0
2026-08-10T05:51,J5,60deg_naik,879.2,2577.75,80.0
2026-08-10T05:51,J5,60deg_naik,880.4,2577.75,80.0
2026-08-10T05:51,J5,60deg_naik,881.6,2577.5,80.0
2026-08-10T05:51,J5,60deg_naik,882.7,2578.125,80.0
2026-08-10T05:51,J5,60deg_naik,883.9,2578.0,80.0
2026-08-10T05:51,J5,60deg_naik,885.0,2577.875,80.0
2026-08-10T05:51,J5,60deg_naik,886.2,2578.125,80.0
2026-08-10T05:51,J5,60deg_naik,887.4,2578.25,80.0
2026-08-10T05:51,J5,60deg_naik,888.5,2577.375,80.0
2026-08-10T05:51,J5,60deg_naik,889.7,2579.125,80.0
2026-08-10T05:51,J5,60deg_naik,890.8,2577.75,80.0
2026-08-10T05:51,J5,60deg_naik,892.0,2577.75,80.0
2026-08-10T05:51,J5,60deg_naik,893.2,2577.5,80.0
2026-08-10T05:51,J5,60deg_naik,894.3,2577.625,80.0
2026-08-10T05:51,J5,60deg_naik,895.5,2577.875,80.0
2026-08-10T05:51,J5,60deg_naik,896.6,2577.5,80.0
2026-08-10T05:51,J5,60deg_naik,897.8,2577.625,80.0
2026-08-10T05:51,J5,60deg_naik,899.0,2577.75,80.0
2026-08-10T05:51,J5,60deg_naik,900.1,2578.125,80.0
2026-08-10T05:51,J5,60deg_naik,901.3,2578.375,80.0
2026-08-10T05:51,J5,60deg_naik,902.4,2578.125,80.0
2026-08-10T05:51,J5,60deg_naik,903.6,2578.0,80.0
2026-08-10T05:51,J5,60deg_naik,904.8,2578.0,80.0
2026-08-10T05:51,J5,60deg_naik,905.9,2577.375,80.0
2026-08-10T05:51,J5,60deg_naik,907.1,2577.75,80.0
2026-08-10T05:51,J5,60deg_naik,908.2,2578.0,80.0
2026-08-10T05:51,J5,60deg_naik,909.4,2577.0,80.0
2026-08-10T05:51,J5,60deg_naik,910.6,2577.25,80.0
2026-08-10T05:51,J5,60deg_naik,911.7,2578.0,80.0
2026-08-10T05:51,J5,60deg_naik,912.9,2577.25,80.0
2026-08-10T05:51,J5,60deg_naik,914.0,2577.75,80.0
2026-08-10T05:51,J5,60deg_naik,915.2,2577.75,80.0
2026-08-10T05:51,J5,60deg_naik,916.4,2578.0,80.0
2026-08-10T05:51,J5,60deg_naik,917.5,2577.625,80.0
2026-08-10T05:51,J5,60deg_naik,918.7,2578.0,80.0
2026-08-10T05:51,J5,60deg_naik,919.8,2578.0,80.0
2026-08-10T05:51,J5,60deg_naik,921.0,2577.75,80.0
2026-08-10T05:51,J5,60deg_naik,922.2,2577.875,80.0
2026-08-10T05:51,J5,60deg_naik,923.3,2577.5,80.0
2026-08-10T05:51,J5,60deg_naik,924.5,2577.5,80.0
2026-08-10T05:51,J5,60deg_naik,925.6,2578.0,80.0
2026-08-10T05:51,J5,60deg_naik,926.8,2577.25,80.0
2026-08-10T05:51,J5,60deg_naik,928.0,2577.875,80.0
2026-08-10T05:51,J5,60deg_naik,929.1,2577.875,80.0
2026-08-10T05:51,J5,60deg_naik,930.3,2577.5,80.0
2026-08-10T05:51,J5,60deg_naik,931.4,2577.75,80.0
2026-08-10T05:51,J5,60deg_naik,932.6,2578.25,80.0
2026-08-10T05:51,J5,60deg_naik,933.8,2578.5,80.0
2026-08-10T05:51,J5,60deg_naik,934.9,2577.25,80.0
2026-08-10T05:51,J5,60deg_naik,936.1,2577.75,80.0
2026-08-10T05:51,J5,60deg_naik,937.2,2577.5,80.0
2026-08-10T05:51,J5,60deg_naik,938.4,2577.5,80.0
2026-08-10T05:51,J5,60deg_naik,939.6,2577.0,80.0
2026-08-10T05:51,J5,60deg_naik,940.7,2577.0,80.0
2026-08-10T05:51,J5,60deg_naik,941.9,2577.125,80.0
2026-08-10T05:51,J5,60deg_naik,943.0,2578.125,80.0
2026-08-10T05:51,J5,60deg_naik,944.2,2578.125,80.0
2026-08-10T05:51,J5,60deg_naik,945.4,2577.5,80.0
2026-08-10T05:51,J5,60deg_naik,946.5,2577.875,80.0
2026-08-10T05:51,J5,60deg_naik,947.7,2577.625,80.0
2026-08-10T05:51,J5,60deg_naik,948.8,2577.375,80.0
2026-08-10T05:51,J5,60deg_naik,950.0,2577.375,80.0
2026-08-10T05:51,J5,60deg_naik,951.2,2577.5,80.0
2026-08-10T05:51,J5,60deg_naik,952.3,2577.75,80.0
2026-08-10T05:51,J5,60deg_naik,953.5,2577.375,80.0
2026-08-10T05:51,J5,60deg_naik,954.6,2577.625,80.0
2026-08-10T05:51,J5,60deg_naik,955.8,2577.75,80.0
2026-08-10T05:51,J5,60deg_naik,957.0,2578.125,80.0
2026-08-10T05:51,J5,60deg_naik,958.1,2577.625,80.0
2026-08-10T05:51,J5,60deg_naik,959.3,2577.75,80.0
2026-08-10T05:51,J5,60deg_naik,960.4,2577.75,80.0
2026-08-10T05:51,J5,60deg_naik,961.6,2578.25,80.0
2026-08-10T05:51,J5,60deg_naik,962.8,2578.25,80.0
2026-08-10T05:51,J5,60deg_naik,963.9,2578.25,80.0
2026-08-10T05:51,J5,60deg_naik,965.1,2578.125,80.0
2026-08-10T05:51,J5,60deg_naik,966.2,2578.5,80.0
2026-08-10T05:51,J5,60deg_naik,967.4,2578.0,80.0
2026-08-10T05:51,J5,60deg_naik,968.6,2578.25,80.0
2026-08-10T05:51,J5,60deg_naik,969.7,2577.375,80.0
2026-08-10T05:51,J5,60deg_naik,970.9,2578.5,80.0
2026-08-10T05:51,J5,60deg_naik,972.0,2577.375,80.0
2026-08-10T05:51,J5,60deg_naik,973.2,2577.5,80.0
2026-08-10T05:51,J5,60deg_naik,974.4,2577.75,80.0
2026-08-10T05:51,J5,60deg_naik,975.5,2577.875,80.0
2026-08-10T05:51,J5,60deg_naik,976.7,2577.5,80.0
2026-08-10T05:51,J5,60deg_naik,977.8,2578.25,80.0
2026-08-10T05:51,J5,60deg_naik,979.0,2577.75,80.0
2026-08-10T05:51,J5,60deg_turun,0.0,1665.75,80.0
2026-08-10T05:51,J5,60deg_turun,1.1,1665.75,80.0
2026-08-10T05:51,J5,60deg_turun,2.3,1665.625,80.0
2026-08-10T05:51,J5,60deg_turun,3.4,1665.375,80.0
2026-08-10T05:51,J5,60deg_turun,4.6,1665.375,80.0
2026-08-10T05:51,J5,60deg_turun,5.8,1665.375,80.0
2026-08-10T05:51,J5,60deg_turun,6.9,1665.5,80.0
2026-08-10T05:51,J5,60deg_turun,8.1,1665.5,80.0
2026-08-10T05:51,J5,60deg_turun,9.2,1665.375,80.0
2026-08-10T05:51,J5,60deg_turun,10.4,1665.5,80.0
2026-08-10T05:51,J5,60deg_turun,11.6,1665.625,80.0
2026-08-10T05:51,J5,60deg_turun,12.7,1665.5,80.0
2026-08-10T05:51,J5,60deg_turun,13.9,1665.75,80.0
2026-08-10T05:51,J5,60deg_turun,15.0,1665.625,80.0
2026-08-10T05:51,J5,60deg_turun,16.2,1665.625,80.0
2026-08-10T05:51,J5,60deg_turun,17.4,1665.5,80.0
2026-08-10T05:51,J5,60deg_turun,18.5,1665.5,80.0
2026-08-10T05:51,J5,60deg_turun,19.7,1665.5,80.0
2026-08-10T05:51,J5,60deg_turun,20.8,1665.625,80.0
2026-08-10T05:51,J5,60deg_turun,22.0,1665.5,80.0
2026-08-10T05:51,J5,60deg_turun,23.2,1665.625,80.0
2026-08-10T05:51,J5,60deg_turun,24.3,1665.25,80.0
2026-08-10T05:51,J5,60deg_turun,25.5,1665.25,80.0
2026-08-10T05:51,J5,60deg_turun,26.6,1665.625,80.0
2026-08-10T05:51,J5,60deg_turun,27.8,1665.5,80.0
2026-08-10T05:51,J5,60deg_turun,29.0,1665.625,80.0
2026-08-10T05:51,J5,60deg_turun,30.1,1665.75,80.0
2026-08-10T05:51,J5,60deg_turun,31.3,1665.625,80.0
2026-08-10T05:51,J5,60deg_turun,32.4,1665.5,80.0
2026-08-10T05:51,J5,60deg_turun,33.6,1665.375,80.0
2026-08-10T05:51,J5,60deg_turun,34.8,1665.75,80.0
2026-08-10T05:51,J5,60deg_turun,35.9,1665.625,80.0
2026-08-10T05:51,J5,60deg_turun,37.1,1665.5,80.0
2026-08-10T05:51,J5,60deg_turun,38.2,1665.5,80.0
2026-08-10T05:51,J5,60deg_turun,39.4,1665.25,80.0
2026-08-10T05:51,J5,60deg_turun,40.6,1665.625,80.0
2026-08-10T05:51,J5,60deg_turun,41.7,1665.625,80.0
2026-08-10T05:51,J5,60deg_turun,42.9,1665.625,80.0
2026-08-10T05:51,J5,60deg_turun,44.0,1665.5,80.0
2026-08-10T05:51,J5,60deg_turun,45.2,1665.25,80.0
2026-08-10T05:51,J5,60deg_turun,46.4,1665.5,80.0
2026-08-10T05:51,J5,60deg_turun,47.5,1665.375,80.0
2026-08-10T05:51,J5,60deg_turun,48.7,1665.375,80.0
2026-08-10T05:51,J5,60deg_turun,49.8,1665.375,80.0
2026-08-10T05:51,J5,60deg_turun,51.0,1665.5,80.0
2026-08-10T05:51,J5,60deg_turun,52.2,1665.5,80.0
2026-08-10T05:51,J5,60deg_turun,53.3,1665.375,80.0
2026-08-10T05:51,J5,60deg_turun,54.5,1665.375,80.0
2026-08-10T05:51,J5,60deg_turun,55.6,1665.5,80.0
2026-08-10T05:51,J5,60deg_turun,56.8,1665.625,80.0
2026-08-10T05:51,J5,60deg_turun,58.0,1665.5,80.0
2026-08-10T05:51,J5,60deg_turun,59.1,1665.625,80.0
2026-08-10T05:51,J5,60deg_turun,60.3,1665.625,80.0
2026-08-10T05:51,J5,60deg_turun,61.4,1665.375,80.0
2026-08-10T05:51,J5,60deg_turun,62.6,1665.25,80.0
2026-08-10T05:51,J5,60deg_turun,63.8,1665.5,80.0
2026-08-10T05:51,J5,60deg_turun,64.9,1665.375,80.0
2026-08-10T05:51,J5,60deg_turun,66.1,1665.375,80.0
2026-08-10T05:51,J5,60deg_turun,67.2,1665.375,80.0
2026-08-10T05:51,J5,60deg_turun,68.4,1665.25,80.0
2026-08-10T05:51,J5,60deg_turun,69.6,1665.5,80.0
2026-08-10T05:51,J5,60deg_turun,70.7,1665.5,80.0
2026-08-10T05:51,J5,60deg_turun,71.9,1665.5,80.0
2026-08-10T05:51,J5,60deg_turun,73.0,1665.5,80.0
2026-08-10T05:51,J5,60deg_turun,74.2,1665.375,80.0
2026-08-10T05:51,J5,60deg_turun,75.4,1665.5,80.0
2026-08-10T05:51,J5,60deg_turun,76.5,1665.25,80.0
2026-08-10T05:51,J5,60deg_turun,77.7,1665.625,80.0
2026-08-10T05:51,J5,60deg_turun,78.8,1665.625,80.0
2026-08-10T05:51,J5,60deg_turun,80.0,1665.375,80.0
2026-08-10T05:51,J5,60deg_turun,81.2,1665.375,80.0
2026-08-10T05:51,J5,60deg_turun,82.3,1665.375,80.0
2026-08-10T05:51,J5,60deg_turun,83.5,1665.375,80.0
2026-08-10T05:51,J5,60deg_turun,84.6,1665.5,80.0
2026-08-10T05:51,J5,60deg_turun,85.8,1705.0,80.0
2026-08-10T05:51,J5,60deg_turun,87.0,1842.375,80.0
2026-08-10T05:51,J5,60deg_turun,88.1,1874.75,80.0
2026-08-10T05:51,J5,60deg_turun,89.3,1876.875,80.0
2026-08-10T05:51,J5,60deg_turun,90.4,1868.75,80.0
2026-08-10T05:51,J5,60deg_turun,91.6,1832.5,80.0
2026-08-10T05:51,J5,60deg_turun,92.8,1853.75,80.0
2026-08-10T05:51,J5,60deg_turun,93.9,1854.625,80.0
2026-08-10T05:51,J5,60deg_turun,95.1,1854.625,80.0
2026-08-10T05:51,J5,60deg_turun,96.2,1827.125,80.0
2026-08-10T05:51,J5,60deg_turun,97.4,1828.0,80.0
2026-08-10T05:51,J5,60deg_turun,98.6,1838.25,80.0
2026-08-10T05:51,J5,60deg_turun,99.7,1813.875,80.0
2026-08-10T05:51,J5,60deg_turun,100.9,1819.625,80.0
2026-08-10T05:51,J5,60deg_turun,102.0,1799.625,80.0
2026-08-10T05:51,J5,60deg_turun,103.2,1808.625,80.0
2026-08-10T05:51,J5,60deg_turun,104.4,1796.0,80.0
2026-08-10T05:51,J5,60deg_turun,105.5,1800.125,80.0
2026-08-10T05:51,J5,60deg_turun,106.7,1775.875,80.0
2026-08-10T05:51,J5,60deg_turun,107.8,1789.5,80.0
2026-08-10T05:51,J5,60deg_turun,109.0,1779.875,80.0
2026-08-10T05:51,J5,60deg_turun,110.2,1759.875,80.0
2026-08-10T05:51,J5,60deg_turun,111.3,1768.375,80.0
2026-08-10T05:51,J5,60deg_turun,112.5,1764.25,80.0
2026-08-10T05:51,J5,60deg_turun,113.6,1753.75,80.0
2026-08-10T05:51,J5,60deg_turun,114.8,1751.0,80.0
2026-08-10T05:51,J5,60deg_turun,116.0,1744.375,80.0
2026-08-10T05:51,J5,60deg_turun,117.1,1745.75,80.0
2026-08-10T05:51,J5,60deg_turun,118.3,1745.75,80.0
2026-08-10T05:51,J5,60deg_turun,119.4,1732.75,80.0
2026-08-10T05:51,J5,60deg_turun,120.6,1731.375,80.0
2026-08-10T05:51,J5,60deg_turun,121.8,1721.5,80.0
2026-08-10T05:51,J5,60deg_turun,122.9,1715.125,80.0
2026-08-10T05:51,J5,60deg_turun,124.1,1717.375,80.0
2026-08-10T05:51,J5,60deg_turun,125.2,1710.25,80.0
2026-08-10T05:51,J5,60deg_turun,126.4,1711.875,80.0
2026-08-10T05:51,J5,60deg_turun,127.6,1702.875,80.0
2026-08-10T05:51,J5,60deg_turun,128.7,1703.25,80.0
2026-08-10T05:51,J5,60deg_turun,129.9,1696.375,80.0
2026-08-10T05:51,J5,60deg_turun,131.0,1694.5,80.0
2026-08-10T05:51,J5,60deg_turun,132.2,1684.875,80.0
2026-08-10T05:51,J5,60deg_turun,133.4,1682.875,80.0
2026-08-10T05:51,J5,60deg_turun,134.5,1674.5,80.0
2026-08-10T05:51,J5,60deg_turun,135.7,1671.75,80.0
2026-08-10T05:51,J5,60deg_turun,136.8,1664.375,80.0
2026-08-10T05:51,J5,60deg_turun,138.0,1660.875,80.0
2026-08-10T05:51,J5,60deg_turun,139.2,1657.25,80.0
2026-08-10T05:51,J5,60deg_turun,140.3,1648.375,80.0
2026-08-10T05:51,J5,60deg_turun,141.5,1648.375,80.0
2026-08-10T05:51,J5,60deg_turun,142.6,1645.5,80.0
2026-08-10T05:51,J5,60deg_turun,143.8,1640.875,80.0
2026-08-10T05:51,J5,60deg_turun,145.0,1641.75,80.0
2026-08-10T05:51,J5,60deg_turun,146.1,1633.5,80.0
2026-08-10T05:51,J5,60deg_turun,147.3,1630.75,80.0
2026-08-10T05:51,J5,60deg_turun,148.4,1625.625,80.0
2026-08-10T05:51,J5,60deg_turun,149.6,1615.375,80.0
2026-08-10T05:51,J5,60deg_turun,150.8,1614.125,80.0
2026-08-10T05:51,J5,60deg_turun,151.9,1608.875,80.0
2026-08-10T05:51,J5,60deg_turun,153.1,1602.375,80.0
2026-08-10T05:51,J5,60deg_turun,154.2,1598.75,80.0
2026-08-10T05:51,J5,60deg_turun,155.4,1594.875,80.0
2026-08-10T05:51,J5,60deg_turun,156.6,1593.25,80.0
2026-08-10T05:51,J5,60deg_turun,157.7,1585.5,80.0
2026-08-10T05:51,J5,60deg_turun,158.9,1575.25,80.0
2026-08-10T05:51,J5,60deg_turun,160.0,1572.75,80.0
2026-08-10T05:51,J5,60deg_turun,161.2,1567.875,80.0
2026-08-10T05:51,J5,60deg_turun,162.4,1559.375,80.0
2026-08-10T05:51,J5,60deg_turun,163.5,1560.125,80.0
2026-08-10T05:51,J5,60deg_turun,164.7,1556.0,80.0
2026-08-10T05:51,J5,60deg_turun,165.8,1556.0,80.0
2026-08-10T05:51,J5,60deg_turun,167.0,1549.625,80.0
2026-08-10T05:51,J5,60deg_turun,168.2,1545.75,80.0
2026-08-10T05:51,J5,60deg_turun,169.3,1541.5,80.0
2026-08-10T05:51,J5,60deg_turun,170.5,1531.25,80.0
2026-08-10T05:51,J5,60deg_turun,171.6,1532.0,80.0
2026-08-10T05:51,J5,60deg_turun,172.8,1527.125,80.0
2026-08-10T05:51,J5,60deg_turun,174.0,1520.0,80.0
2026-08-10T05:51,J5,60deg_turun,175.1,1520.0,80.0
2026-08-10T05:51,J5,60deg_turun,176.3,1512.5,80.0
2026-08-10T05:51,J5,60deg_turun,177.4,1507.625,80.0
2026-08-10T05:51,J5,60deg_turun,178.6,1504.875,80.0
2026-08-10T05:51,J5,60deg_turun,179.8,1497.625,80.0
2026-08-10T05:51,J5,60deg_turun,180.9,1492.375,80.0
2026-08-10T05:51,J5,60deg_turun,182.1,1483.75,80.0
2026-08-10T05:51,J5,60deg_turun,183.2,1481.875,80.0
2026-08-10T05:51,J5,60deg_turun,184.4,1474.875,80.0
2026-08-10T05:51,J5,60deg_turun,185.6,1471.5,80.0
2026-08-10T05:51,J5,60deg_turun,186.7,1465.625,80.0
2026-08-10T05:51,J5,60deg_turun,187.9,1460.75,80.0
2026-08-10T05:51,J5,60deg_turun,189.0,1460.75,80.0
2026-08-10T05:51,J5,60deg_turun,190.2,1458.625,80.0
2026-08-10T05:51,J5,60deg_turun,191.4,1451.75,80.0
2026-08-10T05:51,J5,60deg_turun,192.5,1449.0,80.0
2026-08-10T05:51,J5,60deg_turun,193.7,1442.0,80.0
2026-08-10T05:51,J5,60deg_turun,194.8,1437.875,80.0
2026-08-10T05:51,J5,60deg_turun,196.0,1428.875,80.0
2026-08-10T05:51,J5,60deg_turun,197.2,1427.875,80.0
2026-08-10T05:51,J5,60deg_turun,198.3,1418.375,80.0
2026-08-10T05:51,J5,60deg_turun,199.5,1413.0,80.0
2026-08-10T05:51,J5,60deg_turun,200.6,1404.25,80.0
2026-08-10T05:51,J5,60deg_turun,201.8,1400.875,80.0
2026-08-10T05:51,J5,60deg_turun,203.0,1393.25,80.0
2026-08-10T05:51,J5,60deg_turun,204.1,1390.375,80.0
2026-08-10T05:51,J5,60deg_turun,205.3,1385.75,80.0
2026-08-10T05:51,J5,60deg_turun,206.4,1382.125,80.0
2026-08-10T05:51,J5,60deg_turun,207.6,1377.125,80.0
2026-08-10T05:51,J5,60deg_turun,208.8,1370.125,80.0
2026-08-10T05:51,J5,60deg_turun,209.9,1364.0,80.0
2026-08-10T05:51,J5,60deg_turun,211.1,1356.875,80.0
2026-08-10T05:51,J5,60deg_turun,212.2,1356.875,80.0
2026-08-10T05:51,J5,60deg_turun,213.4,1351.25,80.0
2026-08-10T05:51,J5,60deg_turun,214.6,1345.0,80.0
2026-08-10T05:51,J5,60deg_turun,215.7,1343.375,80.0
2026-08-10T05:51,J5,60deg_turun,216.9,1338.125,80.0
2026-08-10T05:51,J5,60deg_turun,218.0,1331.625,80.0
2026-08-10T05:51,J5,60deg_turun,219.2,1326.625,80.0
2026-08-10T05:51,J5,60deg_turun,220.4,1317.0,80.0
2026-08-10T05:51,J5,60deg_turun,221.5,1312.0,80.0
2026-08-10T05:51,J5,60deg_turun,222.7,1305.0,80.0
2026-08-10T05:51,J5,60deg_turun,223.8,1296.5,80.0
2026-08-10T05:51,J5,60deg_turun,225.0,1293.625,80.0
2026-08-10T05:51,J5,60deg_turun,226.2,1288.75,80.0
2026-08-10T05:51,J5,60deg_turun,227.3,1286.125,80.0
2026-08-10T05:51,J5,60deg_turun,228.5,1281.375,80.0
2026-08-10T05:51,J5,60deg_turun,229.6,1272.625,80.0
2026-08-10T05:51,J5,60deg_turun,230.8,1266.5,80.0
2026-08-10T05:51,J5,60deg_turun,232.0,1261.0,80.0
2026-08-10T05:51,J5,60deg_turun,233.1,1255.125,80.0
2026-08-10T05:51,J5,60deg_turun,234.3,1247.75,80.0
2026-08-10T05:51,J5,60deg_turun,235.4,1247.75,80.0
2026-08-10T05:51,J5,60deg_turun,236.6,1237.75,80.0
2026-08-10T05:51,J5,60deg_turun,237.8,1231.75,80.0
2026-08-10T05:51,J5,60deg_turun,238.9,1227.5,80.0
2026-08-10T05:51,J5,60deg_turun,240.1,1222.625,80.0
2026-08-10T05:51,J5,60deg_turun,241.2,1219.25,80.0
2026-08-10T05:51,J5,60deg_turun,242.4,1215.0,80.0
2026-08-10T05:51,J5,60deg_turun,243.6,1208.75,80.0
2026-08-10T05:51,J5,60deg_turun,244.7,1206.125,80.0
2026-08-10T05:51,J5,60deg_turun,245.9,1202.75,80.0
2026-08-10T05:51,J5,60deg_turun,247.0,1199.625,80.0
2026-08-10T05:51,J5,60deg_turun,248.2,1193.125,80.0
2026-08-10T05:51,J5,60deg_turun,249.4,1184.375,80.0
2026-08-10T05:51,J5,60deg_turun,250.5,1179.0,80.0
2026-08-10T05:51,J5,60deg_turun,251.7,1175.75,80.0
2026-08-10T05:51,J5,60deg_turun,252.8,1171.375,80.0
2026-08-10T05:51,J5,60deg_turun,254.0,1164.75,80.0
2026-08-10T05:51,J5,60deg_turun,255.2,1158.5,80.0
2026-08-10T05:51,J5,60deg_turun,256.3,1152.875,80.0
2026-08-10T05:51,J5,60deg_turun,257.5,1143.875,80.0
2026-08-10T05:51,J5,60deg_turun,258.6,1143.875,80.0
2026-08-10T05:51,J5,60deg_turun,259.8,1137.75,80.0
2026-08-10T05:51,J5,60deg_turun,261.0,1130.5,80.0
2026-08-10T05:51,J5,60deg_turun,262.1,1124.75,80.0
2026-08-10T05:51,J5,60deg_turun,263.3,1123.125,80.0
2026-08-10T05:51,J5,60deg_turun,264.4,1117.375,80.0
2026-08-10T05:51,J5,60deg_turun,265.6,1109.25,80.0
2026-08-10T05:51,J5,60deg_turun,266.8,1105.5,80.0
2026-08-10T05:51,J5,60deg_turun,267.9,1099.375,80.0
2026-08-10T05:51,J5,60deg_turun,269.1,1093.375,80.0
2026-08-10T05:51,J5,60deg_turun,270.2,1086.5,80.0
2026-08-10T05:51,J5,60deg_turun,271.4,1083.25,80.0
2026-08-10T05:51,J5,60deg_turun,272.6,1078.625,80.0
2026-08-10T05:51,J5,60deg_turun,273.7,1074.625,80.0
2026-08-10T05:51,J5,60deg_turun,274.9,1069.125,80.0
2026-08-10T05:51,J5,60deg_turun,276.0,1062.5,80.0
2026-08-10T05:51,J5,60deg_turun,277.2,1056.875,80.0
2026-08-10T05:51,J5,60deg_turun,278.4,1053.125,80.0
2026-08-10T05:51,J5,60deg_turun,279.5,1049.625,80.0
2026-08-10T05:51,J5,60deg_turun,280.7,1041.5,80.0
2026-08-10T05:51,J5,60deg_turun,281.8,1041.5,80.0
2026-08-10T05:51,J5,60deg_turun,283.0,1032.25,80.0
2026-08-10T05:51,J5,60deg_turun,284.2,1024.0,80.0
2026-08-10T05:51,J5,60deg_turun,285.3,1016.875,80.0
2026-08-10T05:51,J5,60deg_turun,286.5,1002.75,80.0
2026-08-10T05:51,J5,60deg_turun,287.6,996.875,80.0
2026-08-10T05:51,J5,60deg_turun,288.8,993.125,80.0
2026-08-10T05:51,J5,60deg_turun,290.0,988.5,80.0
2026-08-10T05:51,J5,60deg_turun,291.1,985.5,80.0
2026-08-10T05:51,J5,60deg_turun,292.3,982.25,80.0
2026-08-10T05:51,J5,60deg_turun,293.4,977.375,80.0
2026-08-10T05:51,J5,60deg_turun,294.6,970.375,80.0
2026-08-10T05:51,J5,60deg_turun,295.8,960.75,80.0
2026-08-10T05:51,J5,60deg_turun,296.9,956.75,80.0
2026-08-10T05:51,J5,60deg_turun,298.1,950.5,80.0
2026-08-10T05:51,J5,60deg_turun,299.2,942.25,80.0
2026-08-10T05:51,J5,60deg_turun,300.4,938.75,80.0
2026-08-10T05:51,J5,60deg_turun,301.6,933.0,80.0
2026-08-10T05:51,J5,60deg_turun,302.7,929.25,80.0
2026-08-10T05:51,J5,60deg_turun,303.9,923.75,80.0
2026-08-10T05:51,J5,60deg_turun,305.0,923.75,80.0
2026-08-10T05:51,J5,60deg_turun,306.2,919.375,80.0
2026-08-10T05:51,J5,60deg_turun,307.4,916.5,80.0
2026-08-10T05:51,J5,60deg_turun,308.5,910.75,80.0
2026-08-10T05:51,J5,60deg_turun,309.7,904.25,80.0
2026-08-10T05:51,J5,60deg_turun,310.8,900.375,80.0
2026-08-10T05:51,J5,60deg_turun,312.0,914.75,80.0
2026-08-10T05:51,J5,60deg_turun,313.2,897.75,80.0
2026-08-10T05:51,J5,60deg_turun,314.3,889.5,80.0
2026-08-10T05:51,J5,60deg_turun,315.5,931.25,80.0
2026-08-10T05:51,J5,60deg_turun,316.6,955.5,80.0
2026-08-10T05:51,J5,60deg_turun,317.8,998.625,80.0
2026-08-10T05:51,J5,60deg_turun,319.0,927.75,80.0
2026-08-10T05:51,J5,60deg_turun,320.1,917.375,80.0
2026-08-10T05:51,J5,60deg_turun,321.3,976.5,80.0
2026-08-10T05:51,J5,60deg_turun,322.4,951.375,80.0
2026-08-10T05:51,J5,60deg_turun,323.6,926.0,80.0
2026-08-10T05:51,J5,60deg_turun,324.8,1072.25,80.0
2026-08-10T05:51,J5,60deg_turun,325.9,1071.25,80.0
2026-08-10T05:51,J5,60deg_turun,327.1,1049.375,80.0
2026-08-10T05:51,J5,60deg_turun,328.2,998.5,80.0
2026-08-10T05:51,J5,60deg_turun,329.4,998.5,80.0
2026-08-10T05:51,J5,60deg_turun,330.6,979.375,80.0
2026-08-10T05:51,J5,60deg_turun,331.7,893.75,80.0
2026-08-10T05:51,J5,60deg_turun,332.9,859.25,80.0
2026-08-10T05:51,J5,60deg_turun,334.0,823.5,80.0
2026-08-10T05:51,J5,60deg_turun,335.2,857.375,80.0
2026-08-10T05:51,J5,60deg_turun,336.4,850.125,80.0
2026-08-10T05:51,J5,60deg_turun,337.5,829.75,80.0
2026-08-10T05:51,J5,60deg_turun,338.7,832.375,80.0
2026-08-10T05:51,J5,60deg_turun,339.8,830.0,80.0
2026-08-10T05:51,J5,60deg_turun,341.0,829.75,80.0
2026-08-10T05:51,J5,60deg_turun,342.2,824.0,80.0
2026-08-10T05:51,J5,60deg_turun,343.3,809.5,80.0
2026-08-10T05:51,J5,60deg_turun,344.5,829.625,80.0
2026-08-10T05:51,J5,60deg_turun,345.6,846.375,80.0
2026-08-10T05:51,J5,60deg_turun,346.8,843.125,80.0
2026-08-10T05:51,J5,60deg_turun,348.0,833.25,80.0
2026-08-10T05:51,J5,60deg_turun,349.1,813.5,80.0
2026-08-10T05:51,J5,60deg_turun,350.3,797.0,80.0
2026-08-10T05:51,J5,60deg_turun,351.4,790.875,80.0
2026-08-10T05:51,J5,60deg_turun,352.6,790.875,80.0
2026-08-10T05:51,J5,60deg_turun,353.8,792.625,80.0
2026-08-10T05:51,J5,60deg_turun,354.9,792.0,80.0
2026-08-10T05:51,J5,60deg_turun,356.1,792.625,80.0
2026-08-10T05:51,J5,60deg_turun,357.2,801.875,80.0
2026-08-10T05:51,J5,60deg_turun,358.4,802.125,80.0
2026-08-10T05:51,J5,60deg_turun,359.6,799.5,80.0
2026-08-10T05:51,J5,60deg_turun,360.7,782.25,80.0
2026-08-10T05:51,J5,60deg_turun,361.9,779.5,80.0
2026-08-10T05:51,J5,60deg_turun,363.0,776.5,80.0
2026-08-10T05:51,J5,60deg_turun,364.2,798.0,80.0
2026-08-10T05:51,J5,60deg_turun,365.4,827.625,80.0
2026-08-10T05:51,J5,60deg_turun,366.5,858.5,80.0
2026-08-10T05:51,J5,60deg_turun,367.7,866.625,80.0
2026-08-10T05:51,J5,60deg_turun,368.8,844.875,80.0
2026-08-10T05:51,J5,60deg_turun,370.0,868.875,80.0
2026-08-10T05:51,J5,60deg_turun,371.2,879.375,80.0
2026-08-10T05:51,J5,60deg_turun,372.3,813.25,80.0
2026-08-10T05:51,J5,60deg_turun,373.5,805.375,80.0
2026-08-10T05:51,J5,60deg_turun,374.6,801.75,80.0
2026-08-10T05:51,J5,60deg_turun,375.8,801.75,80.0
2026-08-10T05:51,J5,60deg_turun,377.0,763.375,80.0
2026-08-10T05:51,J5,60deg_turun,378.1,762.0,80.0
2026-08-10T05:51,J5,60deg_turun,379.3,762.0,80.0
2026-08-10T05:51,J5,60deg_turun,380.4,762.0,80.0
2026-08-10T05:51,J5,60deg_turun,381.6,762.875,80.0
2026-08-10T05:51,J5,60deg_turun,382.8,762.375,80.0
2026-08-10T05:51,J5,60deg_turun,383.9,763.25,80.0
2026-08-10T05:51,J5,60deg_turun,385.1,762.125,80.0
2026-08-10T05:51,J5,60deg_turun,386.2,762.875,80.0
2026-08-10T05:51,J5,60deg_turun,387.4,763.375,80.0
2026-08-10T05:51,J5,60deg_turun,388.6,762.0,80.0
2026-08-10T05:51,J5,60deg_turun,389.7,762.875,80.0
2026-08-10T05:51,J5,60deg_turun,390.9,762.875,80.0
2026-08-10T05:51,J5,60deg_turun,392.0,762.625,80.0
2026-08-10T05:51,J5,60deg_turun,393.2,761.625,80.0
2026-08-10T05:51,J5,60deg_turun,394.4,760.875,80.0
2026-08-10T05:51,J5,60deg_turun,395.5,761.625,80.0
2026-08-10T05:51,J5,60deg_turun,396.7,761.375,80.0
2026-08-10T05:51,J5,60deg_turun,397.8,761.625,80.0
2026-08-10T05:51,J5,60deg_turun,399.0,761.625,80.0
2026-08-10T05:51,J5,60deg_turun,400.2,761.875,80.0
2026-08-10T05:51,J5,60deg_turun,401.3,760.625,80.0
2026-08-10T05:51,J5,60deg_turun,402.5,761.0,80.0
2026-08-10T05:51,J5,60deg_turun,403.6,761.375,80.0
2026-08-10T05:51,J5,60deg_turun,404.8,760.5,80.0
2026-08-10T05:51,J5,60deg_turun,406.0,760.5,80.0
2026-08-10T05:51,J5,60deg_turun,407.1,760.0,80.0
2026-08-10T05:51,J5,60deg_turun,408.3,759.875,80.0
2026-08-10T05:51,J5,60deg_turun,409.4,759.125,80.0
2026-08-10T05:51,J5,60deg_turun,410.6,758.125,80.0
2026-08-10T05:51,J5,60deg_turun,411.8,758.5,80.0
2026-08-10T05:51,J5,60deg_turun,412.9,758.625,80.0
2026-08-10T05:51,J5,60deg_turun,414.1,758.25,80.0
2026-08-10T05:51,J5,60deg_turun,415.2,757.5,80.0
2026-08-10T05:51,J5,60deg_turun,416.4,756.625,80.0
2026-08-10T05:51,J5,60deg_turun,417.6,751.875,80.0
2026-08-10T05:51,J5,60deg_turun,418.7,751.375,80.0
2026-08-10T05:51,J5,60deg_turun,419.9,751.5,80.0
2026-08-10T05:51,J5,60deg_turun,421.0,751.25,80.0
2026-08-10T05:51,J5,60deg_turun,422.2,751.25,80.0
2026-08-10T05:51,J5,60deg_turun,423.4,751.25,80.0
2026-08-10T05:51,J5,60deg_turun,424.5,750.875,80.0
2026-08-10T05:51,J5,60deg_turun,425.7,750.75,80.0
2026-08-10T05:51,J5,60deg_turun,426.8,750.5,80.0
2026-08-10T05:51,J5,60deg_turun,428.0,750.5,80.0
2026-08-10T05:51,J5,60deg_turun,429.2,750.25,80.0
2026-08-10T05:51,J5,60deg_turun,430.3,749.875,80.0
2026-08-10T05:51,J5,60deg_turun,431.5,749.5,80.0
2026-08-10T05:51,J5,60deg_turun,432.6,749.375,80.0
2026-08-10T05:51,J5,60deg_turun,433.8,749.125,80.0
2026-08-10T05:51,J5,60deg_turun,435.0,749.0,80.0
2026-08-10T05:51,J5,60deg_turun,436.1,748.625,80.0
2026-08-10T05:51,J5,60deg_turun,437.3,748.5,80.0
2026-08-10T05:51,J5,60deg_turun,438.4,748.5,80.0
2026-08-10T05:51,J5,60deg_turun,439.6,748.25,80.0
2026-08-10T05:51,J5,60deg_turun,440.8,747.875,80.0
2026-08-10T05:51,J5,60deg_turun,441.9,747.75,80.0
2026-08-10T05:51,J5,60deg_turun,443.1,747.875,80.0
2026-08-10T05:51,J5,60deg_turun,444.2,747.75,80.0
2026-08-10T05:51,J5,60deg_turun,445.4,747.75,80.0
2026-08-10T05:51,J5,60deg_turun,446.6,747.375,80.0
2026-08-10T05:51,J5,60deg_turun,447.7,747.25,80.0
2026-08-10T05:51,J5,60deg_turun,448.9,747.0,80.0
2026-08-10T05:51,J5,60deg_turun,450.0,746.875,80.0
2026-08-10T05:51,J5,60deg_turun,451.2,746.625,80.0
2026-08-10T05:51,J5,60deg_turun,452.4,746.625,80.0
2026-08-10T05:51,J5,60deg_turun,453.5,746.375,80.0
2026-08-10T05:51,J5,60deg_turun,454.7,746.5,80.0
2026-08-10T05:51,J5,60deg_turun,455.8,746.5,80.0
2026-08-10T05:51,J5,60deg_turun,457.0,746.125,80.0
2026-08-10T05:51,J5,60deg_turun,458.2,746.25,80.0
2026-08-10T05:51,J5,60deg_turun,459.3,746.25,80.0
2026-08-10T05:51,J5,60deg_turun,460.5,746.0,80.0
2026-08-10T05:51,J5,60deg_turun,461.6,746.125,80.0
2026-08-10T05:51,J5,60deg_turun,462.8,746.0,80.0
2026-08-10T05:51,J5,60deg_turun,464.0,745.875,80.0
2026-08-10T05:51,J5,60deg_turun,465.1,746.0,80.0
2026-08-10T05:51,J5,60deg_turun,466.3,745.875,80.0
2026-08-10T05:51,J5,60deg_turun,467.4,745.625,80.0
2026-08-10T05:51,J5,60deg_turun,468.6,745.875,80.0
2026-08-10T05:51,J5,60deg_turun,469.8,745.875,80.0
2026-08-10T05:51,J5,60deg_turun,470.9,745.75,80.0
2026-08-10T05:51,J5,60deg_turun,472.1,745.875,80.0
2026-08-10T05:51,J5,60deg_turun,473.2,745.875,80.0
2026-08-10T05:51,J5,60deg_turun,474.4,745.875,80.0
2026-08-10T05:51,J5,60deg_turun,475.6,745.625,80.0
2026-08-10T05:51,J5,60deg_turun,476.7,745.75,80.0
2026-08-10T05:51,J5,60deg_turun,477.9,745.625,80.0
2026-08-10T05:51,J5,60deg_turun,479.0,745.75,80.0
2026-08-10T05:51,J5,60deg_turun,480.2,745.625,80.0
2026-08-10T05:51,J5,60deg_turun,481.4,745.625,80.0
2026-08-10T05:51,J5,60deg_turun,482.5,745.75,80.0
2026-08-10T05:51,J5,60deg_turun,483.7,745.5,80.0
2026-08-10T05:51,J5,60deg_turun,484.8,745.625,80.0
2026-08-10T05:51,J5,60deg_turun,486.0,745.25,80.0
2026-08-10T05:51,J5,60deg_turun,487.2,745.25,80.0
2026-08-10T05:51,J5,60deg_turun,488.3,745.25,80.0
2026-08-10T05:51,J5,60deg_turun,489.5,745.25,80.0
2026-08-10T05:51,J5,60deg_turun,490.6,745.125,80.0
2026-08-10T05:51,J5,60deg_turun,491.8,745.125,80.0
2026-08-10T05:51,J5,60deg_turun,493.0,745.125,80.0
2026-08-10T05:51,J5,60deg_turun,494.1,745.125,80.0
2026-08-10T05:51,J5,60deg_turun,495.3,745.125,80.0
2026-08-10T05:51,J5,60deg_turun,496.4,744.875,80.0
2026-08-10T05:51,J5,60deg_turun,497.6,745.0,80.0
2026-08-10T05:51,J5,60deg_turun,498.8,744.875,80.0
2026-08-10T05:51,J5,60deg_turun,499.9,745.125,80.0
2026-08-10T05:51,J5,60deg_turun,501.1,745.0,80.0
2026-08-10T05:51,J5,60deg_turun,502.2,745.0,80.0
2026-08-10T05:51,J5,60deg_turun,503.4,745.0,80.0
2026-08-10T05:51,J5,60deg_turun,504.6,744.625,80.0
2026-08-10T05:51,J5,60deg_turun,505.7,744.625,80.0
2026-08-10T05:51,J5,60deg_turun,506.9,744.75,80.0
2026-08-10T05:51,J5,60deg_turun,508.0,744.875,80.0
2026-08-10T05:51,J5,60deg_turun,509.2,744.75,80.0
2026-08-10T05:51,J5,60deg_turun,510.4,744.875,80.0
2026-08-10T05:51,J5,60deg_turun,511.5,744.875,80.0
2026-08-10T05:51,J5,60deg_turun,512.7,745.25,80.0
2026-08-10T05:51,J5,60deg_turun,513.8,745.5,80.0
2026-08-10T05:51,J5,60deg_turun,515.0,745.0,80.0
2026-08-10T05:51,J5,60deg_turun,516.2,745.0,80.0
2026-08-10T05:51,J5,60deg_turun,517.3,744.875,80.0
2026-08-10T05:51,J5,60deg_turun,518.5,744.875,80.0
2026-08-10T05:51,J5,60deg_turun,519.6,745.0,80.0
2026-08-10T05:51,J5,60deg_turun,520.8,745.0,80.0
2026-08-10T05:51,J5,60deg_turun,522.0,744.875,80.0
2026-08-10T05:51,J5,60deg_turun,523.1,744.875,80.0
2026-08-10T05:51,J5,60deg_turun,524.3,744.75,80.0
2026-08-10T05:51,J5,60deg_turun,525.4,744.875,80.0
2026-08-10T05:51,J5,60deg_turun,526.6,745.0,80.0
2026-08-10T05:51,J5,60deg_turun,527.8,744.875,80.0
2026-08-10T05:51,J5,60deg_turun,528.9,744.75,80.0
2026-08-10T05:51,J5,60deg_turun,530.1,744.875,80.0
2026-08-10T05:51,J5,60deg_turun,531.2,744.875,80.0
2026-08-10T05:51,J5,60deg_turun,532.4,744.75,80.0
2026-08-10T05:51,J5,60deg_turun,533.6,744.875,80.0
2026-08-10T05:51,J5,60deg_turun,534.7,744.875,80.0
2026-08-10T05:51,J5,60deg_turun,535.9,744.875,80.0
2026-08-10T05:51,J5,60deg_turun,537.0,744.875,80.0
2026-08-10T05:51,J5,60deg_turun,538.2,744.75,80.0
2026-08-10T05:51,J5,60deg_turun,539.4,744.75,80.0
2026-08-10T05:51,J5,60deg_turun,540.5,744.875,80.0
2026-08-10T05:51,J5,60deg_turun,541.7,744.75,80.0
2026-08-10T05:51,J5,60deg_turun,542.8,744.875,80.0
2026-08-10T05:51,J5,60deg_turun,544.0,744.75,80.0
2026-08-10T05:51,J5,60deg_turun,545.2,744.625,80.0
2026-08-10T05:51,J5,60deg_turun,546.3,744.75,80.0
2026-08-10T05:51,J5,60deg_turun,547.5,744.875,80.0
2026-08-10T05:51,J5,60deg_turun,548.6,744.875,80.0
2026-08-10T05:51,J5,60deg_turun,549.8,744.875,80.0
2026-08-10T05:51,J5,60deg_turun,551.0,744.875,80.0
2026-08-10T05:51,J5,60deg_turun,552.1,744.75,80.0
2026-08-10T05:51,J5,60deg_turun,553.3,744.75,80.0
2026-08-10T05:51,J5,60deg_turun,554.4,744.875,80.0
2026-08-10T05:51,J5,60deg_turun,555.6,745.0,80.0
2026-08-10T05:51,J5,60deg_turun,556.8,745.5,80.0
2026-08-10T05:51,J5,60deg_turun,557.9,745.0,80.0
2026-08-10T05:51,J5,60deg_turun,559.1,745.375,80.0
2026-08-10T05:51,J5,60deg_turun,560.2,745.375,80.0
2026-08-10T05:51,J5,60deg_turun,561.4,745.5,80.0
2026-08-10T05:51,J5,60deg_turun,562.6,745.5,80.0
2026-08-10T05:51,J5,60deg_turun,563.7,745.5,80.0
2026-08-10T05:51,J5,60deg_turun,564.9,745.0,80.0
2026-08-10T05:51,J5,60deg_turun,566.0,745.0,80.0
2026-08-10T05:51,J5,60deg_turun,567.2,744.875,80.0
2026-08-10T05:51,J5,60deg_turun,568.4,744.875,80.0
2026-08-10T05:51,J5,60deg_turun,569.5,745.0,80.0
2026-08-10T05:51,J5,60deg_turun,570.7,745.125,80.0
2026-08-10T05:51,J5,60deg_turun,571.8,745.25,80.0
2026-08-10T05:51,J5,60deg_turun,573.0,745.25,80.0
2026-08-10T05:51,J5,60deg_turun,574.2,744.75,80.0
2026-08-10T05:51,J5,60deg_turun,575.3,744.75,80.0
2026-08-10T05:51,J5,60deg_turun,576.5,744.875,80.0
2026-08-10T05:51,J5,60deg_turun,577.6,744.75,80.0
2026-08-10T05:51,J5,60deg_turun,578.8,744.75,80.0
2026-08-10T05:51,J5,60deg_turun,580.0,744.75,80.0
2026-08-10T05:51,J5,60deg_turun,581.1,745.0,80.0
2026-08-10T05:51,J5,60deg_turun,582.3,744.75,80.0
2026-08-10T05:51,J5,60deg_turun,583.4,744.75,80.0
2026-08-10T05:51,J5,60deg_turun,584.6,744.5,80.0
2026-08-10T05:51,J5,60deg_turun,585.8,744.5,80.0
2026-08-10T05:51,J5,60deg_turun,586.9,744.75,80.0
2026-08-10T05:51,J5,60deg_turun,588.1,744.75,80.0
2026-08-10T05:51,J5,60deg_turun,589.2,744.75,80.0
2026-08-10T05:51,J5,60deg_turun,590.4,744.875,80.0
2026-08-10T05:51,J5,60deg_turun,591.6,744.75,80.0
2026-08-10T05:51,J5,60deg_turun,592.7,744.75,80.0
2026-08-10T05:51,J5,60deg_turun,593.9,744.875,80.0
2026-08-10T05:51,J5,60deg_turun,595.0,744.75,80.0
2026-08-10T05:51,J5,60deg_turun,596.2,744.625,80.0
2026-08-10T05:51,J5,60deg_turun,597.4,744.625,80.0
2026-08-10T05:51,J5,60deg_turun,598.5,744.75,80.0
2026-08-10T05:51,J5,60deg_turun,599.7,744.75,80.0
2026-08-10T05:51,J5,60deg_turun,600.8,744.875,80.0
2026-08-10T05:51,J5,60deg_turun,602.0,744.625,80.0
2026-08-10T05:51,J5,60deg_turun,603.2,744.75,80.0
2026-08-10T05:51,J5,60deg_turun,604.3,744.625,80.0
2026-08-10T05:51,J5,60deg_turun,605.5,745.0,80.0
2026-08-10T05:51,J5,60deg_turun,606.6,744.875,80.0
2026-08-10T05:51,J5,60deg_turun,607.8,744.75,80.0
2026-08-10T05:51,J5,60deg_turun,609.0,744.75,80.0
2026-08-10T05:51,J5,60deg_turun,610.1,744.625,80.0
2026-08-10T05:51,J5,60deg_turun,611.3,744.875,80.0
2026-08-10T05:51,J5,60deg_turun,612.4,744.625,80.0
2026-08-10T05:51,J5,60deg_turun,613.6,744.625,80.0
2026-08-10T05:51,J5,60deg_turun,614.8,744.875,80.0
2026-08-10T05:51,J5,60deg_turun,615.9,744.75,80.0
2026-08-10T05:51,J5,60deg_turun,617.1,744.75,80.0
2026-08-10T05:51,J5,60deg_turun,618.2,744.875,80.0
2026-08-10T05:51,J5,60deg_turun,619.4,744.75,80.0
2026-08-10T05:51,J5,60deg_turun,620.6,744.75,80.0
2026-08-10T05:51,J5,60deg_turun,621.7,744.75,80.0
2026-08-10T05:51,J5,60deg_turun,622.9,744.625,80.0
2026-08-10T05:51,J5,60deg_turun,624.0,744.75,80.0
2026-08-10T05:51,J5,60deg_turun,625.2,744.75,80.0
2026-08-10T05:51,J5,60deg_turun,626.4,744.75,80.0
2026-08-10T05:51,J5,60deg_turun,627.5,744.75,80.0
2026-08-10T05:51,J5,60deg_turun,628.7,744.875,80.0
2026-08-10T05:51,J5,60deg_turun,629.8,744.875,80.0
2026-08-10T05:51,J5,60deg_turun,631.0,744.75,80.0
2026-08-10T05:51,J5,60deg_turun,632.2,744.875,80.0
2026-08-10T05:51,J5,60deg_turun,633.3,744.875,80.0
2026-08-10T05:51,J5,60deg_turun,634.5,744.75,80.0
2026-08-10T05:51,J5,60deg_turun,635.6,744.75,80.0
2026-08-10T05:51,J5,60deg_turun,636.8,744.75,80.0
2026-08-10T05:51,J5,60deg_turun,638.0,744.75,80.0
2026-08-10T05:51,J5,60deg_turun,639.1,744.75,80.0
2026-08-10T05:51,J5,60deg_turun,640.3,744.75,80.0
2026-08-10T05:51,J5,60deg_turun,641.4,744.75,80.0
2026-08-10T05:51,J5,60deg_turun,642.6,744.75,80.0
2026-08-10T05:51,J5,60deg_turun,643.8,744.75,80.0
2026-08-10T05:51,J5,60deg_turun,644.9,744.75,80.0
2026-08-10T05:51,J5,60deg_turun,646.1,744.875,80.0
2026-08-10T05:51,J5,60deg_turun,647.2,744.75,80.0
2026-08-10T05:51,J5,60deg_turun,648.4,744.625,80.0
2026-08-10T05:51,J5,60deg_turun,649.6,744.875,80.0
2026-08-10T05:51,J5,60deg_turun,650.7,744.875,80.0
2026-08-10T05:51,J5,60deg_turun,651.9,744.875,80.0
2026-08-10T05:51,J5,60deg_turun,653.0,744.875,80.0
2026-08-10T05:51,J5,60deg_turun,654.2,744.875,80.0
2026-08-10T05:51,J5,60deg_turun,655.4,744.75,80.0
2026-08-10T05:51,J5,60deg_turun,656.5,744.75,80.0
2026-08-10T05:51,J5,60deg_turun,657.7,744.875,80.0
2026-08-10T05:51,J5,60deg_turun,658.8,744.875,80.0
2026-08-10T05:51,J5,60deg_turun,660.0,744.875,80.0
2026-08-10T05:51,J5,60deg_turun,661.2,744.75,80.0
2026-08-10T05:51,J5,60deg_turun,662.3,744.875,80.0
2026-08-10T05:51,J5,60deg_turun,663.5,744.625,80.0
2026-08-10T05:51,J5,60deg_turun,664.6,744.75,80.0
2026-08-10T05:51,J5,60deg_turun,665.8,744.75,80.0
2026-08-10T05:51,J5,60deg_turun,667.0,744.75,80.0
2026-08-10T05:51,J5,60deg_turun,668.1,744.75,80.0
2026-08-10T05:51,J5,60deg_turun,669.3,744.875,80.0
2026-08-10T05:51,J5,60deg_turun,670.4,744.625,80.0
2026-08-10T05:51,J5,60deg_turun,671.6,744.75,80.0
2026-08-10T05:51,J5,60deg_turun,672.8,744.875,80.0
2026-08-10T05:51,J5,60deg_turun,673.9,744.875,80.0
2026-08-10T05:51,J5,60deg_turun,675.1,744.875,80.0
2026-08-10T05:51,J5,60deg_turun,676.2,744.875,80.0
2026-08-10T05:51,J5,60deg_turun,677.4,744.875,80.0
2026-08-10T05:51,J5,60deg_turun,678.6,744.875,80.0
2026-08-10T05:51,J5,60deg_turun,679.7,744.875,80.0
2026-08-10T05:51,J5,60deg_turun,680.9,745.0,80.0
2026-08-10T05:51,J5,60deg_turun,682.0,744.875,80.0
2026-08-10T05:51,J5,60deg_turun,683.2,744.75,80.0
2026-08-10T05:51,J5,60deg_turun,684.4,744.625,80.0
2026-08-10T05:51,J5,60deg_turun,685.5,744.625,80.0
2026-08-10T05:51,J5,60deg_turun,686.7,744.75,80.0
2026-08-10T05:51,J5,60deg_turun,687.8,744.875,80.0
2026-08-10T05:51,J5,60deg_turun,689.0,744.75,80.0
2026-08-10T05:51,J5,60deg_turun,690.2,744.75,80.0
2026-08-10T05:51,J5,60deg_turun,691.3,744.875,80.0
2026-08-10T05:51,J5,60deg_turun,692.5,744.75,80.0
2026-08-10T05:51,J5,60deg_turun,693.6,744.875,80.0
2026-08-10T05:51,J5,60deg_turun,694.8,744.875,80.0
2026-08-10T05:51,J5,60deg_turun,696.0,744.875,80.0
2026-08-10T05:51,J5,60deg_turun,697.1,744.875,80.0
2026-08-10T05:51,J5,60deg_turun,698.3,744.875,80.0
2026-08-10T05:51,J5,60deg_turun,699.4,744.875,80.0
2026-08-10T05:51,J5,60deg_turun,700.6,744.75,80.0
2026-08-10T05:51,J5,60deg_turun,701.8,744.75,80.0
2026-08-10T05:51,J5,60deg_turun,702.9,744.75,80.0
2026-08-10T05:51,J5,60deg_turun,704.1,744.875,80.0
2026-08-10T05:51,J5,60deg_turun,705.2,744.75,80.0
2026-08-10T05:51,J5,60deg_turun,706.4,744.75,80.0
2026-08-10T05:51,J5,60deg_turun,707.6,744.875,80.0
2026-08-10T05:51,J5,60deg_turun,708.7,744.75,80.0
2026-08-10T05:51,J5,60deg_turun,709.9,744.5,80.0
2026-08-10T05:51,J5,60deg_turun,711.0,744.625,80.0
2026-08-10T05:51,J5,60deg_turun,712.2,744.375,80.0
2026-08-10T05:51,J5,60deg_turun,713.4,744.75,80.0
2026-08-10T05:51,J5,60deg_turun,714.5,744.625,80.0
2026-08-10T05:51,J5,60deg_turun,715.7,744.875,80.0
2026-08-10T05:51,J5,60deg_turun,716.8,744.875,80.0
2026-08-10T05:51,J5,60deg_turun,718.0,744.875,80.0
2026-08-10T05:51,J5,60deg_turun,719.2,744.875,80.0
2026-08-10T05:51,J5,60deg_turun,720.3,744.875,80.0
2026-08-10T05:51,J5,60deg_turun,721.5,744.875,80.0
2026-08-10T05:51,J5,60deg_turun,722.6,744.875,80.0
2026-08-10T05:51,J5,60deg_turun,723.8,744.875,80.0
2026-08-10T05:51,J5,60deg_turun,725.0,744.875,80.0
2026-08-10T05:51,J5,60deg_turun,726.1,744.875,80.0
2026-08-10T05:51,J5,60deg_turun,727.3,744.75,80.0
2026-08-10T05:51,J5,60deg_turun,728.4,744.875,80.0
2026-08-10T05:51,J5,60deg_turun,729.6,744.75,80.0
2026-08-10T05:51,J5,60deg_turun,730.8,744.625,80.0
2026-08-10T05:51,J5,60deg_turun,731.9,744.875,80.0
2026-08-10T05:51,J5,60deg_turun,733.1,744.75,80.0
2026-08-10T05:51,J5,60deg_turun,734.2,745.0,80.0
2026-08-10T05:51,J5,60deg_turun,735.4,745.0,80.0
2026-08-10T05:51,J5,60deg_turun,736.6,744.875,80.0
2026-08-10T05:51,J5,60deg_turun,737.7,745.0,80.0
2026-08-10T05:51,J5,60deg_turun,738.9,744.75,80.0
2026-08-10T05:51,J5,60deg_turun,740.0,744.875,80.0
2026-08-10T05:51,J5,60deg_turun,741.2,744.875,80.0
2026-08-10T05:51,J5,60deg_turun,742.4,745.0,80.0
2026-08-10T05:51,J5,60deg_turun,743.5,744.875,80.0
2026-08-10T05:51,J5,60deg_turun,744.7,744.75,80.0
2026-08-10T05:51,J5,60deg_turun,745.8,744.875,80.0
2026-08-10T05:51,J5,60deg_turun,747.0,745.0,80.0
2026-08-10T05:51,J5,60deg_turun,748.2,744.875,80.0
2026-08-10T05:51,J5,60deg_turun,749.3,744.875,80.0
2026-08-10T05:51,J5,60deg_turun,750.5,744.75,80.0
2026-08-10T05:51,J5,60deg_turun,751.6,745.0,80.0
2026-08-10T05:51,J5,60deg_turun,752.8,744.875,80.0
2026-08-10T05:51,J5,60deg_turun,754.0,745.0,80.0
2026-08-10T05:51,J5,60deg_turun,755.1,745.0,80.0
2026-08-10T05:51,J5,60deg_turun,756.3,744.875,80.0
2026-08-10T05:51,J5,60deg_turun,757.4,745.0,80.0
2026-08-10T05:51,J5,60deg_turun,758.6,744.75,80.0
2026-08-10T05:51,J5,60deg_turun,759.8,744.875,80.0
2026-08-10T05:51,J5,60deg_turun,760.9,745.125,80.0
2026-08-10T05:51,J5,60deg_turun,762.1,745.0,80.0
2026-08-10T05:51,J5,60deg_turun,763.2,744.875,80.0
2026-08-10T05:51,J5,60deg_turun,764.4,744.75,80.0
2026-08-10T05:51,J5,60deg_turun,765.6,744.875,80.0
2026-08-10T05:51,J5,60deg_turun,766.7,745.0,80.0
2026-08-10T05:51,J5,60deg_turun,767.9,745.0,80.0
2026-08-10T05:51,J5,60deg_turun,769.0,745.0,80.0
2026-08-10T05:51,J5,60deg_turun,770.2,744.875,80.0
2026-08-10T05:51,J5,60deg_turun,771.4,744.875,80.0
2026-08-10T05:51,J5,60deg_turun,772.5,744.875,80.0
2026-08-10T05:51,J5,60deg_turun,773.7,744.75,80.0
2026-08-10T05:51,J5,60deg_turun,774.8,745.125,80.0
2026-08-10T05:51,J5,60deg_turun,776.0,745.0,80.0
2026-08-10T05:51,J5,60deg_turun,777.2,744.75,80.0
2026-08-10T05:51,J5,60deg_turun,778.3,745.0,80.0
2026-08-10T05:51,J5,60deg_turun,779.5,744.875,80.0
2026-08-10T05:51,J5,60deg_turun,780.6,745.0,80.0
2026-08-10T05:51,J5,60deg_turun,781.8,744.75,80.0
2026-08-10T05:51,J5,60deg_turun,783.0,744.875,80.0
2026-08-10T05:51,J5,60deg_turun,784.1,745.625,80.0
2026-08-10T05:51,J5,60deg_turun,785.3,744.875,80.0
2026-08-10T05:51,J5,60deg_turun,786.4,744.875,80.0
2026-08-10T05:51,J5,60deg_turun,787.6,744.875,80.0
2026-08-10T05:51,J5,60deg_turun,788.8,745.0,80.0
2026-08-10T05:51,J5,60deg_turun,789.9,744.875,80.0
2026-08-10T05:51,J5,60deg_turun,791.1,745.0,80.0
2026-08-10T05:51,J5,60deg_turun,792.2,744.875,80.0
2026-08-10T05:51,J5,60deg_turun,793.4,744.875,80.0
2026-08-10T05:51,J5,60deg_turun,794.6,744.875,80.0
2026-08-10T05:51,J5,60deg_turun,795.7,744.875,80.0
2026-08-10T05:51,J5,60deg_turun,796.9,744.875,80.0
2026-08-10T05:51,J5,60deg_turun,798.0,744.75,80.0
2026-08-10T05:51,J5,60deg_turun,799.2,744.875,80.0
2026-08-10T05:51,J5,60deg_turun,800.4,744.875,80.0
2026-08-10T05:51,J5,60deg_turun,801.5,744.875,80.0
2026-08-10T05:51,J5,60deg_turun,802.7,744.875,80.0
2026-08-10T05:51,J5,60deg_turun,803.8,744.75,80.0
2026-08-10T05:51,J5,60deg_turun,805.0,744.875,80.0
2026-08-10T05:51,J5,60deg_turun,806.2,744.875,80.0
2026-08-10T05:51,J5,60deg_turun,807.3,744.875,80.0
2026-08-10T05:51,J5,60deg_turun,808.5,744.875,80.0
2026-08-10T05:51,J5,60deg_turun,809.6,745.0,80.0
2026-08-10T05:51,J5,60deg_turun,810.8,744.875,80.0
2026-08-10T05:51,J5,60deg_turun,812.0,744.875,80.0
2026-08-10T05:51,J5,60deg_turun,813.1,745.0,80.0
2026-08-10T05:51,J5,60deg_turun,814.3,744.75,80.0
2026-08-10T05:51,J5,60deg_turun,815.4,744.875,80.0
2026-08-10T05:51,J5,60deg_turun,816.6,745.0,80.0
2026-08-10T05:51,J5,60deg_turun,817.8,744.875,80.0
2026-08-10T05:51,J5,60deg_turun,818.9,744.875,80.0
2026-08-10T05:51,J5,60deg_turun,820.1,744.875,80.0
2026-08-10T05:51,J5,60deg_turun,821.2,744.75,80.0
2026-08-10T05:51,J5,60deg_turun,822.4,744.875,80.0
2026-08-10T05:51,J5,60deg_turun,823.6,744.75,80.0
2026-08-10T05:51,J5,60deg_turun,824.7,744.75,80.0
2026-08-10T05:51,J5,60deg_turun,825.9,744.875,80.0
2026-08-10T05:51,J5,60deg_turun,827.0,744.875,80.0
2026-08-10T05:51,J5,60deg_turun,828.2,744.75,80.0
2026-08-10T05:51,J5,60deg_turun,829.4,744.875,80.0
2026-08-10T05:51,J5,60deg_turun,830.5,744.75,80.0
2026-08-10T05:51,J5,60deg_turun,831.7,744.75,80.0
2026-08-10T05:51,J5,60deg_turun,832.8,744.875,80.0
2026-08-10T05:51,J5,60deg_turun,834.0,744.875,80.0
2026-08-10T05:51,J5,60deg_turun,835.2,744.875,80.0
2026-08-10T05:51,J5,60deg_turun,836.3,744.875,80.0
2026-08-10T05:51,J5,60deg_turun,837.5,744.75,80.0
2026-08-10T05:51,J5,60deg_turun,838.6,744.875,80.0
2026-08-10T05:51,J5,60deg_turun,839.8,744.875,80.0
2026-08-10T05:51,J5,60deg_turun,841.0,744.875,80.0
2026-08-10T05:51,J5,60deg_turun,842.1,744.75,80.0
2026-08-10T05:51,J5,60deg_turun,843.3,744.75,80.0
2026-08-10T05:51,J5,60deg_turun,844.4,744.625,80.0
2026-08-10T05:51,J5,60deg_turun,845.6,744.625,80.0
2026-08-10T05:51,J5,60deg_turun,846.8,744.75,80.0
2026-08-10T05:51,J5,60deg_turun,847.9,744.875,80.0
2026-08-10T05:51,J5,60deg_turun,849.1,744.75,80.0
2026-08-10T05:51,J5,60deg_turun,850.2,744.875,80.0
2026-08-10T05:51,J5,60deg_turun,851.4,744.75,80.0
2026-08-10T05:51,J5,60deg_turun,852.6,744.75,80.0
2026-08-10T05:51,J5,60deg_turun,853.7,744.875,80.0
2026-08-10T05:51,J5,60deg_turun,854.9,745.0,80.0
2026-08-10T05:51,J5,60deg_turun,856.0,745.0,80.0
2026-08-10T05:51,J5,60deg_turun,857.2,744.875,80.0
2026-08-10T05:51,J5,60deg_turun,858.4,744.75,80.0
2026-08-10T05:51,J5,60deg_turun,859.5,744.625,80.0
2026-08-10T05:51,J5,60deg_turun,860.7,744.875,80.0
2026-08-10T05:51,J5,60deg_turun,861.8,744.875,80.0
2026-08-10T05:51,J5,60deg_turun,863.0,744.75,80.0
2026-08-10T05:51,J5,60deg_turun,864.2,744.875,80.0
2026-08-10T05:51,J5,60deg_turun,865.3,744.625,80.0
2026-08-10T05:51,J5,60deg_turun,866.5,744.625,80.0
2026-08-10T05:51,J5,60deg_turun,867.6,744.625,80.0
2026-08-10T05:51,J5,60deg_turun,868.8,744.875,80.0
2026-08-10T05:51,J5,60deg_turun,870.0,744.625,80.0
2026-08-10T05:51,J5,60deg_turun,871.1,744.875,80.0
2026-08-10T05:51,J5,60deg_turun,872.3,744.75,80.0
2026-08-10T05:51,J5,60deg_turun,873.4,744.875,80.0
2026-08-10T05:51,J5,60deg_turun,874.6,744.875,80.0
2026-08-10T05:51,J5,60deg_turun,875.8,745.0,80.0
2026-08-10T05:51,J5,60deg_turun,876.9,744.875,80.0
2026-08-10T05:51,J5,60deg_turun,878.1,745.0,80.0
2026-08-10T05:51,J5,60deg_turun,879.2,744.75,80.0
2026-08-10T05:51,J5,60deg_turun,880.4,744.875,80.0
2026-08-10T05:51,J5,60deg_turun,881.6,744.75,80.0
2026-08-10T05:51,J5,60deg_turun,882.7,744.875,80.0
2026-08-10T05:51,J5,60deg_turun,883.9,745.0,80.0
2026-08-10T05:51,J5,60deg_turun,885.0,744.875,80.0
2026-08-10T05:51,J5,60deg_turun,886.2,744.875,80.0
2026-08-10T05:51,J5,60deg_turun,887.4,744.75,80.0
2026-08-10T05:51,J5,60deg_turun,888.5,744.75,80.0
2026-08-10T05:51,J5,60deg_turun,889.7,744.75,80.0
2026-08-10T05:51,J5,60deg_turun,890.8,744.875,80.0
2026-08-10T05:51,J5,60deg_turun,892.0,744.875,80.0
2026-08-10T05:51,J5,60deg_turun,893.2,745.0,80.0
2026-08-10T05:51,J5,60deg_turun,894.3,744.625,80.0
2026-08-10T05:51,J5,60deg_turun,895.5,744.75,80.0
2026-08-10T05:51,J5,60deg_turun,896.6,744.875,80.0
2026-08-10T05:51,J5,60deg_turun,897.8,744.625,80.0
2026-08-10T05:51,J5,60deg_turun,899.0,744.875,80.0
2026-08-10T05:51,J5,60deg_turun,900.1,745.0,80.0
2026-08-10T05:51,J5,60deg_turun,901.3,744.875,80.0
2026-08-10T05:51,J5,60deg_turun,902.4,744.875,80.0
2026-08-10T05:51,J5,60deg_turun,903.6,744.75,80.0
2026-08-10T05:51,J5,60deg_turun,904.8,744.75,80.0
2026-08-10T05:51,J5,60deg_turun,905.9,744.75,80.0
2026-08-10T05:51,J5,60deg_turun,907.1,744.875,80.0
2026-08-10T05:51,J5,60deg_turun,908.2,744.875,80.0
2026-08-10T05:51,J5,60deg_turun,909.4,745.125,80.0
2026-08-10T05:51,J5,60deg_turun,910.6,744.75,80.0
2026-08-10T05:51,J5,60deg_turun,911.7,744.875,80.0
2026-08-10T05:51,J5,60deg_turun,912.9,744.875,80.0
2026-08-10T05:51,J5,60deg_turun,914.0,744.75,80.0
2026-08-10T05:51,J5,60deg_turun,915.2,744.5,80.0
2026-08-10T05:51,J5,60deg_turun,916.4,744.625,80.0
2026-08-10T05:51,J5,60deg_turun,917.5,744.5,80.0
2026-08-10T05:51,J5,60deg_turun,918.7,744.5,80.0
2026-08-10T05:51,J5,60deg_turun,919.8,744.875,80.0
2026-08-10T05:51,J5,60deg_turun,921.0,744.875,80.0
2026-08-10T05:51,J5,60deg_turun,922.2,744.75,80.0
2026-08-10T05:51,J5,60deg_turun,923.3,744.875,80.0
2026-08-10T05:51,J5,60deg_turun,924.5,744.875,80.0
2026-08-10T05:51,J5,60deg_turun,925.6,744.75,80.0
2026-08-10T05:51,J5,60deg_turun,926.8,744.75,80.0
2026-08-10T05:51,J5,60deg_turun,928.0,745.0,80.0
2026-08-10T05:51,J5,60deg_turun,929.1,744.75,80.0
2026-08-10T05:51,J5,60deg_turun,930.3,744.75,80.0
2026-08-10T05:51,J5,60deg_turun,931.4,744.875,80.0
2026-08-10T05:51,J5,60deg_turun,932.6,744.625,80.0
2026-08-10T05:51,J5,60deg_turun,933.8,744.75,80.0
2026-08-10T05:51,J5,60deg_turun,934.9,744.875,80.0
2026-08-10T05:51,J5,60deg_turun,936.1,744.875,80.0
2026-08-10T05:51,J5,60deg_turun,937.2,745.0,80.0
2026-08-10T05:51,J5,60deg_turun,938.4,744.875,80.0
2026-08-10T05:51,J5,60deg_turun,939.6,744.75,80.0
2026-08-10T05:51,J5,60deg_turun,940.7,744.875,80.0
2026-08-10T05:51,J5,60deg_turun,941.9,744.875,80.0
2026-08-10T05:51,J5,60deg_turun,943.0,744.875,80.0
2026-08-10T05:51,J5,60deg_turun,944.2,744.75,80.0
2026-08-10T05:51,J5,60deg_turun,945.4,744.875,80.0
2026-08-10T05:51,J5,60deg_turun,946.5,745.0,80.0
2026-08-10T05:51,J5,60deg_turun,947.7,744.75,80.0
2026-08-10T05:51,J5,60deg_turun,948.8,744.875,80.0
2026-08-10T05:51,J5,60deg_turun,950.0,744.75,80.0
2026-08-10T05:51,J5,60deg_turun,951.2,744.875,80.0
2026-08-10T05:51,J5,60deg_turun,952.3,744.75,80.0
2026-08-10T05:51,J5,60deg_turun,953.5,745.0,80.0
2026-08-10T05:51,J5,60deg_turun,954.6,745.0,80.0
2026-08-10T05:51,J5,60deg_turun,955.8,744.875,80.0
2026-08-10T05:51,J5,60deg_turun,957.0,745.0,80.0
2026-08-10T05:51,J5,60deg_turun,958.1,745.125,80.0
2026-08-10T05:51,J5,60deg_turun,959.3,744.875,80.0
2026-08-10T05:51,J5,60deg_turun,960.4,744.875,80.0
2026-08-10T05:51,J5,60deg_turun,961.6,744.875,80.0
2026-08-10T05:51,J5,60deg_turun,962.8,744.875,80.0
2026-08-10T05:51,J5,60deg_turun,963.9,744.875,80.0
2026-08-10T05:51,J5,60deg_turun,965.1,745.0,80.0
2026-08-10T05:51,J5,60deg_turun,966.2,745.0,80.0
2026-08-10T05:51,J5,60deg_turun,967.4,745.0,80.0
2026-08-10T05:51,J5,60deg_turun,968.6,744.875,80.0
2026-08-10T05:51,J5,60deg_turun,969.7,744.75,80.0
2026-08-10T05:51,J5,60deg_turun,970.9,744.75,80.0
2026-08-10T05:51,J5,60deg_turun,972.0,744.875,80.0
2026-08-10T05:51,J5,60deg_turun,973.2,744.875,80.0
2026-08-10T05:51,J5,60deg_turun,974.4,744.875,80.0
2026-08-10T05:51,J5,60deg_turun,975.5,744.875,80.0
2026-08-10T05:51,J5,60deg_turun,976.7,744.75,80.0
2026-08-10T05:51,J5,60deg_turun,977.8,744.875,80.0
2026-08-10T05:51,J5,60deg_turun,979.0,745.0,80.0
2026-08-10T05:51,J6,penuh_naik,0.0,302.25,80.0
2026-08-10T05:51,J6,penuh_naik,1.1,302.125,80.0
2026-08-10T05:51,J6,penuh_naik,2.3,302.125,80.0
2026-08-10T05:51,J6,penuh_naik,3.4,302.125,80.0
2026-08-10T05:51,J6,penuh_naik,4.6,302.125,80.0
2026-08-10T05:51,J6,penuh_naik,5.8,302.125,80.0
2026-08-10T05:51,J6,penuh_naik,6.9,302.125,80.0
2026-08-10T05:51,J6,penuh_naik,8.1,302.125,80.0
2026-08-10T05:51,J6,penuh_naik,9.2,302.0,80.0
2026-08-10T05:51,J6,penuh_naik,10.4,302.125,80.0
2026-08-10T05:51,J6,penuh_naik,11.6,302.125,80.0
2026-08-10T05:51,J6,penuh_naik,12.7,302.125,80.0
2026-08-10T05:51,J6,penuh_naik,13.9,302.0,80.0
2026-08-10T05:51,J6,penuh_naik,15.0,302.25,80.0
2026-08-10T05:51,J6,penuh_naik,16.2,302.0,80.0
2026-08-10T05:51,J6,penuh_naik,17.4,302.25,80.0
2026-08-10T05:51,J6,penuh_naik,18.5,302.0,80.0
2026-08-10T05:51,J6,penuh_naik,19.7,302.0,80.0
2026-08-10T05:51,J6,penuh_naik,20.8,302.0,80.0
2026-08-10T05:51,J6,penuh_naik,22.0,302.125,80.0
2026-08-10T05:51,J6,penuh_naik,23.2,302.0,80.0
2026-08-10T05:51,J6,penuh_naik,24.3,302.0,80.0
2026-08-10T05:51,J6,penuh_naik,25.5,301.875,80.0
2026-08-10T05:51,J6,penuh_naik,26.6,301.875,80.0
2026-08-10T05:51,J6,penuh_naik,27.8,301.875,80.0
2026-08-10T05:51,J6,penuh_naik,29.0,302.0,80.0
2026-08-10T05:51,J6,penuh_naik,30.1,302.25,80.0
2026-08-10T05:51,J6,penuh_naik,31.3,302.125,80.0
2026-08-10T05:51,J6,penuh_naik,32.4,302.125,80.0
2026-08-10T05:51,J6,penuh_naik,33.6,302.0,80.0
2026-08-10T05:51,J6,penuh_naik,34.8,302.125,80.0
2026-08-10T05:51,J6,penuh_naik,35.9,302.0,80.0
2026-08-10T05:51,J6,penuh_naik,37.1,302.0,80.0
2026-08-10T05:51,J6,penuh_naik,38.2,302.125,80.0
2026-08-10T05:51,J6,penuh_naik,39.4,302.125,80.0
2026-08-10T05:51,J6,penuh_naik,40.6,302.0,80.0
2026-08-10T05:51,J6,penuh_naik,41.7,302.125,80.0
2026-08-10T05:51,J6,penuh_naik,42.9,302.0,80.0
2026-08-10T05:51,J6,penuh_naik,44.0,302.0,80.0
2026-08-10T05:51,J6,penuh_naik,45.2,302.125,80.0
2026-08-10T05:51,J6,penuh_naik,46.4,302.0,80.0
2026-08-10T05:51,J6,penuh_naik,47.5,302.0,80.0
2026-08-10T05:51,J6,penuh_naik,48.7,302.25,80.0
2026-08-10T05:51,J6,penuh_naik,49.8,302.25,80.0
2026-08-10T05:51,J6,penuh_naik,51.0,302.125,80.0
2026-08-10T05:51,J6,penuh_naik,52.2,302.125,80.0
2026-08-10T05:51,J6,penuh_naik,53.3,302.125,80.0
2026-08-10T05:51,J6,penuh_naik,54.5,302.125,80.0
2026-08-10T05:51,J6,penuh_naik,55.6,302.0,80.0
2026-08-10T05:51,J6,penuh_naik,56.8,302.125,80.0
2026-08-10T05:51,J6,penuh_naik,58.0,302.125,80.0
2026-08-10T05:51,J6,penuh_naik,59.1,302.0,80.0
2026-08-10T05:51,J6,penuh_naik,60.3,302.125,80.0
2026-08-10T05:51,J6,penuh_naik,61.4,302.0,80.0
2026-08-10T05:51,J6,penuh_naik,62.6,302.25,80.0
2026-08-10T05:51,J6,penuh_naik,63.8,302.0,80.0
2026-08-10T05:51,J6,penuh_naik,64.9,302.0,80.0
2026-08-10T05:51,J6,penuh_naik,66.1,302.125,80.0
2026-08-10T05:51,J6,penuh_naik,67.2,302.125,80.0
2026-08-10T05:51,J6,penuh_naik,68.4,302.125,80.0
2026-08-10T05:51,J6,penuh_naik,69.6,302.0,80.0
2026-08-10T05:51,J6,penuh_naik,70.7,302.0,80.0
2026-08-10T05:51,J6,penuh_naik,71.9,302.0,80.0
2026-08-10T05:51,J6,penuh_naik,73.0,302.0,80.0
2026-08-10T05:51,J6,penuh_naik,74.2,302.125,80.0
2026-08-10T05:51,J6,penuh_naik,75.4,302.125,80.0
2026-08-10T05:51,J6,penuh_naik,76.5,302.0,80.0
2026-08-10T05:51,J6,penuh_naik,77.7,302.125,80.0
2026-08-10T05:51,J6,penuh_naik,78.8,302.25,80.0
2026-08-10T05:51,J6,penuh_naik,80.0,302.125,80.0
2026-08-10T05:51,J6,penuh_naik,81.2,302.0,80.0
2026-08-10T05:51,J6,penuh_naik,82.3,302.0,80.0
2026-08-10T05:51,J6,penuh_naik,83.5,302.25,80.0
2026-08-10T05:51,J6,penuh_naik,84.7,302.0,80.0
2026-08-10T05:51,J6,penuh_naik,85.8,301.875,80.0
2026-08-10T05:51,J6,penuh_naik,87.0,302.125,80.0
2026-08-10T05:51,J6,penuh_naik,88.1,302.125,80.0
2026-08-10T05:51,J6,penuh_naik,89.3,302.0,80.0
2026-08-10T05:51,J6,penuh_naik,90.5,317.0,80.0
2026-08-10T05:51,J6,penuh_naik,91.6,468.25,80.0
2026-08-10T05:51,J6,penuh_naik,92.8,518.75,80.0
2026-08-10T05:51,J6,penuh_naik,93.9,523.25,80.0
2026-08-10T05:51,J6,penuh_naik,95.1,517.75,80.0
2026-08-10T05:51,J6,penuh_naik,96.3,514.375,80.0
2026-08-10T05:51,J6,penuh_naik,97.4,514.375,80.0
2026-08-10T05:51,J6,penuh_naik,98.6,475.0,80.0
2026-08-10T05:51,J6,penuh_naik,99.7,489.375,80.0
2026-08-10T05:51,J6,penuh_naik,100.9,495.0,80.0
2026-08-10T05:51,J6,penuh_naik,102.1,452.0,80.0
2026-08-10T05:51,J6,penuh_naik,103.2,475.125,80.0
2026-08-10T05:51,J6,penuh_naik,104.4,461.625,80.0
2026-08-10T05:51,J6,penuh_naik,105.5,459.25,80.0
2026-08-10T05:51,J6,penuh_naik,106.7,449.875,80.0
2026-08-10T05:51,J6,penuh_naik,107.9,459.125,80.0
2026-08-10T05:51,J6,penuh_naik,109.0,445.375,80.0
2026-08-10T05:51,J6,penuh_naik,110.2,457.875,80.0
2026-08-10T05:51,J6,penuh_naik,111.3,442.875,80.0
2026-08-10T05:51,J6,penuh_naik,112.5,446.125,80.0
2026-08-10T05:51,J6,penuh_naik,113.7,444.625,80.0
2026-08-10T05:51,J6,penuh_naik,114.8,445.75,80.0
2026-08-10T05:51,J6,penuh_naik,116.0,438.125,80.0
2026-08-10T05:51,J6,penuh_naik,117.1,442.25,80.0
2026-08-10T05:51,J6,penuh_naik,118.3,441.625,80.0
2026-08-10T05:51,J6,penuh_naik,119.5,444.625,80.0
2026-08-10T05:51,J6,penuh_naik,120.6,444.625,80.0
2026-08-10T05:51,J6,penuh_naik,121.8,444.625,80.0
2026-08-10T05:51,J6,penuh_naik,122.9,439.625,80.0
2026-08-10T05:51,J6,penuh_naik,124.1,440.75,80.0
2026-08-10T05:51,J6,penuh_naik,125.3,445.0,80.0
2026-08-10T05:51,J6,penuh_naik,126.4,445.875,80.0
2026-08-10T05:51,J6,penuh_naik,127.6,445.5,80.0
2026-08-10T05:51,J6,penuh_naik,128.7,445.5,80.0
2026-08-10T05:51,J6,penuh_naik,129.9,445.375,80.0
2026-08-10T05:51,J6,penuh_naik,131.1,446.0,80.0
2026-08-10T05:51,J6,penuh_naik,132.2,448.875,80.0
2026-08-10T05:51,J6,penuh_naik,133.4,448.75,80.0
2026-08-10T05:51,J6,penuh_naik,134.5,448.875,80.0
2026-08-10T05:51,J6,penuh_naik,135.7,450.125,80.0
2026-08-10T05:51,J6,penuh_naik,136.9,453.875,80.0
2026-08-10T05:51,J6,penuh_naik,138.0,457.625,80.0
2026-08-10T05:51,J6,penuh_naik,139.2,457.25,80.0
2026-08-10T05:51,J6,penuh_naik,140.3,459.0,80.0
2026-08-10T05:51,J6,penuh_naik,141.5,460.5,80.0
2026-08-10T05:51,J6,penuh_naik,142.7,463.625,80.0
2026-08-10T05:51,J6,penuh_naik,143.8,463.625,80.0
2026-08-10T05:51,J6,penuh_naik,145.0,465.125,80.0
2026-08-10T05:51,J6,penuh_naik,146.1,468.375,80.0
2026-08-10T05:51,J6,penuh_naik,147.3,471.0,80.0
2026-08-10T05:51,J6,penuh_naik,148.5,476.0,80.0
2026-08-10T05:51,J6,penuh_naik,149.6,481.75,80.0
2026-08-10T05:51,J6,penuh_naik,150.8,484.375,80.0
2026-08-10T05:51,J6,penuh_naik,151.9,484.75,80.0
2026-08-10T05:51,J6,penuh_naik,153.1,486.375,80.0
2026-08-10T05:51,J6,penuh_naik,154.3,491.125,80.0
2026-08-10T05:51,J6,penuh_naik,155.4,494.625,80.0
2026-08-10T05:51,J6,penuh_naik,156.6,497.875,80.0
2026-08-10T05:51,J6,penuh_naik,157.7,503.125,80.0
2026-08-10T05:51,J6,penuh_naik,158.9,507.75,80.0
2026-08-10T05:51,J6,penuh_naik,160.1,507.875,80.0
2026-08-10T05:51,J6,penuh_naik,161.2,511.625,80.0
2026-08-10T05:51,J6,penuh_naik,162.4,517.875,80.0
2026-08-10T05:51,J6,penuh_naik,163.5,518.125,80.0
2026-08-10T05:51,J6,penuh_naik,164.7,522.625,80.0
2026-08-10T05:51,J6,penuh_naik,165.9,527.0,80.0
2026-08-10T05:51,J6,penuh_naik,167.0,527.0,80.0
2026-08-10T05:51,J6,penuh_naik,168.2,526.75,80.0
2026-08-10T05:51,J6,penuh_naik,169.3,531.75,80.0
2026-08-10T05:51,J6,penuh_naik,170.5,537.0,80.0
2026-08-10T05:51,J6,penuh_naik,171.7,538.125,80.0
2026-08-10T05:51,J6,penuh_naik,172.8,542.125,80.0
2026-08-10T05:51,J6,penuh_naik,174.0,544.0,80.0
2026-08-10T05:51,J6,penuh_naik,175.1,550.125,80.0
2026-08-10T05:51,J6,penuh_naik,176.3,554.875,80.0
2026-08-10T05:51,J6,penuh_naik,177.5,557.5,80.0
2026-08-10T05:51,J6,penuh_naik,178.6,564.875,80.0
2026-08-10T05:51,J6,penuh_naik,179.8,567.125,80.0
2026-08-10T05:51,J6,penuh_naik,180.9,572.875,80.0
2026-08-10T05:51,J6,penuh_naik,182.1,572.875,80.0
2026-08-10T05:51,J6,penuh_naik,183.3,578.25,80.0
2026-08-10T05:51,J6,penuh_naik,184.4,584.0,80.0
2026-08-10T05:51,J6,penuh_naik,185.6,590.75,80.0
2026-08-10T05:51,J6,penuh_naik,186.7,594.375,80.0
2026-08-10T05:51,J6,penuh_naik,187.9,597.75,80.0
2026-08-10T05:51,J6,penuh_naik,189.1,601.875,80.0
2026-08-10T05:51,J6,penuh_naik,190.2,601.875,80.0
2026-08-10T05:51,J6,penuh_naik,191.4,603.75,80.0
2026-08-10T05:51,J6,penuh_naik,192.5,608.125,80.0
2026-08-10T05:51,J6,penuh_naik,193.7,612.625,80.0
2026-08-10T05:51,J6,penuh_naik,194.9,617.125,80.0
2026-08-10T05:51,J6,penuh_naik,196.0,620.875,80.0
2026-08-10T05:51,J6,penuh_naik,197.2,625.875,80.0
2026-08-10T05:51,J6,penuh_naik,198.3,631.0,80.0
2026-08-10T05:51,J6,penuh_naik,199.5,634.5,80.0
2026-08-10T05:51,J6,penuh_naik,200.7,637.375,80.0
2026-08-10T05:51,J6,penuh_naik,201.8,642.0,80.0
2026-08-10T05:51,J6,penuh_naik,203.0,647.0,80.0
2026-08-10T05:51,J6,penuh_naik,204.1,652.75,80.0
2026-08-10T05:51,J6,penuh_naik,205.3,658.125,80.0
2026-08-10T05:51,J6,penuh_naik,206.5,662.875,80.0
2026-08-10T05:51,J6,penuh_naik,207.6,668.75,80.0
2026-08-10T05:51,J6,penuh_naik,208.8,670.875,80.0
2026-08-10T05:51,J6,penuh_naik,209.9,676.5,80.0
2026-08-10T05:51,J6,penuh_naik,211.1,679.875,80.0
2026-08-10T05:51,J6,penuh_naik,212.3,686.75,80.0
2026-08-10T05:51,J6,penuh_naik,213.4,686.75,80.0
2026-08-10T05:51,J6,penuh_naik,214.6,692.375,80.0
2026-08-10T05:51,J6,penuh_naik,215.7,698.625,80.0
2026-08-10T05:51,J6,penuh_naik,216.9,700.5,80.0
2026-08-10T05:51,J6,penuh_naik,218.1,705.125,80.0
2026-08-10T05:51,J6,penuh_naik,219.2,708.875,80.0
2026-08-10T05:51,J6,penuh_naik,220.4,711.625,80.0
2026-08-10T05:51,J6,penuh_naik,221.5,716.0,80.0
2026-08-10T05:51,J6,penuh_naik,222.7,720.125,80.0
2026-08-10T05:51,J6,penuh_naik,223.9,725.375,80.0
2026-08-10T05:51,J6,penuh_naik,225.0,731.25,80.0
2026-08-10T05:51,J6,penuh_naik,226.2,738.125,80.0
2026-08-10T05:51,J6,penuh_naik,227.3,742.0,80.0
2026-08-10T05:51,J6,penuh_naik,228.5,742.625,80.0
2026-08-10T05:51,J6,penuh_naik,229.7,751.0,80.0
2026-08-10T05:51,J6,penuh_naik,230.8,754.625,80.0
2026-08-10T05:51,J6,penuh_naik,232.0,759.125,80.0
2026-08-10T05:51,J6,penuh_naik,233.1,764.75,80.0
2026-08-10T05:51,J6,penuh_naik,234.3,769.5,80.0
2026-08-10T05:51,J6,penuh_naik,235.5,776.0,80.0
2026-08-10T05:51,J6,penuh_naik,236.6,777.5,80.0
2026-08-10T05:51,J6,penuh_naik,237.8,777.5,80.0
2026-08-10T05:51,J6,penuh_naik,238.9,782.75,80.0
2026-08-10T05:51,J6,penuh_naik,240.1,787.875,80.0
2026-08-10T05:51,J6,penuh_naik,241.3,790.75,80.0
2026-08-10T05:51,J6,penuh_naik,242.4,794.875,80.0
2026-08-10T05:51,J6,penuh_naik,243.6,799.75,80.0
2026-08-10T05:51,J6,penuh_naik,244.7,805.625,80.0
2026-08-10T05:51,J6,penuh_naik,245.9,810.75,80.0
2026-08-10T05:51,J6,penuh_naik,247.1,814.375,80.0
2026-08-10T05:51,J6,penuh_naik,248.2,820.25,80.0
2026-08-10T05:51,J6,penuh_naik,249.4,823.25,80.0
2026-08-10T05:51,J6,penuh_naik,250.5,825.625,80.0
2026-08-10T05:51,J6,penuh_naik,251.7,831.625,80.0
2026-08-10T05:51,J6,penuh_naik,252.9,837.25,80.0
2026-08-10T05:51,J6,penuh_naik,254.0,843.875,80.0
2026-08-10T05:51,J6,penuh_naik,255.2,848.875,80.0
2026-08-10T05:51,J6,penuh_naik,256.3,850.5,80.0
2026-08-10T05:51,J6,penuh_naik,257.5,855.875,80.0
2026-08-10T05:51,J6,penuh_naik,258.7,863.125,80.0
2026-08-10T05:51,J6,penuh_naik,259.8,867.625,80.0
2026-08-10T05:51,J6,penuh_naik,261.0,867.625,80.0
2026-08-10T05:51,J6,penuh_naik,262.1,874.125,80.0
2026-08-10T05:51,J6,penuh_naik,263.3,878.5,80.0
2026-08-10T05:51,J6,penuh_naik,264.5,880.0,80.0
2026-08-10T05:51,J6,penuh_naik,265.6,884.5,80.0
2026-08-10T05:51,J6,penuh_naik,266.8,888.0,80.0
2026-08-10T05:51,J6,penuh_naik,267.9,895.375,80.0
2026-08-10T05:51,J6,penuh_naik,269.1,903.0,80.0
2026-08-10T05:51,J6,penuh_naik,270.3,909.0,80.0
2026-08-10T05:51,J6,penuh_naik,271.4,912.375,80.0
2026-08-10T05:51,J6,penuh_naik,272.6,915.625,80.0
2026-08-10T05:51,J6,penuh_naik,273.7,920.5,80.0
2026-08-10T05:51,J6,penuh_naik,274.9,924.625,80.0
2026-08-10T05:51,J6,penuh_naik,276.1,930.5,80.0
2026-08-10T05:51,J6,penuh_naik,277.2,933.75,80.0
2026-08-10T05:51,J6,penuh_naik,278.4,937.375,80.0
2026-08-10T05:51,J6,penuh_naik,279.5,940.5,80.0
2026-08-10T05:51,J6,penuh_naik,280.7,945.375,80.0
2026-08-10T05:51,J6,penuh_naik,281.9,949.875,80.0
2026-08-10T05:51,J6,penuh_naik,283.0,954.625,80.0
2026-08-10T05:51,J6,penuh_naik,284.2,954.625,80.0
2026-08-10T05:51,J6,penuh_naik,285.3,960.625,80.0
2026-08-10T05:51,J6,penuh_naik,286.5,965.75,80.0
2026-08-10T05:51,J6,penuh_naik,287.7,969.375,80.0
2026-08-10T05:51,J6,penuh_naik,288.8,975.0,80.0
2026-08-10T05:51,J6,penuh_naik,290.0,982.0,80.0
2026-08-10T05:51,J6,penuh_naik,291.1,984.625,80.0
2026-08-10T05:51,J6,penuh_naik,292.3,988.875,80.0
2026-08-10T05:51,J6,penuh_naik,293.5,994.25,80.0
2026-08-10T05:51,J6,penuh_naik,294.6,998.75,80.0
2026-08-10T05:51,J6,penuh_naik,295.8,1002.25,80.0
2026-08-10T05:51,J6,penuh_naik,296.9,1007.75,80.0
2026-08-10T05:51,J6,penuh_naik,298.1,1013.5,80.0
2026-08-10T05:51,J6,penuh_naik,299.3,1019.875,80.0
2026-08-10T05:51,J6,penuh_naik,300.4,1027.75,80.0
2026-08-10T05:51,J6,penuh_naik,301.6,1033.75,80.0
2026-08-10T05:51,J6,penuh_naik,302.7,1036.5,80.0
2026-08-10T05:51,J6,penuh_naik,303.9,1040.75,80.0
2026-08-10T05:51,J6,penuh_naik,305.1,1044.875,80.0
2026-08-10T05:51,J6,penuh_naik,306.2,1051.625,80.0
2026-08-10T05:51,J6,penuh_naik,307.4,1051.625,80.0
2026-08-10T05:51,J6,penuh_naik,308.5,1059.125,80.0
2026-08-10T05:51,J6,penuh_naik,309.7,1064.25,80.0
2026-08-10T05:51,J6,penuh_naik,310.9,1069.125,80.0
2026-08-10T05:51,J6,penuh_naik,312.0,1072.125,80.0
2026-08-10T05:51,J6,penuh_naik,313.2,1076.5,80.0
2026-08-10T05:51,J6,penuh_naik,314.3,1079.625,80.0
2026-08-10T05:51,J6,penuh_naik,315.5,1085.375,80.0
2026-08-10T05:51,J6,penuh_naik,316.7,1091.0,80.0
2026-08-10T05:51,J6,penuh_naik,317.8,1096.625,80.0
2026-08-10T05:51,J6,penuh_naik,319.0,1102.125,80.0
2026-08-10T05:51,J6,penuh_naik,320.1,1107.5,80.0
2026-08-10T05:51,J6,penuh_naik,321.3,1109.625,80.0
2026-08-10T05:51,J6,penuh_naik,322.5,1115.875,80.0
2026-08-10T05:51,J6,penuh_naik,323.6,1122.75,80.0
2026-08-10T05:51,J6,penuh_naik,324.8,1127.75,80.0
2026-08-10T05:51,J6,penuh_naik,325.9,1132.375,80.0
2026-08-10T05:51,J6,penuh_naik,327.1,1136.5,80.0
2026-08-10T05:51,J6,penuh_naik,328.3,1139.75,80.0
2026-08-10T05:51,J6,penuh_naik,329.4,1145.375,80.0
2026-08-10T05:51,J6,penuh_naik,330.6,1145.375,80.0
2026-08-10T05:51,J6,penuh_naik,331.7,1151.625,80.0
2026-08-10T05:51,J6,penuh_naik,332.9,1157.625,80.0
2026-08-10T05:51,J6,penuh_naik,334.1,1162.25,80.0
2026-08-10T05:51,J6,penuh_naik,335.2,1167.375,80.0
2026-08-10T05:51,J6,penuh_naik,336.4,1174.875,80.0
2026-08-10T05:51,J6,penuh_naik,337.5,1179.625,80.0
2026-08-10T05:51,J6,penuh_naik,338.7,1181.5,80.0
2026-08-10T05:51,J6,penuh_naik,339.9,1183.125,80.0
2026-08-10T05:51,J6,penuh_naik,341.0,1190.125,80.0
2026-08-10T05:51,J6,penuh_naik,342.2,1195.375,80.0
2026-08-10T05:51,J6,penuh_naik,343.3,1200.0,80.0
2026-08-10T05:51,J6,penuh_naik,344.5,1206.625,80.0
2026-08-10T05:51,J6,penuh_naik,345.7,1212.375,80.0
2026-08-10T05:51,J6,penuh_naik,346.8,1216.125,80.0
2026-08-10T05:51,J6,penuh_naik,348.0,1218.125,80.0
2026-08-10T05:51,J6,penuh_naik,349.1,1224.125,80.0
2026-08-10T05:51,J6,penuh_naik,350.3,1229.75,80.0
2026-08-10T05:51,J6,penuh_naik,351.5,1234.0,80.0
2026-08-10T05:51,J6,penuh_naik,352.6,1241.25,80.0
2026-08-10T05:51,J6,penuh_naik,353.8,1241.25,80.0
2026-08-10T05:51,J6,penuh_naik,354.9,1246.625,80.0
2026-08-10T05:51,J6,penuh_naik,356.1,1250.625,80.0
2026-08-10T05:51,J6,penuh_naik,357.3,1256.75,80.0
2026-08-10T05:51,J6,penuh_naik,358.4,1263.75,80.0
2026-08-10T05:51,J6,penuh_naik,359.6,1267.625,80.0
2026-08-10T05:51,J6,penuh_naik,360.7,1271.125,80.0
2026-08-10T05:51,J6,penuh_naik,361.9,1275.875,80.0
2026-08-10T05:51,J6,penuh_naik,363.1,1280.625,80.0
2026-08-10T05:51,J6,penuh_naik,364.2,1283.625,80.0
2026-08-10T05:51,J6,penuh_naik,365.4,1287.625,80.0
2026-08-10T05:51,J6,penuh_naik,366.5,1292.0,80.0
2026-08-10T05:51,J6,penuh_naik,367.7,1296.25,80.0
2026-08-10T05:51,J6,penuh_naik,368.9,1302.375,80.0
2026-08-10T05:51,J6,penuh_naik,370.0,1311.375,80.0
2026-08-10T05:51,J6,penuh_naik,371.2,1318.125,80.0
2026-08-10T05:51,J6,penuh_naik,372.3,1321.875,80.0
2026-08-10T05:51,J6,penuh_naik,373.5,1327.5,80.0
2026-08-10T05:51,J6,penuh_naik,374.7,1332.75,80.0
2026-08-10T05:51,J6,penuh_naik,375.8,1338.375,80.0
2026-08-10T05:51,J6,penuh_naik,377.0,1338.375,80.0
2026-08-10T05:51,J6,penuh_naik,378.1,1342.5,80.0
2026-08-10T05:51,J6,penuh_naik,379.3,1346.625,80.0
2026-08-10T05:51,J6,penuh_naik,380.5,1353.375,80.0
2026-08-10T05:51,J6,penuh_naik,381.6,1359.75,80.0
2026-08-10T05:51,J6,penuh_naik,382.8,1360.875,80.0
2026-08-10T05:51,J6,penuh_naik,383.9,1367.125,80.0
2026-08-10T05:51,J6,penuh_naik,385.1,1373.5,80.0
2026-08-10T05:51,J6,penuh_naik,386.3,1378.875,80.0
2026-08-10T05:51,J6,penuh_naik,387.4,1383.25,80.0
2026-08-10T05:51,J6,penuh_naik,388.6,1391.5,80.0
2026-08-10T05:51,J6,penuh_naik,389.7,1398.5,80.0
2026-08-10T05:51,J6,penuh_naik,390.9,1402.0,80.0
2026-08-10T05:51,J6,penuh_naik,392.1,1406.75,80.0
2026-08-10T05:51,J6,penuh_naik,393.2,1411.75,80.0
2026-08-10T05:51,J6,penuh_naik,394.4,1412.625,80.0
2026-08-10T05:51,J6,penuh_naik,395.5,1417.375,80.0
2026-08-10T05:51,J6,penuh_naik,396.7,1421.5,80.0
2026-08-10T05:51,J6,penuh_naik,397.9,1422.875,80.0
2026-08-10T05:51,J6,penuh_naik,399.0,1428.25,80.0
2026-08-10T05:51,J6,penuh_naik,400.2,1438.625,80.0
2026-08-10T05:51,J6,penuh_naik,401.3,1438.625,80.0
2026-08-10T05:51,J6,penuh_naik,402.5,1445.25,80.0
2026-08-10T05:51,J6,penuh_naik,403.7,1446.125,80.0
2026-08-10T05:51,J6,penuh_naik,404.8,1452.125,80.0
2026-08-10T05:51,J6,penuh_naik,406.0,1458.875,80.0
2026-08-10T05:51,J6,penuh_naik,407.1,1464.5,80.0
2026-08-10T05:51,J6,penuh_naik,408.3,1467.375,80.0
2026-08-10T05:51,J6,penuh_naik,409.5,1475.75,80.0
2026-08-10T05:51,J6,penuh_naik,410.6,1483.25,80.0
2026-08-10T05:51,J6,penuh_naik,411.8,1488.375,80.0
2026-08-10T05:51,J6,penuh_naik,412.9,1493.5,80.0
2026-08-10T05:51,J6,penuh_naik,414.1,1498.875,80.0
2026-08-10T05:51,J6,penuh_naik,415.3,1503.5,80.0
2026-08-10T05:51,J6,penuh_naik,416.4,1507.0,80.0
2026-08-10T05:51,J6,penuh_naik,417.6,1512.125,80.0
2026-08-10T05:51,J6,penuh_naik,418.7,1517.25,80.0
2026-08-10T05:51,J6,penuh_naik,419.9,1520.125,80.0
2026-08-10T05:51,J6,penuh_naik,421.1,1523.25,80.0
2026-08-10T05:51,J6,penuh_naik,422.2,1530.875,80.0
2026-08-10T05:51,J6,penuh_naik,423.4,1539.0,80.0
2026-08-10T05:51,J6,penuh_naik,424.5,1539.0,80.0
2026-08-10T05:51,J6,penuh_naik,425.7,1545.375,80.0
2026-08-10T05:51,J6,penuh_naik,426.9,1551.75,80.0
2026-08-10T05:51,J6,penuh_naik,428.0,1557.5,80.0
2026-08-10T05:51,J6,penuh_naik,429.2,1561.625,80.0
2026-08-10T05:51,J6,penuh_naik,430.3,1563.5,80.0
2026-08-10T05:51,J6,penuh_naik,431.5,1569.875,80.0
2026-08-10T05:51,J6,penuh_naik,432.7,1577.0,80.0
2026-08-10T05:51,J6,penuh_naik,433.8,1579.0,80.0
2026-08-10T05:51,J6,penuh_naik,435.0,1584.0,80.0
2026-08-10T05:51,J6,penuh_naik,436.1,1590.75,80.0
2026-08-10T05:51,J6,penuh_naik,437.3,1595.125,80.0
2026-08-10T05:51,J6,penuh_naik,438.5,1598.0,80.0
2026-08-10T05:51,J6,penuh_naik,439.6,1603.375,80.0
2026-08-10T05:51,J6,penuh_naik,440.8,1611.625,80.0
2026-08-10T05:51,J6,penuh_naik,441.9,1617.0,80.0
2026-08-10T05:51,J6,penuh_naik,443.1,1623.375,80.0
2026-08-10T05:51,J6,penuh_naik,444.3,1629.375,80.0
2026-08-10T05:51,J6,penuh_naik,445.4,1633.5,80.0
2026-08-10T05:51,J6,penuh_naik,446.6,1636.5,80.0
2026-08-10T05:51,J6,penuh_naik,447.7,1636.5,80.0
2026-08-10T05:51,J6,penuh_naik,448.9,1643.375,80.0
2026-08-10T05:51,J6,penuh_naik,450.1,1650.375,80.0
2026-08-10T05:51,J6,penuh_naik,451.2,1655.5,80.0
2026-08-10T05:51,J6,penuh_naik,452.4,1659.375,80.0
2026-08-10T05:51,J6,penuh_naik,453.5,1664.625,80.0
2026-08-10T05:51,J6,penuh_naik,454.7,1670.875,80.0
2026-08-10T05:51,J6,penuh_naik,455.9,1674.625,80.0
2026-08-10T05:51,J6,penuh_naik,457.0,1679.875,80.0
2026-08-10T05:51,J6,penuh_naik,458.2,1685.875,80.0
2026-08-10T05:51,J6,penuh_naik,459.3,1690.5,80.0
2026-08-10T05:51,J6,penuh_naik,460.5,1695.0,80.0
2026-08-10T05:51,J6,penuh_naik,461.7,1703.875,80.0
2026-08-10T05:51,J6,penuh_naik,462.8,1714.0,80.0
2026-08-10T05:51,J6,penuh_naik,464.0,1719.5,80.0
2026-08-10T05:51,J6,penuh_naik,465.1,1725.0,80.0
2026-08-10T05:51,J6,penuh_naik,466.3,1731.375,80.0
2026-08-10T05:51,J6,penuh_naik,467.5,1736.125,80.0
2026-08-10T05:51,J6,penuh_naik,468.6,1738.5,80.0
2026-08-10T05:51,J6,penuh_naik,469.8,1744.625,80.0
2026-08-10T05:51,J6,penuh_naik,470.9,1744.625,80.0
2026-08-10T05:51,J6,penuh_naik,472.1,1748.375,80.0
2026-08-10T05:51,J6,penuh_naik,473.3,1750.5,80.0
2026-08-10T05:51,J6,penuh_naik,474.4,1756.375,80.0
2026-08-10T05:51,J6,penuh_naik,475.6,1760.625,80.0
2026-08-10T05:51,J6,penuh_naik,476.7,1766.75,80.0
2026-08-10T05:51,J6,penuh_naik,477.9,1771.25,80.0
2026-08-10T05:51,J6,penuh_naik,479.1,1777.5,80.0
2026-08-10T05:51,J6,penuh_naik,480.2,1784.0,80.0
2026-08-10T05:51,J6,penuh_naik,481.4,1791.25,80.0
2026-08-10T05:51,J6,penuh_naik,482.5,1794.875,80.0
2026-08-10T05:51,J6,penuh_naik,483.7,1799.625,80.0
2026-08-10T05:51,J6,penuh_naik,484.9,1802.5,80.0
2026-08-10T05:51,J6,penuh_naik,486.0,1805.875,80.0
2026-08-10T05:51,J6,penuh_naik,487.2,1811.875,80.0
2026-08-10T05:51,J6,penuh_naik,488.3,1816.875,80.0
2026-08-10T05:51,J6,penuh_naik,489.5,1822.25,80.0
2026-08-10T05:51,J6,penuh_naik,490.7,1827.25,80.0
2026-08-10T05:51,J6,penuh_naik,491.8,1836.875,80.0
2026-08-10T05:51,J6,penuh_naik,493.0,1843.25,80.0
2026-08-10T05:51,J6,penuh_naik,494.1,1843.25,80.0
2026-08-10T05:51,J6,penuh_naik,495.3,1846.5,80.0
2026-08-10T05:51,J6,penuh_naik,496.5,1849.75,80.0
2026-08-10T05:51,J6,penuh_naik,497.6,1853.625,80.0
2026-08-10T05:51,J6,penuh_naik,498.8,1855.25,80.0
2026-08-10T05:51,J6,penuh_naik,499.9,1859.375,80.0
2026-08-10T05:51,J6,penuh_naik,501.1,1869.75,80.0
2026-08-10T05:51,J6,penuh_naik,502.3,1876.5,80.0
2026-08-10T05:51,J6,penuh_naik,503.4,1880.375,80.0
2026-08-10T05:51,J6,penuh_naik,504.6,1885.0,80.0
2026-08-10T05:51,J6,penuh_naik,505.7,1890.5,80.0
2026-08-10T05:51,J6,penuh_naik,506.9,1894.75,80.0
2026-08-10T05:51,J6,penuh_naik,508.1,1899.75,80.0
2026-08-10T05:51,J6,penuh_naik,509.2,1908.875,80.0
2026-08-10T05:51,J6,penuh_naik,510.4,1914.375,80.0
2026-08-10T05:51,J6,penuh_naik,511.5,1916.75,80.0
2026-08-10T05:51,J6,penuh_naik,512.7,1921.25,80.0
2026-08-10T05:51,J6,penuh_naik,513.9,1928.5,80.0
2026-08-10T05:51,J6,penuh_naik,515.0,1936.875,80.0
2026-08-10T05:51,J6,penuh_naik,516.2,1943.125,80.0
2026-08-10T05:51,J6,penuh_naik,517.3,1943.125,80.0
2026-08-10T05:51,J6,penuh_naik,518.5,1947.375,80.0
2026-08-10T05:51,J6,penuh_naik,519.7,1951.0,80.0
2026-08-10T05:51,J6,penuh_naik,520.8,1954.875,80.0
2026-08-10T05:51,J6,penuh_naik,522.0,1962.125,80.0
2026-08-10T05:51,J6,penuh_naik,523.1,1966.0,80.0
2026-08-10T05:51,J6,penuh_naik,524.3,1970.75,80.0
2026-08-10T05:51,J6,penuh_naik,525.5,1975.5,80.0
2026-08-10T05:51,J6,penuh_naik,526.6,1981.5,80.0
2026-08-10T05:51,J6,penuh_naik,527.8,1986.375,80.0
2026-08-10T05:51,J6,penuh_naik,528.9,1992.0,80.0
2026-08-10T05:51,J6,penuh_naik,530.1,1998.5,80.0
2026-08-10T05:51,J6,penuh_naik,531.3,2008.625,80.0
2026-08-10T05:51,J6,penuh_naik,532.4,2015.0,80.0
2026-08-10T05:51,J6,penuh_naik,533.6,2017.625,80.0
2026-08-10T05:51,J6,penuh_naik,534.7,2018.75,80.0
2026-08-10T05:51,J6,penuh_naik,535.9,2023.75,80.0
2026-08-10T05:51,J6,penuh_naik,537.1,2027.375,80.0
2026-08-10T05:51,J6,penuh_naik,538.2,2035.0,80.0
2026-08-10T05:51,J6,penuh_naik,539.4,2042.375,80.0
2026-08-10T05:51,J6,penuh_naik,540.5,2042.375,80.0
2026-08-10T05:51,J6,penuh_naik,541.7,2049.375,80.0
2026-08-10T05:51,J6,penuh_naik,542.9,2054.75,80.0
2026-08-10T05:51,J6,penuh_naik,544.0,2057.25,80.0
2026-08-10T05:51,J6,penuh_naik,545.2,2062.25,80.0
2026-08-10T05:51,J6,penuh_naik,546.3,2067.625,80.0
2026-08-10T05:51,J6,penuh_naik,547.5,2069.875,80.0
2026-08-10T05:51,J6,penuh_naik,548.7,2074.25,80.0
2026-08-10T05:51,J6,penuh_naik,549.8,2081.375,80.0
2026-08-10T05:51,J6,penuh_naik,551.0,2088.625,80.0
2026-08-10T05:51,J6,penuh_naik,552.1,2093.625,80.0
2026-08-10T05:51,J6,penuh_naik,553.3,2097.25,80.0
2026-08-10T05:51,J6,penuh_naik,554.5,2100.625,80.0
2026-08-10T05:51,J6,penuh_naik,555.6,2105.25,80.0
2026-08-10T05:51,J6,penuh_naik,556.8,2112.625,80.0
2026-08-10T05:51,J6,penuh_naik,557.9,2118.25,80.0
2026-08-10T05:51,J6,penuh_naik,559.1,2122.125,80.0
2026-08-10T05:51,J6,penuh_naik,560.3,2124.25,80.0
2026-08-10T05:51,J6,penuh_naik,561.4,2131.0,80.0
2026-08-10T05:51,J6,penuh_naik,562.6,2137.875,80.0
2026-08-10T05:51,J6,penuh_naik,563.7,2143.0,80.0
2026-08-10T05:51,J6,penuh_naik,564.9,2143.0,80.0
2026-08-10T05:51,J6,penuh_naik,566.1,2147.125,80.0
2026-08-10T05:51,J6,penuh_naik,567.2,2150.625,80.0
2026-08-10T05:51,J6,penuh_naik,568.4,2153.0,80.0
2026-08-10T05:51,J6,penuh_naik,569.5,2158.625,80.0
2026-08-10T05:51,J6,penuh_naik,570.7,2165.625,80.0
2026-08-10T05:51,J6,penuh_naik,571.9,2170.375,80.0
2026-08-10T05:51,J6,penuh_naik,573.0,2175.875,80.0
2026-08-10T05:51,J6,penuh_naik,574.2,2179.625,80.0
2026-08-10T05:51,J6,penuh_naik,575.3,2185.0,80.0
2026-08-10T05:51,J6,penuh_naik,576.5,2189.75,80.0
2026-08-10T05:51,J6,penuh_naik,577.7,2194.625,80.0
2026-08-10T05:51,J6,penuh_naik,578.8,2198.625,80.0
2026-08-10T05:51,J6,penuh_naik,580.0,2204.75,80.0
2026-08-10T05:51,J6,penuh_naik,581.1,2210.0,80.0
2026-08-10T05:51,J6,penuh_naik,582.3,2215.25,80.0
2026-08-10T05:51,J6,penuh_naik,583.5,2221.375,80.0
2026-08-10T05:51,J6,penuh_naik,584.6,2226.0,80.0
2026-08-10T05:51,J6,penuh_naik,585.8,2228.75,80.0
2026-08-10T05:51,J6,penuh_naik,586.9,2231.75,80.0
2026-08-10T05:51,J6,penuh_naik,588.1,2231.75,80.0
2026-08-10T05:51,J6,penuh_naik,589.3,2238.25,80.0
2026-08-10T05:51,J6,penuh_naik,590.4,2242.25,80.0
2026-08-10T05:51,J6,penuh_naik,591.6,2246.375,80.0
2026-08-10T05:51,J6,penuh_naik,592.7,2250.5,80.0
2026-08-10T05:51,J6,penuh_naik,593.9,2255.75,80.0
2026-08-10T05:51,J6,penuh_naik,595.1,2261.375,80.0
2026-08-10T05:51,J6,penuh_naik,596.2,2267.25,80.0
2026-08-10T05:51,J6,penuh_naik,597.4,2272.875,80.0
2026-08-10T05:51,J6,penuh_naik,598.5,2277.125,80.0
2026-08-10T05:51,J6,penuh_naik,599.7,2280.125,80.0
2026-08-10T05:51,J6,penuh_naik,600.9,2284.0,80.0
2026-08-10T05:51,J6,penuh_naik,602.0,2292.25,80.0
2026-08-10T05:51,J6,penuh_naik,603.2,2296.875,80.0
2026-08-10T05:51,J6,penuh_naik,604.3,2301.875,80.0
2026-08-10T05:51,J6,penuh_naik,605.5,2307.625,80.0
2026-08-10T05:51,J6,penuh_naik,606.7,2314.75,80.0
2026-08-10T05:51,J6,penuh_naik,607.8,2321.25,80.0
2026-08-10T05:51,J6,penuh_naik,609.0,2325.875,80.0
2026-08-10T05:51,J6,penuh_naik,610.1,2329.5,80.0
2026-08-10T05:51,J6,penuh_naik,611.3,2329.5,80.0
2026-08-10T05:51,J6,penuh_naik,612.5,2332.375,80.0
2026-08-10T05:51,J6,penuh_naik,613.6,2336.0,80.0
2026-08-10T05:51,J6,penuh_naik,614.8,2342.875,80.0
2026-08-10T05:51,J6,penuh_naik,615.9,2349.0,80.0
2026-08-10T05:51,J6,penuh_naik,617.1,2352.625,80.0
2026-08-10T05:51,J6,penuh_naik,618.3,2357.0,80.0
2026-08-10T05:51,J6,penuh_naik,619.4,2361.75,80.0
2026-08-10T05:51,J6,penuh_naik,620.6,2366.0,80.0
2026-08-10T05:51,J6,penuh_naik,621.7,2369.875,80.0
2026-08-10T05:51,J6,penuh_naik,622.9,2375.375,80.0
2026-08-10T05:51,J6,penuh_naik,624.1,2383.875,80.0
2026-08-10T05:51,J6,penuh_naik,625.2,2390.75,80.0
2026-08-10T05:51,J6,penuh_naik,626.4,2393.5,80.0
2026-08-10T05:51,J6,penuh_naik,627.5,2398.125,80.0
2026-08-10T05:51,J6,penuh_naik,628.7,2403.0,80.0
2026-08-10T05:51,J6,penuh_naik,629.9,2407.75,80.0
2026-08-10T05:51,J6,penuh_naik,631.0,2413.25,80.0
2026-08-10T05:51,J6,penuh_naik,632.2,2417.625,80.0
2026-08-10T05:51,J6,penuh_naik,633.3,2423.0,80.0
2026-08-10T05:51,J6,penuh_naik,634.5,2423.0,80.0
2026-08-10T05:51,J6,penuh_naik,635.7,2427.0,80.0
2026-08-10T05:51,J6,penuh_naik,636.8,2430.0,80.0
2026-08-10T05:51,J6,penuh_naik,638.0,2433.75,80.0
2026-08-10T05:51,J6,penuh_naik,639.1,2438.875,80.0
2026-08-10T05:51,J6,penuh_naik,640.3,2444.375,80.0
2026-08-10T05:51,J6,penuh_naik,641.5,2450.875,80.0
2026-08-10T05:51,J6,penuh_naik,642.6,2455.5,80.0
2026-08-10T05:51,J6,penuh_naik,643.8,2458.125,80.0
2026-08-10T05:51,J6,penuh_naik,644.9,2461.125,80.0
2026-08-10T05:51,J6,penuh_naik,646.1,2467.375,80.0
2026-08-10T05:51,J6,penuh_naik,647.3,2474.875,80.0
2026-08-10T05:51,J6,penuh_naik,648.4,2478.5,80.0
2026-08-10T05:51,J6,penuh_naik,649.6,2484.0,80.0
2026-08-10T05:51,J6,penuh_naik,650.7,2489.875,80.0
2026-08-10T05:51,J6,penuh_naik,651.9,2494.125,80.0
2026-08-10T05:51,J6,penuh_naik,653.1,2498.625,80.0
2026-08-10T05:51,J6,penuh_naik,654.2,2506.375,80.0
2026-08-10T05:51,J6,penuh_naik,655.4,2512.125,80.0
2026-08-10T05:51,J6,penuh_naik,656.5,2516.625,80.0
2026-08-10T05:51,J6,penuh_naik,657.7,2516.625,80.0
2026-08-10T05:51,J6,penuh_naik,658.9,2518.625,80.0
2026-08-10T05:51,J6,penuh_naik,660.0,2522.375,80.0
2026-08-10T05:51,J6,penuh_naik,661.2,2526.0,80.0
2026-08-10T05:51,J6,penuh_naik,662.3,2531.875,80.0
2026-08-10T05:51,J6,penuh_naik,663.5,2536.5,80.0
2026-08-10T05:51,J6,penuh_naik,664.7,2541.0,80.0
2026-08-10T05:51,J6,penuh_naik,665.8,2546.125,80.0
2026-08-10T05:51,J6,penuh_naik,667.0,2550.875,80.0
2026-08-10T05:51,J6,penuh_naik,668.1,2555.875,80.0
2026-08-10T05:51,J6,penuh_naik,669.3,2559.875,80.0
2026-08-10T05:51,J6,penuh_naik,670.5,2566.25,80.0
2026-08-10T05:51,J6,penuh_naik,671.6,2572.375,80.0
2026-08-10T05:51,J6,penuh_naik,672.8,2576.875,80.0
2026-08-10T05:51,J6,penuh_naik,673.9,2580.5,80.0
2026-08-10T05:51,J6,penuh_naik,675.1,2585.75,80.0
2026-08-10T05:51,J6,penuh_naik,676.3,2591.625,80.0
2026-08-10T05:51,J6,penuh_naik,677.4,2597.75,80.0
2026-08-10T05:51,J6,penuh_naik,678.6,2599.25,80.0
2026-08-10T05:51,J6,penuh_naik,679.7,2602.25,80.0
2026-08-10T05:51,J6,penuh_naik,680.9,2602.25,80.0
2026-08-10T05:51,J6,penuh_naik,682.1,2609.25,80.0
2026-08-10T05:51,J6,penuh_naik,683.2,2614.875,80.0
2026-08-10T05:51,J6,penuh_naik,684.4,2617.125,80.0
2026-08-10T05:51,J6,penuh_naik,685.5,2620.375,80.0
2026-08-10T05:51,J6,penuh_naik,686.7,2623.625,80.0
2026-08-10T05:51,J6,penuh_naik,687.9,2629.0,80.0
2026-08-10T05:51,J6,penuh_naik,689.0,2633.25,80.0
2026-08-10T05:51,J6,penuh_naik,690.2,2637.5,80.0
2026-08-10T05:51,J6,penuh_naik,691.3,2644.625,80.0
2026-08-10T05:51,J6,penuh_naik,692.5,2648.0,80.0
2026-08-10T05:51,J6,penuh_naik,693.7,2652.625,80.0
2026-08-10T05:51,J6,penuh_naik,694.8,2656.625,80.0
2026-08-10T05:51,J6,penuh_naik,696.0,2659.125,80.0
2026-08-10T05:51,J6,penuh_naik,697.1,2661.875,80.0
2026-08-10T05:51,J6,penuh_naik,698.3,2669.375,80.0
2026-08-10T05:51,J6,penuh_naik,699.5,2676.25,80.0
2026-08-10T05:51,J6,penuh_naik,700.6,2681.875,80.0
2026-08-10T05:51,J6,penuh_naik,701.8,2685.875,80.0
2026-08-10T05:51,J6,penuh_naik,702.9,2689.625,80.0
2026-08-10T05:51,J6,penuh_naik,704.1,2693.5,80.0
2026-08-10T05:51,J6,penuh_naik,705.3,2693.5,80.0
2026-08-10T05:51,J6,penuh_naik,706.4,2697.0,80.0
2026-08-10T05:51,J6,penuh_naik,707.6,2702.75,80.0
2026-08-10T05:51,J6,penuh_naik,708.7,2707.625,80.0
2026-08-10T05:51,J6,penuh_naik,709.9,2708.625,80.0
2026-08-10T05:51,J6,penuh_naik,711.1,2711.375,80.0
2026-08-10T05:51,J6,penuh_naik,712.2,2718.0,80.0
2026-08-10T05:51,J6,penuh_naik,713.4,2724.5,80.0
2026-08-10T05:51,J6,penuh_naik,714.5,2730.5,80.0
2026-08-10T05:51,J6,penuh_naik,715.7,2734.25,80.0
2026-08-10T05:51,J6,penuh_naik,716.9,2739.75,80.0
2026-08-10T05:51,J6,penuh_naik,718.0,2744.625,80.0
2026-08-10T05:51,J6,penuh_naik,719.2,2748.75,80.0
2026-08-10T05:51,J6,penuh_naik,720.3,2755.0,80.0
2026-08-10T05:51,J6,penuh_naik,721.5,2759.125,80.0
2026-08-10T05:51,J6,penuh_naik,722.7,2762.25,80.0
2026-08-10T05:51,J6,penuh_naik,723.8,2764.75,80.0
2026-08-10T05:51,J6,penuh_naik,725.0,2768.875,80.0
2026-08-10T05:51,J6,penuh_naik,726.1,2775.125,80.0
2026-08-10T05:51,J6,penuh_naik,727.3,2781.25,80.0
2026-08-10T05:51,J6,penuh_naik,728.5,2781.25,80.0
2026-08-10T05:51,J6,penuh_naik,729.6,2784.5,80.0
2026-08-10T05:51,J6,penuh_naik,730.8,2788.875,80.0
2026-08-10T05:51,J6,penuh_naik,731.9,2795.0,80.0
2026-08-10T05:51,J6,penuh_naik,733.1,2798.75,80.0
2026-08-10T05:51,J6,penuh_naik,734.3,2803.0,80.0
2026-08-10T05:51,J6,penuh_naik,735.4,2808.625,80.0
2026-08-10T05:51,J6,penuh_naik,736.6,2813.125,80.0
2026-08-10T05:51,J6,penuh_naik,737.7,2818.25,80.0
2026-08-10T05:51,J6,penuh_naik,738.9,2822.375,80.0
2026-08-10T05:51,J6,penuh_naik,740.1,2827.0,80.0
2026-08-10T05:51,J6,penuh_naik,741.2,2833.375,80.0
2026-08-10T05:51,J6,penuh_naik,742.4,2838.25,80.0
2026-08-10T05:51,J6,penuh_naik,743.5,2842.125,80.0
2026-08-10T05:51,J6,penuh_naik,744.7,2847.0,80.0
2026-08-10T05:51,J6,penuh_naik,745.9,2849.625,80.0
2026-08-10T05:51,J6,penuh_naik,747.0,2852.25,80.0
2026-08-10T05:51,J6,penuh_naik,748.2,2853.75,80.0
2026-08-10T05:51,J6,penuh_naik,749.3,2851.25,80.0
2026-08-10T05:51,J6,penuh_naik,750.5,2857.0,80.0
2026-08-10T05:51,J6,penuh_naik,751.7,2857.0,80.0
2026-08-10T05:51,J6,penuh_naik,752.8,2868.375,80.0
2026-08-10T05:51,J6,penuh_naik,754.0,2869.625,80.0
2026-08-10T05:51,J6,penuh_naik,755.1,2871.5,80.0
2026-08-10T05:51,J6,penuh_naik,756.3,2868.625,80.0
2026-08-10T05:51,J6,penuh_naik,757.5,2872.25,80.0
2026-08-10T05:51,J6,penuh_naik,758.6,2878.5,80.0
2026-08-10T05:51,J6,penuh_naik,759.8,2882.375,80.0
2026-08-10T05:51,J6,penuh_naik,760.9,2886.125,80.0
2026-08-10T05:51,J6,penuh_naik,762.1,2890.75,80.0
2026-08-10T05:51,J6,penuh_naik,763.3,2897.25,80.0
2026-08-10T05:51,J6,penuh_naik,764.4,2902.0,80.0
2026-08-10T05:51,J6,penuh_naik,765.6,2909.875,80.0
2026-08-10T05:51,J6,penuh_naik,766.7,2894.125,80.0
2026-08-10T05:51,J6,penuh_naik,767.9,2913.25,80.0
2026-08-10T05:51,J6,penuh_naik,769.1,2916.375,80.0
2026-08-10T05:51,J6,penuh_naik,770.2,2921.25,80.0
2026-08-10T05:51,J6,penuh_naik,771.4,2925.875,80.0
2026-08-10T05:51,J6,penuh_naik,772.5,2929.75,80.0
2026-08-10T05:51,J6,penuh_naik,773.7,2935.125,80.0
2026-08-10T05:51,J6,penuh_naik,774.9,2935.125,80.0
2026-08-10T05:51,J6,penuh_naik,776.0,2940.125,80.0
2026-08-10T05:51,J6,penuh_naik,777.2,2949.0,80.0
2026-08-10T05:51,J6,penuh_naik,778.3,2956.0,80.0
2026-08-10T05:51,J6,penuh_naik,779.5,2932.25,80.0
2026-08-10T05:51,J6,penuh_naik,780.7,2953.875,80.0
2026-08-10T05:51,J6,penuh_naik,781.8,2964.75,80.0
2026-08-10T05:51,J6,penuh_naik,783.0,2997.5,80.0
2026-08-10T05:51,J6,penuh_naik,784.1,3019.75,80.0
2026-08-10T05:51,J6,penuh_naik,785.3,3038.5,80.0
2026-08-10T05:51,J6,penuh_naik,786.5,3073.125,80.0
2026-08-10T05:51,J6,penuh_naik,787.6,3108.75,80.0
2026-08-10T05:51,J6,penuh_naik,788.8,3086.5,80.0
2026-08-10T05:51,J6,penuh_naik,789.9,3060.0,80.0
2026-08-10T05:51,J6,penuh_naik,791.1,3009.875,80.0
2026-08-10T05:51,J6,penuh_naik,792.3,2997.125,80.0
2026-08-10T05:51,J6,penuh_naik,793.4,2996.0,80.0
2026-08-10T05:51,J6,penuh_naik,794.6,3004.5,80.0
2026-08-10T05:51,J6,penuh_naik,795.7,3010.125,80.0
2026-08-10T05:51,J6,penuh_naik,796.9,3016.5,80.0
2026-08-10T05:51,J6,penuh_naik,798.1,3016.5,80.0
2026-08-10T05:51,J6,penuh_naik,799.2,3024.625,80.0
2026-08-10T05:51,J6,penuh_naik,800.4,3026.875,80.0
2026-08-10T05:51,J6,penuh_naik,801.5,3033.5,80.0
2026-08-10T05:51,J6,penuh_naik,802.7,3024.625,80.0
2026-08-10T05:51,J6,penuh_naik,803.9,3018.75,80.0
2026-08-10T05:51,J6,penuh_naik,805.0,3023.625,80.0
2026-08-10T05:51,J6,penuh_naik,806.2,3030.875,80.0
2026-08-10T05:51,J6,penuh_naik,807.3,3032.5,80.0
2026-08-10T05:51,J6,penuh_naik,808.5,3036.625,80.0
2026-08-10T05:51,J6,penuh_naik,809.7,3038.875,80.0
2026-08-10T05:51,J6,penuh_naik,810.8,3047.25,80.0
2026-08-10T05:51,J6,penuh_naik,812.0,3047.625,80.0
2026-08-10T05:51,J6,penuh_naik,813.1,3056.0,80.0
2026-08-10T05:51,J6,penuh_naik,814.3,3034.0,80.0
2026-08-10T05:51,J6,penuh_naik,815.5,3037.625,80.0
2026-08-10T05:51,J6,penuh_naik,816.6,3039.125,80.0
2026-08-10T05:51,J6,penuh_naik,817.8,3038.625,80.0
2026-08-10T05:51,J6,penuh_naik,818.9,3034.5,80.0
2026-08-10T05:51,J6,penuh_naik,820.1,3030.75,80.0
2026-08-10T05:51,J6,penuh_naik,821.3,3030.75,80.0
2026-08-10T05:51,J6,penuh_naik,822.4,3032.125,80.0
2026-08-10T05:51,J6,penuh_naik,823.6,3033.625,80.0
2026-08-10T05:51,J6,penuh_naik,824.7,3034.125,80.0
2026-08-10T05:51,J6,penuh_naik,825.9,3034.375,80.0
2026-08-10T05:51,J6,penuh_naik,827.1,3035.0,80.0
2026-08-10T05:51,J6,penuh_naik,828.2,3036.125,80.0
2026-08-10T05:51,J6,penuh_naik,829.4,3038.625,80.0
2026-08-10T05:51,J6,penuh_naik,830.5,3041.625,80.0
2026-08-10T05:51,J6,penuh_naik,831.7,3043.375,80.0
2026-08-10T05:51,J6,penuh_naik,832.9,3044.875,80.0
2026-08-10T05:51,J6,penuh_naik,834.0,3045.5,80.0
2026-08-10T05:51,J6,penuh_naik,835.2,3046.375,80.0
2026-08-10T05:51,J6,penuh_naik,836.3,3047.5,80.0
2026-08-10T05:51,J6,penuh_naik,837.5,3043.125,80.0
2026-08-10T05:51,J6,penuh_naik,838.7,3044.5,80.0
2026-08-10T05:51,J6,penuh_naik,839.8,3045.125,80.0
2026-08-10T05:51,J6,penuh_naik,841.0,3045.75,80.0
2026-08-10T05:51,J6,penuh_naik,842.1,3046.375,80.0
2026-08-10T05:51,J6,penuh_naik,843.3,3047.25,80.0
2026-08-10T05:51,J6,penuh_naik,844.5,3047.25,80.0
2026-08-10T05:51,J6,penuh_naik,845.6,3046.75,80.0
2026-08-10T05:51,J6,penuh_naik,846.8,3046.75,80.0
2026-08-10T05:51,J6,penuh_naik,847.9,3048.875,80.0
2026-08-10T05:51,J6,penuh_naik,849.1,3051.125,80.0
2026-08-10T05:51,J6,penuh_naik,850.3,3050.625,80.0
2026-08-10T05:51,J6,penuh_naik,851.4,3050.5,80.0
2026-08-10T05:51,J6,penuh_naik,852.6,3050.625,80.0
2026-08-10T05:51,J6,penuh_naik,853.7,3052.125,80.0
2026-08-10T05:51,J6,penuh_naik,854.9,3050.75,80.0
2026-08-10T05:51,J6,penuh_naik,856.1,3051.0,80.0
2026-08-10T05:51,J6,penuh_naik,857.2,3052.0,80.0
2026-08-10T05:51,J6,penuh_naik,858.4,3051.625,80.0
2026-08-10T05:51,J6,penuh_naik,859.5,3052.375,80.0
2026-08-10T05:51,J6,penuh_naik,860.7,3053.5,80.0
2026-08-10T05:51,J6,penuh_naik,861.9,3053.875,80.0
2026-08-10T05:51,J6,penuh_naik,863.0,3054.25,80.0
2026-08-10T05:51,J6,penuh_naik,864.2,3054.625,80.0
2026-08-10T05:51,J6,penuh_naik,865.3,3056.5,80.0
2026-08-10T05:51,J6,penuh_naik,866.5,3054.875,80.0
2026-08-10T05:51,J6,penuh_naik,867.7,3056.0,80.0
2026-08-10T05:51,J6,penuh_naik,868.8,3056.0,80.0
2026-08-10T05:51,J6,penuh_naik,870.0,3056.375,80.0
2026-08-10T05:51,J6,penuh_naik,871.1,3056.25,80.0
2026-08-10T05:51,J6,penuh_naik,872.3,3056.25,80.0
2026-08-10T05:51,J6,penuh_naik,873.5,3056.875,80.0
2026-08-10T05:51,J6,penuh_naik,874.6,3056.125,80.0
2026-08-10T05:51,J6,penuh_naik,875.8,3058.375,80.0
2026-08-10T05:51,J6,penuh_naik,876.9,3059.0,80.0
2026-08-10T05:51,J6,penuh_naik,878.1,3059.125,80.0
2026-08-10T05:51,J6,penuh_naik,879.3,3058.125,80.0
2026-08-10T05:51,J6,penuh_naik,880.4,3056.125,80.0
2026-08-10T05:51,J6,penuh_naik,881.6,3055.375,80.0
2026-08-10T05:51,J6,penuh_naik,882.7,3055.125,80.0
2026-08-10T05:51,J6,penuh_naik,883.9,3055.625,80.0
2026-08-10T05:51,J6,penuh_naik,885.1,3056.0,80.0
2026-08-10T05:51,J6,penuh_naik,886.2,3056.5,80.0
2026-08-10T05:51,J6,penuh_naik,887.4,3056.625,80.0
2026-08-10T05:51,J6,penuh_naik,888.5,3057.0,80.0
2026-08-10T05:51,J6,penuh_naik,889.7,3057.125,80.0
2026-08-10T05:51,J6,penuh_naik,890.9,3057.125,80.0
2026-08-10T05:51,J6,penuh_naik,892.0,3057.125,80.0
2026-08-10T05:51,J6,penuh_naik,893.2,3057.25,80.0
2026-08-10T05:51,J6,penuh_naik,894.3,3057.5,80.0
2026-08-10T05:51,J6,penuh_naik,895.5,3057.875,80.0
2026-08-10T05:51,J6,penuh_naik,896.7,3058.0,80.0
2026-08-10T05:51,J6,penuh_naik,897.8,3058.0,80.0
2026-08-10T05:51,J6,penuh_naik,899.0,3057.875,80.0
2026-08-10T05:51,J6,penuh_naik,900.1,3058.125,80.0
2026-08-10T05:51,J6,penuh_naik,901.3,3058.125,80.0
2026-08-10T05:51,J6,penuh_naik,902.5,3057.875,80.0
2026-08-10T05:51,J6,penuh_naik,903.6,3058.125,80.0
2026-08-10T05:51,J6,penuh_naik,904.8,3058.25,80.0
2026-08-10T05:51,J6,penuh_naik,905.9,3058.125,80.0
2026-08-10T05:51,J6,penuh_naik,907.1,3058.25,80.0
2026-08-10T05:51,J6,penuh_naik,908.3,3058.25,80.0
2026-08-10T05:51,J6,penuh_naik,909.4,3058.375,80.0
2026-08-10T05:51,J6,penuh_naik,910.6,3058.0,80.0
2026-08-10T05:51,J6,penuh_naik,911.7,3058.125,80.0
2026-08-10T05:51,J6,penuh_naik,912.9,3058.125,80.0
2026-08-10T05:51,J6,penuh_naik,914.1,3058.375,80.0
2026-08-10T05:51,J6,penuh_naik,915.2,3058.375,80.0
2026-08-10T05:51,J6,penuh_naik,916.4,3058.125,80.0
2026-08-10T05:51,J6,penuh_naik,917.5,3058.125,80.0
2026-08-10T05:51,J6,penuh_naik,918.7,3058.125,80.0
2026-08-10T05:51,J6,penuh_naik,919.9,3058.25,80.0
2026-08-10T05:51,J6,penuh_naik,921.0,3058.25,80.0
2026-08-10T05:51,J6,penuh_naik,922.2,3058.0,80.0
2026-08-10T05:51,J6,penuh_naik,923.3,3058.0,80.0
2026-08-10T05:51,J6,penuh_naik,924.5,3058.0,80.0
2026-08-10T05:51,J6,penuh_naik,925.7,3058.25,80.0
2026-08-10T05:51,J6,penuh_naik,926.8,3058.125,80.0
2026-08-10T05:51,J6,penuh_naik,928.0,3058.25,80.0
2026-08-10T05:51,J6,penuh_naik,929.1,3058.125,80.0
2026-08-10T05:51,J6,penuh_naik,930.3,3058.25,80.0
2026-08-10T05:51,J6,penuh_naik,931.5,3058.375,80.0
2026-08-10T05:51,J6,penuh_naik,932.6,3058.375,80.0
2026-08-10T05:51,J6,penuh_naik,933.8,3058.125,80.0
2026-08-10T05:51,J6,penuh_naik,934.9,3058.0,80.0
2026-08-10T05:51,J6,penuh_naik,936.1,3058.0,80.0
2026-08-10T05:51,J6,penuh_naik,937.3,3058.375,80.0
2026-08-10T05:51,J6,penuh_naik,938.4,3058.375,80.0
2026-08-10T05:51,J6,penuh_naik,939.6,3058.125,80.0
2026-08-10T05:51,J6,penuh_naik,940.7,3058.125,80.0
2026-08-10T05:51,J6,penuh_naik,941.9,3057.875,80.0
2026-08-10T05:51,J6,penuh_naik,943.1,3058.25,80.0
2026-08-10T05:51,J6,penuh_naik,944.2,3058.25,80.0
2026-08-10T05:51,J6,penuh_naik,945.4,3058.125,80.0
2026-08-10T05:51,J6,penuh_naik,946.5,3058.25,80.0
2026-08-10T05:51,J6,penuh_naik,947.7,3058.125,80.0
2026-08-10T05:51,J6,penuh_naik,948.9,3058.125,80.0
2026-08-10T05:51,J6,penuh_naik,950.0,3058.25,80.0
2026-08-10T05:51,J6,penuh_naik,951.2,3058.25,80.0
2026-08-10T05:51,J6,penuh_naik,952.3,3058.125,80.0
2026-08-10T05:51,J6,penuh_naik,953.5,3058.125,80.0
2026-08-10T05:51,J6,penuh_naik,954.7,3058.125,80.0
2026-08-10T05:51,J6,penuh_naik,955.8,3058.0,80.0
2026-08-10T05:51,J6,penuh_naik,957.0,3058.125,80.0
2026-08-10T05:51,J6,penuh_naik,958.1,3058.25,80.0
2026-08-10T05:51,J6,penuh_naik,959.3,3057.875,80.0
2026-08-10T05:51,J6,penuh_naik,960.5,3057.875,80.0
2026-08-10T05:51,J6,penuh_naik,961.6,3057.875,80.0
2026-08-10T05:51,J6,penuh_naik,962.8,3057.875,80.0
2026-08-10T05:51,J6,penuh_naik,963.9,3057.625,80.0
2026-08-10T05:51,J6,penuh_naik,965.1,3058.125,80.0
2026-08-10T05:51,J6,penuh_naik,966.3,3058.125,80.0
2026-08-10T05:51,J6,penuh_naik,967.4,3058.375,80.0
2026-08-10T05:51,J6,penuh_naik,968.6,3058.0,80.0
2026-08-10T05:51,J6,penuh_naik,969.7,3058.0,80.0
2026-08-10T05:51,J6,penuh_naik,970.9,3058.0,80.0
2026-08-10T05:51,J6,penuh_naik,972.1,3058.25,80.0
2026-08-10T05:51,J6,penuh_naik,973.2,3058.25,80.0
2026-08-10T05:51,J6,penuh_naik,974.4,3058.125,80.0
2026-08-10T05:51,J6,penuh_naik,975.5,3058.125,80.0
2026-08-10T05:51,J6,penuh_naik,976.7,3058.0,80.0
2026-08-10T05:51,J6,penuh_naik,977.9,3058.0,80.0
2026-08-10T05:51,J6,penuh_naik,979.0,3058.125,80.0
2026-08-10T05:51,J6,penuh_turun,0.0,3058.25,80.0
2026-08-10T05:51,J6,penuh_turun,1.1,3058.375,80.0
2026-08-10T05:51,J6,penuh_turun,2.3,3058.25,80.0
2026-08-10T05:51,J6,penuh_turun,3.4,3058.25,80.0
2026-08-10T05:51,J6,penuh_turun,4.6,3058.25,80.0
2026-08-10T05:51,J6,penuh_turun,5.8,3058.125,80.0
2026-08-10T05:51,J6,penuh_turun,6.9,3058.125,80.0
2026-08-10T05:51,J6,penuh_turun,8.1,3058.125,80.0
2026-08-10T05:51,J6,penuh_turun,9.2,3058.5,80.0
2026-08-10T05:51,J6,penuh_turun,10.4,3058.5,80.0
2026-08-10T05:51,J6,penuh_turun,11.6,3058.25,80.0
2026-08-10T05:51,J6,penuh_turun,12.7,3057.875,80.0
2026-08-10T05:51,J6,penuh_turun,13.9,3058.375,80.0
2026-08-10T05:51,J6,penuh_turun,15.0,3058.25,80.0
2026-08-10T05:51,J6,penuh_turun,16.2,3058.125,80.0
2026-08-10T05:51,J6,penuh_turun,17.4,3058.25,80.0
2026-08-10T05:51,J6,penuh_turun,18.5,3058.25,80.0
2026-08-10T05:51,J6,penuh_turun,19.7,3058.25,80.0
2026-08-10T05:51,J6,penuh_turun,20.8,3058.25,80.0
2026-08-10T05:51,J6,penuh_turun,22.0,3058.25,80.0
2026-08-10T05:51,J6,penuh_turun,23.2,3058.375,80.0
2026-08-10T05:51,J6,penuh_turun,24.3,3058.25,80.0
2026-08-10T05:51,J6,penuh_turun,25.5,3058.25,80.0
2026-08-10T05:51,J6,penuh_turun,26.6,3058.25,80.0
2026-08-10T05:51,J6,penuh_turun,27.8,3058.125,80.0
2026-08-10T05:51,J6,penuh_turun,29.0,3058.25,80.0
2026-08-10T05:51,J6,penuh_turun,30.1,3058.25,80.0
2026-08-10T05:51,J6,penuh_turun,31.3,3058.375,80.0
2026-08-10T05:51,J6,penuh_turun,32.4,3058.25,80.0
2026-08-10T05:51,J6,penuh_turun,33.6,3058.375,80.0
2026-08-10T05:51,J6,penuh_turun,34.8,3058.25,80.0
2026-08-10T05:51,J6,penuh_turun,35.9,3058.125,80.0
2026-08-10T05:51,J6,penuh_turun,37.1,3057.875,80.0
2026-08-10T05:51,J6,penuh_turun,38.2,3058.125,80.0
2026-08-10T05:51,J6,penuh_turun,39.4,3058.25,80.0
2026-08-10T05:51,J6,penuh_turun,40.6,3058.25,80.0
2026-08-10T05:51,J6,penuh_turun,41.7,3058.0,80.0
2026-08-10T05:51,J6,penuh_turun,42.9,3058.0,80.0
2026-08-10T05:51,J6,penuh_turun,44.0,3058.25,80.0
2026-08-10T05:51,J6,penuh_turun,45.2,3058.25,80.0
2026-08-10T05:51,J6,penuh_turun,46.4,3058.125,80.0
2026-08-10T05:51,J6,penuh_turun,47.5,3058.125,80.0
2026-08-10T05:51,J6,penuh_turun,48.7,3058.25,80.0
2026-08-10T05:51,J6,penuh_turun,49.8,3058.25,80.0
2026-08-10T05:51,J6,penuh_turun,51.0,3058.375,80.0
2026-08-10T05:51,J6,penuh_turun,52.2,3058.375,80.0
2026-08-10T05:51,J6,penuh_turun,53.3,3058.25,80.0
2026-08-10T05:51,J6,penuh_turun,54.5,3058.125,80.0
2026-08-10T05:51,J6,penuh_turun,55.6,3058.125,80.0
2026-08-10T05:51,J6,penuh_turun,56.8,3058.25,80.0
2026-08-10T05:51,J6,penuh_turun,58.0,3058.125,80.0
2026-08-10T05:51,J6,penuh_turun,59.1,3058.5,80.0
2026-08-10T05:51,J6,penuh_turun,60.3,3058.375,80.0
2026-08-10T05:51,J6,penuh_turun,61.4,3058.125,80.0
2026-08-10T05:51,J6,penuh_turun,62.6,3058.125,80.0
2026-08-10T05:51,J6,penuh_turun,63.8,3058.375,80.0
2026-08-10T05:51,J6,penuh_turun,64.9,3058.25,80.0
2026-08-10T05:51,J6,penuh_turun,66.1,3058.5,80.0
2026-08-10T05:51,J6,penuh_turun,67.2,3058.25,80.0
2026-08-10T05:51,J6,penuh_turun,68.4,3058.25,80.0
2026-08-10T05:51,J6,penuh_turun,69.6,3058.25,80.0
2026-08-10T05:51,J6,penuh_turun,70.7,3058.25,80.0
2026-08-10T05:51,J6,penuh_turun,71.9,3058.25,80.0
2026-08-10T05:51,J6,penuh_turun,73.0,3058.5,80.0
2026-08-10T05:51,J6,penuh_turun,74.2,3058.5,80.0
2026-08-10T05:51,J6,penuh_turun,75.4,3058.375,80.0
2026-08-10T05:51,J6,penuh_turun,76.5,3058.125,80.0
2026-08-10T05:51,J6,penuh_turun,77.7,3058.125,80.0
2026-08-10T05:51,J6,penuh_turun,78.8,3058.25,80.0
2026-08-10T05:51,J6,penuh_turun,80.0,3058.375,80.0
2026-08-10T05:51,J6,penuh_turun,81.2,3058.25,80.0
2026-08-10T05:51,J6,penuh_turun,82.3,3058.375,80.0
2026-08-10T05:51,J6,penuh_turun,83.5,3058.0,80.0
2026-08-10T05:51,J6,penuh_turun,84.6,3058.0,80.0
2026-08-10T05:51,J6,penuh_turun,85.8,3058.125,80.0
2026-08-10T05:51,J6,penuh_turun,87.0,3058.375,80.0
2026-08-10T05:51,J6,penuh_turun,88.1,3058.375,80.0
2026-08-10T05:51,J6,penuh_turun,89.3,3058.25,80.0
2026-08-10T05:51,J6,penuh_turun,90.4,3058.125,80.0
2026-08-10T05:51,J6,penuh_turun,91.6,3058.125,80.0
2026-08-10T05:51,J6,penuh_turun,92.8,3058.375,80.0
2026-08-10T05:51,J6,penuh_turun,93.9,3058.25,80.0
2026-08-10T05:51,J6,penuh_turun,95.1,3058.25,80.0
2026-08-10T05:51,J6,penuh_turun,96.2,3058.25,80.0
2026-08-10T05:51,J6,penuh_turun,97.4,3058.25,80.0
2026-08-10T05:51,J6,penuh_turun,98.6,3058.125,80.0
2026-08-10T05:51,J6,penuh_turun,99.7,3058.125,80.0
2026-08-10T05:51,J6,penuh_turun,100.9,3058.0,80.0
2026-08-10T05:51,J6,penuh_turun,102.0,3058.25,80.0
2026-08-10T05:51,J6,penuh_turun,103.2,3058.375,80.0
2026-08-10T05:51,J6,penuh_turun,104.4,3103.75,80.0
2026-08-10T05:51,J6,penuh_turun,105.5,3249.875,80.0
2026-08-10T05:51,J6,penuh_turun,106.7,3282.25,80.0
2026-08-10T05:51,J6,penuh_turun,107.8,3280.375,80.0
2026-08-10T05:51,J6,penuh_turun,109.0,3236.875,80.0
2026-08-10T05:51,J6,penuh_turun,110.2,3260.75,80.0
2026-08-10T05:51,J6,penuh_turun,111.3,3260.625,80.0
2026-08-10T05:51,J6,penuh_turun,112.5,3259.375,80.0
2026-08-10T05:51,J6,penuh_turun,113.6,3217.375,80.0
2026-08-10T05:51,J6,penuh_turun,114.8,3230.125,80.0
2026-08-10T05:51,J6,penuh_turun,116.0,3218.0,80.0
2026-08-10T05:51,J6,penuh_turun,117.1,3209.5,80.0
2026-08-10T05:51,J6,penuh_turun,118.3,3220.125,80.0
2026-08-10T05:51,J6,penuh_turun,119.4,3191.25,80.0
2026-08-10T05:51,J6,penuh_turun,120.6,3191.25,80.0
2026-08-10T05:51,J6,penuh_turun,121.8,3191.0,80.0
2026-08-10T05:51,J6,penuh_turun,122.9,3187.75,80.0
2026-08-10T05:51,J6,penuh_turun,124.1,3180.5,80.0
2026-08-10T05:51,J6,penuh_turun,125.2,3175.75,80.0
2026-08-10T05:51,J6,penuh_turun,126.4,3169.75,80.0
2026-08-10T05:51,J6,penuh_turun,127.6,3162.75,80.0
2026-08-10T05:51,J6,penuh_turun,128.7,3156.25,80.0
2026-08-10T05:51,J6,penuh_turun,129.9,3160.5,80.0
2026-08-10T05:51,J6,penuh_turun,131.0,3142.875,80.0
2026-08-10T05:51,J6,penuh_turun,132.2,3133.75,80.0
2026-08-10T05:51,J6,penuh_turun,133.4,3134.875,80.0
2026-08-10T05:51,J6,penuh_turun,134.5,3126.875,80.0
2026-08-10T05:51,J6,penuh_turun,135.7,3125.25,80.0
2026-08-10T05:51,J6,penuh_turun,136.8,3116.0,80.0
2026-08-10T05:51,J6,penuh_turun,138.0,3113.125,80.0
2026-08-10T05:51,J6,penuh_turun,139.2,3107.375,80.0
2026-08-10T05:51,J6,penuh_turun,140.3,3102.625,80.0
2026-08-10T05:51,J6,penuh_turun,141.5,3094.125,80.0
2026-08-10T05:51,J6,penuh_turun,142.6,3094.875,80.0
2026-08-10T05:51,J6,penuh_turun,143.8,3094.875,80.0
2026-08-10T05:51,J6,penuh_turun,145.0,3085.0,80.0
2026-08-10T05:51,J6,penuh_turun,146.1,3083.375,80.0
2026-08-10T05:51,J6,penuh_turun,147.3,3074.0,80.0
2026-08-10T05:51,J6,penuh_turun,148.4,3067.375,80.0
2026-08-10T05:51,J6,penuh_turun,149.6,3062.5,80.0
2026-08-10T05:51,J6,penuh_turun,150.8,3060.125,80.0
2026-08-10T05:51,J6,penuh_turun,151.9,3057.0,80.0
2026-08-10T05:51,J6,penuh_turun,153.1,3052.75,80.0
2026-08-10T05:51,J6,penuh_turun,154.2,3047.0,80.0
2026-08-10T05:51,J6,penuh_turun,155.4,3041.875,80.0
2026-08-10T05:51,J6,penuh_turun,156.6,3035.875,80.0
2026-08-10T05:51,J6,penuh_turun,157.7,3028.0,80.0
2026-08-10T05:51,J6,penuh_turun,158.9,3026.25,80.0
2026-08-10T05:51,J6,penuh_turun,160.0,3022.75,80.0
2026-08-10T05:51,J6,penuh_turun,161.2,3017.625,80.0
2026-08-10T05:51,J6,penuh_turun,162.4,3012.25,80.0
2026-08-10T05:51,J6,penuh_turun,163.5,3005.625,80.0
2026-08-10T05:51,J6,penuh_turun,164.7,3003.375,80.0
2026-08-10T05:51,J6,penuh_turun,165.8,2995.875,80.0
2026-08-10T05:51,J6,penuh_turun,167.0,2995.875,80.0
2026-08-10T05:51,J6,penuh_turun,168.2,2989.5,80.0
2026-08-10T05:51,J6,penuh_turun,169.3,2989.125,80.0
2026-08-10T05:51,J6,penuh_turun,170.5,2985.125,80.0
2026-08-10T05:51,J6,penuh_turun,171.6,2977.5,80.0
2026-08-10T05:51,J6,penuh_turun,172.8,2974.0,80.0
2026-08-10T05:51,J6,penuh_turun,174.0,2971.625,80.0
2026-08-10T05:51,J6,penuh_turun,175.1,2964.75,80.0
2026-08-10T05:51,J6,penuh_turun,176.3,2958.875,80.0
2026-08-10T05:51,J6,penuh_turun,177.4,2956.5,80.0
2026-08-10T05:51,J6,penuh_turun,178.6,2950.0,80.0
2026-08-10T05:51,J6,penuh_turun,179.8,2949.125,80.0
2026-08-10T05:51,J6,penuh_turun,180.9,2946.25,80.0
2026-08-10T05:51,J6,penuh_turun,182.1,2939.25,80.0
2026-08-10T05:51,J6,penuh_turun,183.2,2938.0,80.0
2026-08-10T05:51,J6,penuh_turun,184.4,2930.875,80.0
2026-08-10T05:51,J6,penuh_turun,185.6,2926.375,80.0
2026-08-10T05:51,J6,penuh_turun,186.7,2923.0,80.0
2026-08-10T05:51,J6,penuh_turun,187.9,2915.625,80.0
2026-08-10T05:51,J6,penuh_turun,189.0,2913.25,80.0
2026-08-10T05:51,J6,penuh_turun,190.2,2913.25,80.0
2026-08-10T05:51,J6,penuh_turun,191.4,2906.75,80.0
2026-08-10T05:51,J6,penuh_turun,192.5,2904.875,80.0
2026-08-10T05:51,J6,penuh_turun,193.7,2898.875,80.0
2026-08-10T05:51,J6,penuh_turun,194.8,2895.5,80.0
2026-08-10T05:51,J6,penuh_turun,196.0,2891.625,80.0
2026-08-10T05:51,J6,penuh_turun,197.2,2885.625,80.0
2026-08-10T05:51,J6,penuh_turun,198.3,2882.625,80.0
2026-08-10T05:51,J6,penuh_turun,199.5,2875.75,80.0
2026-08-10T05:51,J6,penuh_turun,200.6,2874.0,80.0
2026-08-10T05:51,J6,penuh_turun,201.8,2867.5,80.0
2026-08-10T05:51,J6,penuh_turun,203.0,2865.0,80.0
2026-08-10T05:51,J6,penuh_turun,204.1,2858.25,80.0
2026-08-10T05:51,J6,penuh_turun,205.3,2856.875,80.0
2026-08-10T05:51,J6,penuh_turun,206.4,2851.375,80.0
2026-08-10T05:51,J6,penuh_turun,207.6,2850.5,80.0
2026-08-10T05:51,J6,penuh_turun,208.8,2843.125,80.0
2026-08-10T05:51,J6,penuh_turun,209.9,2839.625,80.0
2026-08-10T05:51,J6,penuh_turun,211.1,2831.375,80.0
2026-08-10T05:51,J6,penuh_turun,212.2,2829.25,80.0
2026-08-10T05:51,J6,penuh_turun,213.4,2822.625,80.0
2026-08-10T05:51,J6,penuh_turun,214.6,2822.625,80.0
2026-08-10T05:51,J6,penuh_turun,215.7,2819.875,80.0
2026-08-10T05:51,J6,penuh_turun,216.9,2812.375,80.0
2026-08-10T05:51,J6,penuh_turun,218.0,2808.25,80.0
2026-08-10T05:51,J6,penuh_turun,219.2,2803.625,80.0
2026-08-10T05:51,J6,penuh_turun,220.4,2800.125,80.0
2026-08-10T05:51,J6,penuh_turun,221.5,2798.625,80.0
2026-08-10T05:51,J6,penuh_turun,222.7,2793.125,80.0
2026-08-10T05:51,J6,penuh_turun,223.8,2789.0,80.0
2026-08-10T05:51,J6,penuh_turun,225.0,2781.25,80.0
2026-08-10T05:51,J6,penuh_turun,226.2,2777.0,80.0
2026-08-10T05:51,J6,penuh_turun,227.3,2768.75,80.0
2026-08-10T05:51,J6,penuh_turun,228.5,2766.5,80.0
2026-08-10T05:51,J6,penuh_turun,229.6,2762.625,80.0
2026-08-10T05:51,J6,penuh_turun,230.8,2758.5,80.0
2026-08-10T05:51,J6,penuh_turun,232.0,2755.0,80.0
2026-08-10T05:51,J6,penuh_turun,233.1,2750.75,80.0
2026-08-10T05:51,J6,penuh_turun,234.3,2746.375,80.0
2026-08-10T05:51,J6,penuh_turun,235.4,2740.0,80.0
2026-08-10T05:51,J6,penuh_turun,236.6,2734.375,80.0
2026-08-10T05:51,J6,penuh_turun,237.8,2734.375,80.0
2026-08-10T05:51,J6,penuh_turun,238.9,2730.375,80.0
2026-08-10T05:51,J6,penuh_turun,240.1,2725.25,80.0
2026-08-10T05:51,J6,penuh_turun,241.2,2720.0,80.0
2026-08-10T05:51,J6,penuh_turun,242.4,2714.625,80.0
2026-08-10T05:51,J6,penuh_turun,243.6,2711.375,80.0
2026-08-10T05:51,J6,penuh_turun,244.7,2708.25,80.0
2026-08-10T05:51,J6,penuh_turun,245.9,2702.75,80.0
2026-08-10T05:51,J6,penuh_turun,247.0,2699.5,80.0
2026-08-10T05:51,J6,penuh_turun,248.2,2695.75,80.0
2026-08-10T05:51,J6,penuh_turun,249.4,2691.875,80.0
2026-08-10T05:51,J6,penuh_turun,250.5,2687.375,80.0
2026-08-10T05:51,J6,penuh_turun,251.7,2680.875,80.0
2026-08-10T05:51,J6,penuh_turun,252.8,2675.875,80.0
2026-08-10T05:51,J6,penuh_turun,254.0,2669.25,80.0
2026-08-10T05:51,J6,penuh_turun,255.2,2661.375,80.0
2026-08-10T05:51,J6,penuh_turun,256.3,2661.0,80.0
2026-08-10T05:51,J6,penuh_turun,257.5,2657.25,80.0
2026-08-10T05:51,J6,penuh_turun,258.6,2652.75,80.0
2026-08-10T05:51,J6,penuh_turun,259.8,2647.75,80.0
2026-08-10T05:51,J6,penuh_turun,261.0,2647.75,80.0
2026-08-10T05:51,J6,penuh_turun,262.1,2642.625,80.0
2026-08-10T05:51,J6,penuh_turun,263.3,2638.375,80.0
2026-08-10T05:51,J6,penuh_turun,264.4,2633.0,80.0
2026-08-10T05:51,J6,penuh_turun,265.6,2628.625,80.0
2026-08-10T05:51,J6,penuh_turun,266.8,2623.75,80.0
2026-08-10T05:51,J6,penuh_turun,267.9,2620.75,80.0
2026-08-10T05:51,J6,penuh_turun,269.1,2616.75,80.0
2026-08-10T05:51,J6,penuh_turun,270.2,2614.875,80.0
2026-08-10T05:51,J6,penuh_turun,271.4,2607.875,80.0
2026-08-10T05:51,J6,penuh_turun,272.6,2601.0,80.0
2026-08-10T05:51,J6,penuh_turun,273.7,2598.125,80.0
2026-08-10T05:51,J6,penuh_turun,274.9,2593.5,80.0
2026-08-10T05:51,J6,penuh_turun,276.0,2590.0,80.0
2026-08-10T05:51,J6,penuh_turun,277.2,2582.875,80.0
2026-08-10T05:51,J6,penuh_turun,278.4,2577.0,80.0
2026-08-10T05:51,J6,penuh_turun,279.5,2573.125,80.0
2026-08-10T05:51,J6,penuh_turun,280.7,2567.875,80.0
2026-08-10T05:51,J6,penuh_turun,281.8,2560.875,80.0
2026-08-10T05:51,J6,penuh_turun,283.0,2560.25,80.0
2026-08-10T05:51,J6,penuh_turun,284.2,2560.25,80.0
2026-08-10T05:51,J6,penuh_turun,285.3,2554.5,80.0
2026-08-10T05:51,J6,penuh_turun,286.5,2548.375,80.0
2026-08-10T05:51,J6,penuh_turun,287.6,2544.75,80.0
2026-08-10T05:51,J6,penuh_turun,288.8,2538.375,80.0
2026-08-10T05:51,J6,penuh_turun,290.0,2534.0,80.0
2026-08-10T05:51,J6,penuh_turun,291.1,2530.25,80.0
2026-08-10T05:51,J6,penuh_turun,292.3,2524.875,80.0
2026-08-10T05:51,J6,penuh_turun,293.4,2519.375,80.0
2026-08-10T05:51,J6,penuh_turun,294.6,2517.625,80.0
2026-08-10T05:51,J6,penuh_turun,295.8,2513.625,80.0
2026-08-10T05:51,J6,penuh_turun,296.9,2507.0,80.0
2026-08-10T05:51,J6,penuh_turun,298.1,2500.0,80.0
2026-08-10T05:51,J6,penuh_turun,299.2,2494.125,80.0
2026-08-10T05:51,J6,penuh_turun,300.4,2489.375,80.0
2026-08-10T05:51,J6,penuh_turun,301.6,2485.75,80.0
2026-08-10T05:51,J6,penuh_turun,302.7,2480.0,80.0
2026-08-10T05:51,J6,penuh_turun,303.9,2475.625,80.0
2026-08-10T05:51,J6,penuh_turun,305.0,2471.875,80.0
2026-08-10T05:51,J6,penuh_turun,306.2,2463.875,80.0
2026-08-10T05:51,J6,penuh_turun,307.4,2463.875,80.0
2026-08-10T05:51,J6,penuh_turun,308.5,2457.75,80.0
2026-08-10T05:51,J6,penuh_turun,309.7,2455.875,80.0
2026-08-10T05:51,J6,penuh_turun,310.8,2453.75,80.0
2026-08-10T05:51,J6,penuh_turun,312.0,2448.125,80.0
2026-08-10T05:51,J6,penuh_turun,313.2,2441.875,80.0
2026-08-10T05:51,J6,penuh_turun,314.3,2436.0,80.0
2026-08-10T05:51,J6,penuh_turun,315.5,2430.625,80.0
2026-08-10T05:51,J6,penuh_turun,316.6,2427.0,80.0
2026-08-10T05:51,J6,penuh_turun,317.8,2423.75,80.0
2026-08-10T05:51,J6,penuh_turun,319.0,2418.625,80.0
2026-08-10T05:51,J6,penuh_turun,320.1,2414.5,80.0
2026-08-10T05:51,J6,penuh_turun,321.3,2407.625,80.0
2026-08-10T05:51,J6,penuh_turun,322.4,2402.375,80.0
2026-08-10T05:51,J6,penuh_turun,323.6,2398.75,80.0
2026-08-10T05:51,J6,penuh_turun,324.8,2395.125,80.0
2026-08-10T05:51,J6,penuh_turun,325.9,2387.75,80.0
2026-08-10T05:51,J6,penuh_turun,327.1,2386.375,80.0
2026-08-10T05:51,J6,penuh_turun,328.2,2378.75,80.0
2026-08-10T05:51,J6,penuh_turun,329.4,2369.25,80.0
2026-08-10T05:51,J6,penuh_turun,330.6,2369.25,80.0
2026-08-10T05:51,J6,penuh_turun,331.7,2366.5,80.0
2026-08-10T05:51,J6,penuh_turun,332.9,2362.75,80.0
2026-08-10T05:51,J6,penuh_turun,334.0,2358.125,80.0
2026-08-10T05:51,J6,penuh_turun,335.2,2352.75,80.0
2026-08-10T05:51,J6,penuh_turun,336.4,2350.0,80.0
2026-08-10T05:51,J6,penuh_turun,337.5,2344.375,80.0
2026-08-10T05:51,J6,penuh_turun,338.7,2338.375,80.0
2026-08-10T05:51,J6,penuh_turun,339.8,2332.875,80.0
2026-08-10T05:51,J6,penuh_turun,341.0,2328.125,80.0
2026-08-10T05:51,J6,penuh_turun,342.2,2325.625,80.0
2026-08-10T05:51,J6,penuh_turun,343.3,2319.25,80.0
2026-08-10T05:51,J6,penuh_turun,344.5,2313.0,80.0
2026-08-10T05:51,J6,penuh_turun,345.6,2307.5,80.0
2026-08-10T05:51,J6,penuh_turun,346.8,2302.0,80.0
2026-08-10T05:51,J6,penuh_turun,348.0,2295.0,80.0
2026-08-10T05:51,J6,penuh_turun,349.1,2291.5,80.0
2026-08-10T05:51,J6,penuh_turun,350.3,2286.25,80.0
2026-08-10T05:51,J6,penuh_turun,351.4,2279.25,80.0
2026-08-10T05:51,J6,penuh_turun,352.6,2276.125,80.0
2026-08-10T05:51,J6,penuh_turun,353.8,2273.75,80.0
2026-08-10T05:51,J6,penuh_turun,354.9,2273.75,80.0
2026-08-10T05:51,J6,penuh_turun,356.1,2269.25,80.0
2026-08-10T05:51,J6,penuh_turun,357.2,2260.5,80.0
2026-08-10T05:51,J6,penuh_turun,358.4,2257.875,80.0
2026-08-10T05:51,J6,penuh_turun,359.6,2252.0,80.0
2026-08-10T05:51,J6,penuh_turun,360.7,2244.375,80.0
2026-08-10T05:51,J6,penuh_turun,361.9,2242.875,80.0
2026-08-10T05:51,J6,penuh_turun,363.0,2239.0,80.0
2026-08-10T05:51,J6,penuh_turun,364.2,2232.75,80.0
2026-08-10T05:51,J6,penuh_turun,365.4,2226.125,80.0
2026-08-10T05:51,J6,penuh_turun,366.5,2225.5,80.0
2026-08-10T05:51,J6,penuh_turun,367.7,2220.75,80.0
2026-08-10T05:51,J6,penuh_turun,368.8,2213.5,80.0
2026-08-10T05:51,J6,penuh_turun,370.0,2208.0,80.0
2026-08-10T05:51,J6,penuh_turun,371.2,2203.5,80.0
2026-08-10T05:51,J6,penuh_turun,372.3,2199.0,80.0
2026-08-10T05:51,J6,penuh_turun,373.5,2190.875,80.0
2026-08-10T05:51,J6,penuh_turun,374.6,2187.375,80.0
2026-08-10T05:51,J6,penuh_turun,375.8,2182.25,80.0
2026-08-10T05:51,J6,penuh_turun,377.0,2177.125,80.0
2026-08-10T05:51,J6,penuh_turun,378.1,2177.125,80.0
2026-08-10T05:51,J6,penuh_turun,379.3,2170.75,80.0
2026-08-10T05:51,J6,penuh_turun,380.4,2167.625,80.0
2026-08-10T05:51,J6,penuh_turun,381.6,2164.375,80.0
2026-08-10T05:51,J6,penuh_turun,382.8,2155.125,80.0
2026-08-10T05:51,J6,penuh_turun,383.9,2150.125,80.0
2026-08-10T05:51,J6,penuh_turun,385.1,2148.875,80.0
2026-08-10T05:51,J6,penuh_turun,386.2,2144.375,80.0
2026-08-10T05:51,J6,penuh_turun,387.4,2136.875,80.0
2026-08-10T05:51,J6,penuh_turun,388.6,2134.375,80.0
2026-08-10T05:51,J6,penuh_turun,389.7,2127.125,80.0
2026-08-10T05:51,J6,penuh_turun,390.9,2119.0,80.0
2026-08-10T05:51,J6,penuh_turun,392.0,2117.75,80.0
2026-08-10T05:51,J6,penuh_turun,393.2,2114.5,80.0
2026-08-10T05:51,J6,penuh_turun,394.4,2106.25,80.0
2026-08-10T05:51,J6,penuh_turun,395.5,2097.875,80.0
2026-08-10T05:51,J6,penuh_turun,396.7,2098.125,80.0
2026-08-10T05:51,J6,penuh_turun,397.8,2094.625,80.0
2026-08-10T05:51,J6,penuh_turun,399.0,2088.375,80.0
2026-08-10T05:51,J6,penuh_turun,400.2,2082.75,80.0
2026-08-10T05:51,J6,penuh_turun,401.3,2082.75,80.0
2026-08-10T05:51,J6,penuh_turun,402.5,2076.125,80.0
2026-08-10T05:51,J6,penuh_turun,403.6,2071.25,80.0
2026-08-10T05:51,J6,penuh_turun,404.8,2066.0,80.0
2026-08-10T05:51,J6,penuh_turun,406.0,2063.5,80.0
2026-08-10T05:51,J6,penuh_turun,407.1,2057.875,80.0
2026-08-10T05:51,J6,penuh_turun,408.3,2054.375,80.0
2026-08-10T05:51,J6,penuh_turun,409.4,2048.875,80.0
2026-08-10T05:51,J6,penuh_turun,410.6,2043.625,80.0
2026-08-10T05:51,J6,penuh_turun,411.8,2039.0,80.0
2026-08-10T05:51,J6,penuh_turun,412.9,2029.375,80.0
2026-08-10T05:51,J6,penuh_turun,414.1,2023.25,80.0
2026-08-10T05:51,J6,penuh_turun,415.2,2019.875,80.0
2026-08-10T05:51,J6,penuh_turun,416.4,2017.0,80.0
2026-08-10T05:51,J6,penuh_turun,417.6,2009.75,80.0
2026-08-10T05:51,J6,penuh_turun,418.7,2007.75,80.0
2026-08-10T05:51,J6,penuh_turun,419.9,2000.625,80.0
2026-08-10T05:51,J6,penuh_turun,421.0,1990.625,80.0
2026-08-10T05:51,J6,penuh_turun,422.2,1988.0,80.0
2026-08-10T05:51,J6,penuh_turun,423.4,1983.5,80.0
2026-08-10T05:51,J6,penuh_turun,424.5,1983.5,80.0
2026-08-10T05:51,J6,penuh_turun,425.7,1978.375,80.0
2026-08-10T05:51,J6,penuh_turun,426.8,1969.625,80.0
2026-08-10T05:51,J6,penuh_turun,428.0,1968.25,80.0
2026-08-10T05:51,J6,penuh_turun,429.2,1965.125,80.0
2026-08-10T05:51,J6,penuh_turun,430.3,1957.0,80.0
2026-08-10T05:51,J6,penuh_turun,431.5,1951.75,80.0
2026-08-10T05:51,J6,penuh_turun,432.6,1948.25,80.0
2026-08-10T05:51,J6,penuh_turun,433.8,1944.125,80.0
2026-08-10T05:51,J6,penuh_turun,435.0,1938.75,80.0
2026-08-10T05:51,J6,penuh_turun,436.1,1933.25,80.0
2026-08-10T05:51,J6,penuh_turun,437.3,1925.125,80.0
2026-08-10T05:51,J6,penuh_turun,438.4,1918.5,80.0
2026-08-10T05:51,J6,penuh_turun,439.6,1913.75,80.0
2026-08-10T05:51,J6,penuh_turun,440.8,1908.875,80.0
2026-08-10T05:51,J6,penuh_turun,441.9,1901.75,80.0
2026-08-10T05:51,J6,penuh_turun,443.1,1892.875,80.0
2026-08-10T05:51,J6,penuh_turun,444.2,1891.375,80.0
2026-08-10T05:51,J6,penuh_turun,445.4,1889.375,80.0
2026-08-10T05:51,J6,penuh_turun,446.6,1884.875,80.0
2026-08-10T05:51,J6,penuh_turun,447.7,1884.875,80.0
2026-08-10T05:51,J6,penuh_turun,448.9,1877.0,80.0
2026-08-10T05:51,J6,penuh_turun,450.0,1874.125,80.0
2026-08-10T05:51,J6,penuh_turun,451.2,1866.375,80.0
2026-08-10T05:51,J6,penuh_turun,452.4,1856.0,80.0
2026-08-10T05:51,J6,penuh_turun,453.5,1853.75,80.0
2026-08-10T05:51,J6,penuh_turun,454.7,1851.75,80.0
2026-08-10T05:51,J6,penuh_turun,455.8,1848.625,80.0
2026-08-10T05:51,J6,penuh_turun,457.0,1841.375,80.0
2026-08-10T05:51,J6,penuh_turun,458.2,1838.375,80.0
2026-08-10T05:51,J6,penuh_turun,459.3,1831.75,80.0
2026-08-10T05:51,J6,penuh_turun,460.5,1822.375,80.0
2026-08-10T05:51,J6,penuh_turun,461.6,1818.5,80.0
2026-08-10T05:51,J6,penuh_turun,462.8,1814.5,80.0
2026-08-10T05:51,J6,penuh_turun,464.0,1808.625,80.0
2026-08-10T05:51,J6,penuh_turun,465.1,1800.125,80.0
2026-08-10T05:51,J6,penuh_turun,466.3,1799.25,80.0
2026-08-10T05:51,J6,penuh_turun,467.4,1795.75,80.0
2026-08-10T05:51,J6,penuh_turun,468.6,1791.625,80.0
2026-08-10T05:51,J6,penuh_turun,469.8,1784.375,80.0
2026-08-10T05:51,J6,penuh_turun,470.9,1784.375,80.0
2026-08-10T05:51,J6,penuh_turun,472.1,1777.375,80.0
2026-08-10T05:51,J6,penuh_turun,473.2,1771.5,80.0
2026-08-10T05:51,J6,penuh_turun,474.4,1764.875,80.0
2026-08-10T05:51,J6,penuh_turun,475.6,1761.5,80.0
2026-08-10T05:51,J6,penuh_turun,476.7,1757.875,80.0
2026-08-10T05:51,J6,penuh_turun,477.9,1753.75,80.0
2026-08-10T05:51,J6,penuh_turun,479.0,1745.5,80.0
2026-08-10T05:51,J6,penuh_turun,480.2,1744.5,80.0
2026-08-10T05:51,J6,penuh_turun,481.4,1740.625,80.0
2026-08-10T05:51,J6,penuh_turun,482.5,1731.5,80.0
2026-08-10T05:51,J6,penuh_turun,483.7,1728.75,80.0
2026-08-10T05:51,J6,penuh_turun,484.8,1724.75,80.0
2026-08-10T05:51,J6,penuh_turun,486.0,1719.375,80.0
2026-08-10T05:51,J6,penuh_turun,487.2,1710.0,80.0
2026-08-10T05:51,J6,penuh_turun,488.3,1702.875,80.0
2026-08-10T05:51,J6,penuh_turun,489.5,1695.375,80.0
2026-08-10T05:51,J6,penuh_turun,490.6,1688.75,80.0
2026-08-10T05:51,J6,penuh_turun,491.8,1685.625,80.0
2026-08-10T05:51,J6,penuh_turun,493.0,1680.75,80.0
2026-08-10T05:51,J6,penuh_turun,494.1,1680.75,80.0
2026-08-10T05:51,J6,penuh_turun,495.3,1675.625,80.0
2026-08-10T05:51,J6,penuh_turun,496.4,1669.625,80.0
2026-08-10T05:51,J6,penuh_turun,497.6,1666.0,80.0
2026-08-10T05:51,J6,penuh_turun,498.8,1660.5,80.0
2026-08-10T05:51,J6,penuh_turun,499.9,1655.375,80.0
2026-08-10T05:51,J6,penuh_turun,501.1,1650.125,80.0
2026-08-10T05:51,J6,penuh_turun,502.2,1643.375,80.0
2026-08-10T05:51,J6,penuh_turun,503.4,1639.125,80.0
2026-08-10T05:51,J6,penuh_turun,504.6,1633.375,80.0
2026-08-10T05:51,J6,penuh_turun,505.7,1630.375,80.0
2026-08-10T05:51,J6,penuh_turun,506.9,1625.75,80.0
2026-08-10T05:51,J6,penuh_turun,508.0,1620.5,80.0
2026-08-10T05:51,J6,penuh_turun,509.2,1610.875,80.0
2026-08-10T05:51,J6,penuh_turun,510.4,1604.75,80.0
2026-08-10T05:51,J6,penuh_turun,511.5,1601.75,80.0
2026-08-10T05:51,J6,penuh_turun,512.7,1595.25,80.0
2026-08-10T05:51,J6,penuh_turun,513.8,1592.625,80.0
2026-08-10T05:51,J6,penuh_turun,515.0,1587.25,80.0
2026-08-10T05:51,J6,penuh_turun,516.2,1581.625,80.0
2026-08-10T05:51,J6,penuh_turun,517.3,1574.5,80.0
2026-08-10T05:51,J6,penuh_turun,518.5,1574.5,80.0
2026-08-10T05:51,J6,penuh_turun,519.6,1572.625,80.0
2026-08-10T05:51,J6,penuh_turun,520.8,1567.125,80.0
2026-08-10T05:51,J6,penuh_turun,522.0,1560.5,80.0
2026-08-10T05:51,J6,penuh_turun,523.1,1559.25,80.0
2026-08-10T05:51,J6,penuh_turun,524.3,1555.375,80.0
2026-08-10T05:51,J6,penuh_turun,525.4,1549.625,80.0
2026-08-10T05:51,J6,penuh_turun,526.6,1541.875,80.0
2026-08-10T05:51,J6,penuh_turun,527.8,1536.625,80.0
2026-08-10T05:51,J6,penuh_turun,528.9,1527.875,80.0
2026-08-10T05:51,J6,penuh_turun,530.1,1521.25,80.0
2026-08-10T05:51,J6,penuh_turun,531.2,1517.25,80.0
2026-08-10T05:51,J6,penuh_turun,532.4,1513.75,80.0
2026-08-10T05:51,J6,penuh_turun,533.6,1510.625,80.0
2026-08-10T05:51,J6,penuh_turun,534.7,1503.125,80.0
2026-08-10T05:51,J6,penuh_turun,535.9,1500.375,80.0
2026-08-10T05:51,J6,penuh_turun,537.0,1496.75,80.0
2026-08-10T05:51,J6,penuh_turun,538.2,1490.25,80.0
2026-08-10T05:51,J6,penuh_turun,539.4,1485.375,80.0
2026-08-10T05:51,J6,penuh_turun,540.5,1482.625,80.0
2026-08-10T05:51,J6,penuh_turun,541.7,1482.625,80.0
2026-08-10T05:51,J6,penuh_turun,542.8,1476.5,80.0
2026-08-10T05:51,J6,penuh_turun,544.0,1467.625,80.0
2026-08-10T05:51,J6,penuh_turun,545.2,1462.875,80.0
2026-08-10T05:51,J6,penuh_turun,546.3,1458.375,80.0
2026-08-10T05:51,J6,penuh_turun,547.5,1452.875,80.0
2026-08-10T05:51,J6,penuh_turun,548.6,1442.375,80.0
2026-08-10T05:51,J6,penuh_turun,549.8,1443.875,80.0
2026-08-10T05:51,J6,penuh_turun,551.0,1439.5,80.0
2026-08-10T05:51,J6,penuh_turun,552.1,1426.875,80.0
2026-08-10T05:51,J6,penuh_turun,553.3,1422.125,80.0
2026-08-10T05:51,J6,penuh_turun,554.4,1419.5,80.0
2026-08-10T05:51,J6,penuh_turun,555.6,1415.625,80.0
2026-08-10T05:51,J6,penuh_turun,556.8,1410.125,80.0
2026-08-10T05:51,J6,penuh_turun,557.9,1408.25,80.0
2026-08-10T05:51,J6,penuh_turun,559.1,1402.875,80.0
2026-08-10T05:51,J6,penuh_turun,560.2,1398.25,80.0
2026-08-10T05:51,J6,penuh_turun,561.4,1393.5,80.0
2026-08-10T05:51,J6,penuh_turun,562.6,1387.375,80.0
2026-08-10T05:51,J6,penuh_turun,563.7,1385.0,80.0
2026-08-10T05:51,J6,penuh_turun,564.9,1385.0,80.0
2026-08-10T05:51,J6,penuh_turun,566.0,1378.0,80.0
2026-08-10T05:51,J6,penuh_turun,567.2,1373.0,80.0
2026-08-10T05:51,J6,penuh_turun,568.4,1366.625,80.0
2026-08-10T05:51,J6,penuh_turun,569.5,1361.0,80.0
2026-08-10T05:51,J6,penuh_turun,570.7,1355.625,80.0
2026-08-10T05:51,J6,penuh_turun,571.8,1350.625,80.0
2026-08-10T05:51,J6,penuh_turun,573.0,1344.375,80.0
2026-08-10T05:51,J6,penuh_turun,574.2,1334.375,80.0
2026-08-10T05:51,J6,penuh_turun,575.3,1328.625,80.0
2026-08-10T05:51,J6,penuh_turun,576.5,1325.75,80.0
2026-08-10T05:51,J6,penuh_turun,577.6,1323.75,80.0
2026-08-10T05:51,J6,penuh_turun,578.8,1316.5,80.0
2026-08-10T05:51,J6,penuh_turun,580.0,1314.125,80.0
2026-08-10T05:51,J6,penuh_turun,581.1,1307.875,80.0
2026-08-10T05:51,J6,penuh_turun,582.3,1297.5,80.0
2026-08-10T05:51,J6,penuh_turun,583.4,1296.375,80.0
2026-08-10T05:51,J6,penuh_turun,584.6,1290.875,80.0
2026-08-10T05:51,J6,penuh_turun,585.8,1285.75,80.0
2026-08-10T05:51,J6,penuh_turun,586.9,1279.75,80.0
2026-08-10T05:51,J6,penuh_turun,588.1,1279.75,80.0
2026-08-10T05:51,J6,penuh_turun,589.2,1279.25,80.0
2026-08-10T05:51,J6,penuh_turun,590.4,1274.0,80.0
2026-08-10T05:51,J6,penuh_turun,591.6,1268.125,80.0
2026-08-10T05:51,J6,penuh_turun,592.7,1264.5,80.0
2026-08-10T05:51,J6,penuh_turun,593.9,1259.5,80.0
2026-08-10T05:51,J6,penuh_turun,595.0,1254.625,80.0
2026-08-10T05:51,J6,penuh_turun,596.2,1246.875,80.0
2026-08-10T05:51,J6,penuh_turun,597.4,1242.375,80.0
2026-08-10T05:51,J6,penuh_turun,598.5,1237.5,80.0
2026-08-10T05:51,J6,penuh_turun,599.7,1233.375,80.0
2026-08-10T05:51,J6,penuh_turun,600.8,1226.625,80.0
2026-08-10T05:51,J6,penuh_turun,602.0,1223.125,80.0
2026-08-10T05:51,J6,penuh_turun,603.2,1219.5,80.0
2026-08-10T05:51,J6,penuh_turun,604.3,1209.5,80.0
2026-08-10T05:51,J6,penuh_turun,605.5,1206.625,80.0
2026-08-10T05:51,J6,penuh_turun,606.6,1203.75,80.0
2026-08-10T05:51,J6,penuh_turun,607.8,1199.125,80.0
2026-08-10T05:51,J6,penuh_turun,609.0,1190.125,80.0
2026-08-10T05:51,J6,penuh_turun,610.1,1186.875,80.0
2026-08-10T05:51,J6,penuh_turun,611.3,1186.875,80.0
2026-08-10T05:51,J6,penuh_turun,612.4,1181.875,80.0
2026-08-10T05:51,J6,penuh_turun,613.6,1174.75,80.0
2026-08-10T05:51,J6,penuh_turun,614.8,1175.125,80.0
2026-08-10T05:51,J6,penuh_turun,615.9,1171.375,80.0
2026-08-10T05:51,J6,penuh_turun,617.1,1164.5,80.0
2026-08-10T05:51,J6,penuh_turun,618.2,1156.25,80.0
2026-08-10T05:51,J6,penuh_turun,619.4,1156.25,80.0
2026-08-10T05:51,J6,penuh_turun,620.6,1149.375,80.0
2026-08-10T05:51,J6,penuh_turun,621.7,1141.5,80.0
2026-08-10T05:51,J6,penuh_turun,622.9,1135.625,80.0
2026-08-10T05:51,J6,penuh_turun,624.0,1130.375,80.0
2026-08-10T05:51,J6,penuh_turun,625.2,1125.75,80.0
2026-08-10T05:51,J6,penuh_turun,626.4,1121.5,80.0
2026-08-10T05:51,J6,penuh_turun,627.5,1117.5,80.0
2026-08-10T05:51,J6,penuh_turun,628.7,1109.25,80.0
2026-08-10T05:51,J6,penuh_turun,629.8,1104.5,80.0
2026-08-10T05:51,J6,penuh_turun,631.0,1098.75,80.0
2026-08-10T05:51,J6,penuh_turun,632.2,1095.25,80.0
2026-08-10T05:51,J6,penuh_turun,633.3,1093.5,80.0
2026-08-10T05:51,J6,penuh_turun,634.5,1093.5,80.0
2026-08-10T05:51,J6,penuh_turun,635.6,1087.125,80.0
2026-08-10T05:51,J6,penuh_turun,636.8,1081.875,80.0
2026-08-10T05:51,J6,penuh_turun,638.0,1075.375,80.0
2026-08-10T05:51,J6,penuh_turun,639.1,1069.875,80.0
2026-08-10T05:51,J6,penuh_turun,640.3,1064.125,80.0
2026-08-10T05:51,J6,penuh_turun,641.4,1064.125,80.0
2026-08-10T05:51,J6,penuh_turun,642.6,1059.0,80.0
2026-08-10T05:51,J6,penuh_turun,643.8,1047.875,80.0
2026-08-10T05:51,J6,penuh_turun,644.9,1043.375,80.0
2026-08-10T05:51,J6,penuh_turun,646.1,1037.75,80.0
2026-08-10T05:51,J6,penuh_turun,647.2,1033.875,80.0
2026-08-10T05:51,J6,penuh_turun,648.4,1027.625,80.0
2026-08-10T05:51,J6,penuh_turun,649.6,1026.0,80.0
2026-08-10T05:51,J6,penuh_turun,650.7,1021.25,80.0
2026-08-10T05:51,J6,penuh_turun,651.9,1011.25,80.0
2026-08-10T05:51,J6,penuh_turun,653.0,1004.875,80.0
2026-08-10T05:51,J6,penuh_turun,654.2,1000.625,80.0
2026-08-10T05:51,J6,penuh_turun,655.4,994.625,80.0
2026-08-10T05:51,J6,penuh_turun,656.5,987.25,80.0
2026-08-10T05:51,J6,penuh_turun,657.7,987.25,80.0
2026-08-10T05:51,J6,penuh_turun,658.8,984.625,80.0
2026-08-10T05:51,J6,penuh_turun,660.0,981.125,80.0
2026-08-10T05:51,J6,penuh_turun,661.2,977.5,80.0
2026-08-10T05:51,J6,penuh_turun,662.3,971.5,80.0
2026-08-10T05:51,J6,penuh_turun,663.5,965.375,80.0
2026-08-10T05:51,J6,penuh_turun,664.6,960.25,80.0
2026-08-10T05:51,J6,penuh_turun,665.8,955.125,80.0
2026-08-10T05:51,J6,penuh_turun,667.0,952.125,80.0
2026-08-10T05:51,J6,penuh_turun,668.1,946.75,80.0
2026-08-10T05:51,J6,penuh_turun,669.3,941.5,80.0
2026-08-10T05:51,J6,penuh_turun,670.4,932.625,80.0
2026-08-10T05:51,J6,penuh_turun,671.6,930.5,80.0
2026-08-10T05:51,J6,penuh_turun,672.8,927.0,80.0
2026-08-10T05:51,J6,penuh_turun,673.9,919.5,80.0
2026-08-10T05:51,J6,penuh_turun,675.1,917.25,80.0
2026-08-10T05:51,J6,penuh_turun,676.2,912.25,80.0
2026-08-10T05:51,J6,penuh_turun,677.4,907.75,80.0
2026-08-10T05:51,J6,penuh_turun,678.6,900.125,80.0
2026-08-10T05:51,J6,penuh_turun,679.7,896.5,80.0
2026-08-10T05:51,J6,penuh_turun,680.9,891.125,80.0
2026-08-10T05:51,J6,penuh_turun,682.0,891.125,80.0
2026-08-10T05:51,J6,penuh_turun,683.2,881.625,80.0
2026-08-10T05:51,J6,penuh_turun,684.4,880.25,80.0
2026-08-10T05:51,J6,penuh_turun,685.5,874.375,80.0
2026-08-10T05:51,J6,penuh_turun,686.7,868.5,80.0
2026-08-10T05:51,J6,penuh_turun,687.8,862.125,80.0
2026-08-10T05:51,J6,penuh_turun,689.0,861.5,80.0
2026-08-10T05:51,J6,penuh_turun,690.2,856.125,80.0
2026-08-10T05:51,J6,penuh_turun,691.3,851.0,80.0
2026-08-10T05:51,J6,penuh_turun,692.5,845.75,80.0
2026-08-10T05:51,J6,penuh_turun,693.6,840.375,80.0
2026-08-10T05:51,J6,penuh_turun,694.8,835.875,80.0
2026-08-10T05:51,J6,penuh_turun,696.0,830.125,80.0
2026-08-10T05:51,J6,penuh_turun,697.1,824.875,80.0
2026-08-10T05:51,J6,penuh_turun,698.3,822.75,80.0
2026-08-10T05:51,J6,penuh_turun,699.4,817.5,80.0
2026-08-10T05:51,J6,penuh_turun,700.6,809.5,80.0
2026-08-10T05:51,J6,penuh_turun,701.8,805.375,80.0
2026-08-10T05:51,J6,penuh_turun,702.9,799.75,80.0
2026-08-10T05:51,J6,penuh_turun,704.1,792.25,80.0
2026-08-10T05:51,J6,penuh_turun,705.2,792.25,80.0
2026-08-10T05:51,J6,penuh_turun,706.4,791.875,80.0
2026-08-10T05:51,J6,penuh_turun,707.6,788.0,80.0
2026-08-10T05:51,J6,penuh_turun,708.7,782.25,80.0
2026-08-10T05:51,J6,penuh_turun,709.9,772.875,80.0
2026-08-10T05:51,J6,penuh_turun,711.0,770.875,80.0
2026-08-10T05:51,J6,penuh_turun,712.2,766.625,80.0
2026-08-10T05:51,J6,penuh_turun,713.4,760.625,80.0
2026-08-10T05:51,J6,penuh_turun,714.5,755.625,80.0
2026-08-10T05:51,J6,penuh_turun,715.7,750.25,80.0
2026-08-10T05:51,J6,penuh_turun,716.8,743.875,80.0
2026-08-10T05:51,J6,penuh_turun,718.0,738.625,80.0
2026-08-10T05:51,J6,penuh_turun,719.2,737.125,80.0
2026-08-10T05:51,J6,penuh_turun,720.3,732.625,80.0
2026-08-10T05:51,J6,penuh_turun,721.5,727.875,80.0
2026-08-10T05:51,J6,penuh_turun,722.6,722.375,80.0
2026-08-10T05:51,J6,penuh_turun,723.8,714.5,80.0
2026-08-10T05:51,J6,penuh_turun,725.0,709.75,80.0
2026-08-10T05:51,J6,penuh_turun,726.1,703.5,80.0
2026-08-10T05:51,J6,penuh_turun,727.3,700.25,80.0
2026-08-10T05:51,J6,penuh_turun,728.4,700.25,80.0
2026-08-10T05:51,J6,penuh_turun,729.6,696.375,80.0
2026-08-10T05:51,J6,penuh_turun,730.8,691.75,80.0
2026-08-10T05:51,J6,penuh_turun,731.9,685.625,80.0
2026-08-10T05:51,J6,penuh_turun,733.1,680.75,80.0
2026-08-10T05:51,J6,penuh_turun,734.2,675.625,80.0
2026-08-10T05:51,J6,penuh_turun,735.4,666.875,80.0
2026-08-10T05:51,J6,penuh_turun,736.6,662.625,80.0
2026-08-10T05:51,J6,penuh_turun,737.7,657.625,80.0
2026-08-10T05:51,J6,penuh_turun,738.9,652.625,80.0
2026-08-10T05:51,J6,penuh_turun,740.0,645.125,80.0
2026-08-10T05:51,J6,penuh_turun,741.2,644.0,80.0
2026-08-10T05:51,J6,penuh_turun,742.4,636.0,80.0
2026-08-10T05:51,J6,penuh_turun,743.5,628.625,80.0
2026-08-10T05:51,J6,penuh_turun,744.7,625.125,80.0
2026-08-10T05:51,J6,penuh_turun,745.8,619.125,80.0
2026-08-10T05:51,J6,penuh_turun,747.0,613.125,80.0
2026-08-10T05:51,J6,penuh_turun,748.2,608.375,80.0
2026-08-10T05:51,J6,penuh_turun,749.3,603.5,80.0
2026-08-10T05:51,J6,penuh_turun,750.5,597.25,80.0
2026-08-10T05:51,J6,penuh_turun,751.6,597.25,80.0
2026-08-10T05:51,J6,penuh_turun,752.8,591.125,80.0
2026-08-10T05:51,J6,penuh_turun,754.0,585.5,80.0
2026-08-10T05:51,J6,penuh_turun,755.1,581.0,80.0
2026-08-10T05:51,J6,penuh_turun,756.3,577.0,80.0
2026-08-10T05:51,J6,penuh_turun,757.4,572.0,80.0
2026-08-10T05:51,J6,penuh_turun,758.6,570.625,80.0
2026-08-10T05:51,J6,penuh_turun,759.8,562.25,80.0
2026-08-10T05:51,J6,penuh_turun,760.9,550.75,80.0
2026-08-10T05:51,J6,penuh_turun,762.1,541.625,80.0
2026-08-10T05:51,J6,penuh_turun,763.2,532.625,80.0
2026-08-10T05:51,J6,penuh_turun,764.4,524.5,80.0
2026-08-10T05:51,J6,penuh_turun,765.6,519.125,80.0
2026-08-10T05:51,J6,penuh_turun,766.7,512.375,80.0
2026-08-10T05:51,J6,penuh_turun,767.9,503.75,80.0
2026-08-10T05:51,J6,penuh_turun,769.0,497.625,80.0
2026-08-10T05:51,J6,penuh_turun,770.2,493.375,80.0
2026-08-10T05:51,J6,penuh_turun,771.4,488.625,80.0
2026-08-10T05:51,J6,penuh_turun,772.5,483.0,80.0
2026-08-10T05:51,J6,penuh_turun,773.7,480.25,80.0
2026-08-10T05:51,J6,penuh_turun,774.8,480.25,80.0
2026-08-10T05:51,J6,penuh_turun,776.0,475.5,80.0
2026-08-10T05:51,J6,penuh_turun,777.2,468.625,80.0
2026-08-10T05:51,J6,penuh_turun,778.3,462.5,80.0
2026-08-10T05:51,J6,penuh_turun,779.5,458.125,80.0
2026-08-10T05:51,J6,penuh_turun,780.6,459.5,80.0
2026-08-10T05:51,J6,penuh_turun,781.8,462.375,80.0
2026-08-10T05:51,J6,penuh_turun,783.0,468.5,80.0
2026-08-10T05:51,J6,penuh_turun,784.1,493.375,80.0
2026-08-10T05:51,J6,penuh_turun,785.3,528.375,80.0
2026-08-10T05:51,J6,penuh_turun,786.4,505.125,80.0
2026-08-10T05:51,J6,penuh_turun,787.6,483.125,80.0
2026-08-10T05:51,J6,penuh_turun,788.8,460.375,80.0
2026-08-10T05:51,J6,penuh_turun,789.9,504.25,80.0
2026-08-10T05:51,J6,penuh_turun,791.1,514.375,80.0
2026-08-10T05:51,J6,penuh_turun,792.2,492.875,80.0
2026-08-10T05:51,J6,penuh_turun,793.4,471.0,80.0
2026-08-10T05:51,J6,penuh_turun,794.6,450.125,80.0
2026-08-10T05:51,J6,penuh_turun,795.7,416.875,80.0
2026-08-10T05:51,J6,penuh_turun,796.9,407.375,80.0
2026-08-10T05:51,J6,penuh_turun,798.0,407.375,80.0
2026-08-10T05:51,J6,penuh_turun,799.2,397.0,80.0
2026-08-10T05:51,J6,penuh_turun,800.4,373.375,80.0
2026-08-10T05:51,J6,penuh_turun,801.5,382.625,80.0
2026-08-10T05:51,J6,penuh_turun,802.7,394.125,80.0
2026-08-10T05:51,J6,penuh_turun,803.8,430.625,80.0
2026-08-10T05:51,J6,penuh_turun,805.0,500.625,80.0
2026-08-10T05:51,J6,penuh_turun,806.2,417.625,80.0
2026-08-10T05:51,J6,penuh_turun,807.3,407.875,80.0
2026-08-10T05:51,J6,penuh_turun,808.5,411.75,80.0
2026-08-10T05:51,J6,penuh_turun,809.6,395.375,80.0
2026-08-10T05:51,J6,penuh_turun,810.8,382.5,80.0
2026-08-10T05:51,J6,penuh_turun,812.0,366.0,80.0
2026-08-10T05:51,J6,penuh_turun,813.1,364.875,80.0
2026-08-10T05:51,J6,penuh_turun,814.3,363.0,80.0
2026-08-10T05:51,J6,penuh_turun,815.4,348.375,80.0
2026-08-10T05:51,J6,penuh_turun,816.6,353.75,80.0
2026-08-10T05:51,J6,penuh_turun,817.8,351.875,80.0
2026-08-10T05:51,J6,penuh_turun,818.9,349.625,80.0
2026-08-10T05:51,J6,penuh_turun,820.1,346.5,80.0
2026-08-10T05:51,J6,penuh_turun,821.2,345.125,80.0
2026-08-10T05:51,J6,penuh_turun,822.4,345.125,80.0
2026-08-10T05:51,J6,penuh_turun,823.6,351.125,80.0
2026-08-10T05:51,J6,penuh_turun,824.7,367.0,80.0
2026-08-10T05:51,J6,penuh_turun,825.9,394.25,80.0
2026-08-10T05:51,J6,penuh_turun,827.0,418.375,80.0
2026-08-10T05:51,J6,penuh_turun,828.2,411.5,80.0
2026-08-10T05:51,J6,penuh_turun,829.4,378.25,80.0
2026-08-10T05:51,J6,penuh_turun,830.5,348.625,80.0
2026-08-10T05:51,J6,penuh_turun,831.7,343.75,80.0
2026-08-10T05:51,J6,penuh_turun,832.8,337.75,80.0
2026-08-10T05:51,J6,penuh_turun,834.0,331.125,80.0
2026-08-10T05:51,J6,penuh_turun,835.2,329.375,80.0
2026-08-10T05:51,J6,penuh_turun,836.3,330.0,80.0
2026-08-10T05:51,J6,penuh_turun,837.5,330.0,80.0
2026-08-10T05:51,J6,penuh_turun,838.6,326.75,80.0
2026-08-10T05:51,J6,penuh_turun,839.8,328.0,80.0
2026-08-10T05:51,J6,penuh_turun,841.0,326.375,80.0
2026-08-10T05:51,J6,penuh_turun,842.1,325.0,80.0
2026-08-10T05:51,J6,penuh_turun,843.3,324.5,80.0
2026-08-10T05:51,J6,penuh_turun,844.4,322.625,80.0
2026-08-10T05:51,J6,penuh_turun,845.6,322.625,80.0
2026-08-10T05:51,J6,penuh_turun,846.8,322.5,80.0
2026-08-10T05:51,J6,penuh_turun,847.9,325.625,80.0
2026-08-10T05:51,J6,penuh_turun,849.1,327.125,80.0
2026-08-10T05:51,J6,penuh_turun,850.2,325.5,80.0
2026-08-10T05:51,J6,penuh_turun,851.4,326.0,80.0
2026-08-10T05:51,J6,penuh_turun,852.6,325.625,80.0
2026-08-10T05:51,J6,penuh_turun,853.7,327.125,80.0
2026-08-10T05:51,J6,penuh_turun,854.9,327.875,80.0
2026-08-10T05:51,J6,penuh_turun,856.0,324.625,80.0
2026-08-10T05:51,J6,penuh_turun,857.2,326.25,80.0
2026-08-10T05:51,J6,penuh_turun,858.4,319.375,80.0
2026-08-10T05:51,J6,penuh_turun,859.5,313.625,80.0
2026-08-10T05:51,J6,penuh_turun,860.7,312.875,80.0
2026-08-10T05:51,J6,penuh_turun,861.8,311.75,80.0
2026-08-10T05:51,J6,penuh_turun,863.0,312.5,80.0
2026-08-10T05:51,J6,penuh_turun,864.2,312.375,80.0
2026-08-10T05:51,J6,penuh_turun,865.3,312.375,80.0
2026-08-10T05:51,J6,penuh_turun,866.5,310.875,80.0
2026-08-10T05:51,J6,penuh_turun,867.6,310.75,80.0
2026-08-10T05:51,J6,penuh_turun,868.8,310.75,80.0
2026-08-10T05:51,J6,penuh_turun,870.0,309.75,80.0
2026-08-10T05:51,J6,penuh_turun,871.1,310.25,80.0
2026-08-10T05:51,J6,penuh_turun,872.3,310.625,80.0
2026-08-10T05:51,J6,penuh_turun,873.4,310.5,80.0
2026-08-10T05:51,J6,penuh_turun,874.6,310.375,80.0
2026-08-10T05:51,J6,penuh_turun,875.8,309.25,80.0
2026-08-10T05:51,J6,penuh_turun,876.9,304.875,80.0
2026-08-10T05:51,J6,penuh_turun,878.1,304.5,80.0
2026-08-10T05:51,J6,penuh_turun,879.2,304.625,80.0
2026-08-10T05:51,J6,penuh_turun,880.4,304.25,80.0
2026-08-10T05:51,J6,penuh_turun,881.6,304.125,80.0
2026-08-10T05:51,J6,penuh_turun,882.7,304.25,80.0
2026-08-10T05:51,J6,penuh_turun,883.9,303.875,80.0
2026-08-10T05:51,J6,penuh_turun,885.0,304.0,80.0
2026-08-10T05:51,J6,penuh_turun,886.2,303.625,80.0
2026-08-10T05:51,J6,penuh_turun,887.4,303.75,80.0
2026-08-10T05:51,J6,penuh_turun,888.5,303.5,80.0
2026-08-10T05:51,J6,penuh_turun,889.7,303.375,80.0
2026-08-10T05:51,J6,penuh_turun,890.8,303.375,80.0
2026-08-10T05:51,J6,penuh_turun,892.0,303.375,80.0
2026-08-10T05:51,J6,penuh_turun,893.2,303.25,80.0
2026-08-10T05:51,J6,penuh_turun,894.3,303.125,80.0
2026-08-10T05:51,J6,penuh_turun,895.5,303.125,80.0
2026-08-10T05:51,J6,penuh_turun,896.6,302.875,80.0
2026-08-10T05:51,J6,penuh_turun,897.8,302.875,80.0
2026-08-10T05:51,J6,penuh_turun,899.0,302.875,80.0
2026-08-10T05:51,J6,penuh_turun,900.1,302.875,80.0
2026-08-10T05:51,J6,penuh_turun,901.3,302.875,80.0
2026-08-10T05:51,J6,penuh_turun,902.4,302.875,80.0
2026-08-10T05:51,J6,penuh_turun,903.6,302.75,80.0
2026-08-10T05:51,J6,penuh_turun,904.8,302.75,80.0
2026-08-10T05:51,J6,penuh_turun,905.9,302.625,80.0
2026-08-10T05:51,J6,penuh_turun,907.1,302.75,80.0
2026-08-10T05:51,J6,penuh_turun,908.2,302.75,80.0
2026-08-10T05:51,J6,penuh_turun,909.4,302.625,80.0
2026-08-10T05:51,J6,penuh_turun,910.6,302.75,80.0
2026-08-10T05:51,J6,penuh_turun,911.7,302.75,80.0
2026-08-10T05:51,J6,penuh_turun,912.9,302.625,80.0
2026-08-10T05:51,J6,penuh_turun,914.0,302.625,80.0
2026-08-10T05:51,J6,penuh_turun,915.2,302.625,80.0
2026-08-10T05:51,J6,penuh_turun,916.4,302.625,80.0
2026-08-10T05:51,J6,penuh_turun,917.5,302.625,80.0
2026-08-10T05:51,J6,penuh_turun,918.7,302.625,80.0
2026-08-10T05:51,J6,penuh_turun,919.8,302.75,80.0
2026-08-10T05:51,J6,penuh_turun,921.0,302.75,80.0
2026-08-10T05:51,J6,penuh_turun,922.2,302.625,80.0
2026-08-10T05:51,J6,penuh_turun,923.3,302.5,80.0
2026-08-10T05:51,J6,penuh_turun,924.5,302.625,80.0
2026-08-10T05:51,J6,penuh_turun,925.6,302.75,80.0
2026-08-10T05:51,J6,penuh_turun,926.8,302.75,80.0
2026-08-10T05:51,J6,penuh_turun,928.0,302.625,80.0
2026-08-10T05:51,J6,penuh_turun,929.1,302.75,80.0
2026-08-10T05:51,J6,penuh_turun,930.3,302.75,80.0
2026-08-10T05:51,J6,penuh_turun,931.4,302.625,80.0
2026-08-10T05:51,J6,penuh_turun,932.6,302.625,80.0
2026-08-10T05:51,J6,penuh_turun,933.8,302.625,80.0
2026-08-10T05:51,J6,penuh_turun,934.9,302.625,80.0
2026-08-10T05:51,J6,penuh_turun,936.1,302.625,80.0
2026-08-10T05:51,J6,penuh_turun,937.2,302.625,80.0
2026-08-10T05:51,J6,penuh_turun,938.4,302.625,80.0
2026-08-10T05:51,J6,penuh_turun,939.6,302.375,80.0
2026-08-10T05:51,J6,penuh_turun,940.7,302.625,80.0
2026-08-10T05:51,J6,penuh_turun,941.9,302.625,80.0
2026-08-10T05:51,J6,penuh_turun,943.0,302.625,80.0
2026-08-10T05:51,J6,penuh_turun,944.2,302.5,80.0
2026-08-10T05:51,J6,penuh_turun,945.4,302.5,80.0
2026-08-10T05:51,J6,penuh_turun,946.5,302.625,80.0
2026-08-10T05:51,J6,penuh_turun,947.7,302.75,80.0
2026-08-10T05:51,J6,penuh_turun,948.8,302.5,80.0
2026-08-10T05:51,J6,penuh_turun,950.0,302.5,80.0
2026-08-10T05:51,J6,penuh_turun,951.2,302.5,80.0
2026-08-10T05:51,J6,penuh_turun,952.3,302.625,80.0
2026-08-10T05:51,J6,penuh_turun,953.5,302.625,80.0
2026-08-10T05:51,J6,penuh_turun,954.6,302.375,80.0
2026-08-10T05:51,J6,penuh_turun,955.8,302.375,80.0
2026-08-10T05:51,J6,penuh_turun,957.0,302.25,80.0
2026-08-10T05:51,J6,penuh_turun,958.1,302.25,80.0
2026-08-10T05:51,J6,penuh_turun,959.3,302.375,80.0
2026-08-10T05:51,J6,penuh_turun,960.4,302.5,80.0
2026-08-10T05:51,J6,penuh_turun,961.6,302.5,80.0
2026-08-10T05:51,J6,penuh_turun,962.8,302.5,80.0
2026-08-10T05:51,J6,penuh_turun,963.9,302.625,80.0
2026-08-10T05:51,J6,penuh_turun,965.1,302.625,80.0
2026-08-10T05:51,J6,penuh_turun,966.2,302.625,80.0
2026-08-10T05:51,J6,penuh_turun,967.4,302.5,80.0
2026-08-10T05:51,J6,penuh_turun,968.6,302.625,80.0
2026-08-10T05:51,J6,penuh_turun,969.7,302.625,80.0
2026-08-10T05:51,J6,penuh_turun,970.9,302.625,80.0
2026-08-10T05:51,J6,penuh_turun,972.0,302.75,80.0
2026-08-10T05:51,J6,penuh_turun,973.2,302.625,80.0
2026-08-10T05:51,J6,penuh_turun,974.4,302.5,80.0
2026-08-10T05:51,J6,penuh_turun,975.5,302.625,80.0
2026-08-10T05:51,J6,penuh_turun,976.7,302.375,80.0
2026-08-10T05:51,J6,penuh_turun,977.8,302.625,80.0
2026-08-10T05:51,J6,penuh_turun,979.0,302.625,80.0
2026-08-10T05:51,J6,setengah_naik,0.0,1664.375,80.0
2026-08-10T05:51,J6,setengah_naik,1.1,1664.25,80.0
2026-08-10T05:51,J6,setengah_naik,2.3,1664.375,80.0
2026-08-10T05:51,J6,setengah_naik,3.4,1664.375,80.0
2026-08-10T05:51,J6,setengah_naik,4.6,1664.375,80.0
2026-08-10T05:51,J6,setengah_naik,5.8,1664.25,80.0
2026-08-10T05:51,J6,setengah_naik,6.9,1664.25,80.0
2026-08-10T05:51,J6,setengah_naik,8.1,1664.375,80.0
2026-08-10T05:51,J6,setengah_naik,9.2,1664.375,80.0
2026-08-10T05:51,J6,setengah_naik,10.4,1664.375,80.0
2026-08-10T05:51,J6,setengah_naik,11.6,1664.375,80.0
2026-08-10T05:51,J6,setengah_naik,12.7,1664.5,80.0
2026-08-10T05:51,J6,setengah_naik,13.9,1664.625,80.0
2026-08-10T05:51,J6,setengah_naik,15.0,1664.375,80.0
2026-08-10T05:51,J6,setengah_naik,16.2,1664.5,80.0
2026-08-10T05:51,J6,setengah_naik,17.4,1664.5,80.0
2026-08-10T05:51,J6,setengah_naik,18.5,1664.5,80.0
2026-08-10T05:51,J6,setengah_naik,19.7,1664.25,80.0
2026-08-10T05:51,J6,setengah_naik,20.8,1664.5,80.0
2026-08-10T05:51,J6,setengah_naik,22.0,1664.5,80.0
2026-08-10T05:51,J6,setengah_naik,23.2,1664.125,80.0
2026-08-10T05:51,J6,setengah_naik,24.3,1664.125,80.0
2026-08-10T05:51,J6,setengah_naik,25.5,1664.25,80.0
2026-08-10T05:51,J6,setengah_naik,26.6,1664.25,80.0
2026-08-10T05:51,J6,setengah_naik,27.8,1664.375,80.0
2026-08-10T05:51,J6,setengah_naik,29.0,1664.375,80.0
2026-08-10T05:51,J6,setengah_naik,30.1,1664.25,80.0
2026-08-10T05:51,J6,setengah_naik,31.3,1664.375,80.0
2026-08-10T05:51,J6,setengah_naik,32.4,1664.25,80.0
2026-08-10T05:51,J6,setengah_naik,33.6,1664.375,80.0
2026-08-10T05:51,J6,setengah_naik,34.8,1664.25,80.0
2026-08-10T05:51,J6,setengah_naik,35.9,1664.5,80.0
2026-08-10T05:51,J6,setengah_naik,37.1,1664.375,80.0
2026-08-10T05:51,J6,setengah_naik,38.2,1664.5,80.0
2026-08-10T05:51,J6,setengah_naik,39.4,1664.25,80.0
2026-08-10T05:51,J6,setengah_naik,40.6,1664.375,80.0
2026-08-10T05:51,J6,setengah_naik,41.7,1664.375,80.0
2026-08-10T05:51,J6,setengah_naik,42.9,1664.25,80.0
2026-08-10T05:51,J6,setengah_naik,44.0,1664.5,80.0
2026-08-10T05:51,J6,setengah_naik,45.2,1664.375,80.0
2026-08-10T05:51,J6,setengah_naik,46.4,1664.25,80.0
2026-08-10T05:51,J6,setengah_naik,47.5,1664.25,80.0
2026-08-10T05:51,J6,setengah_naik,48.7,1664.25,80.0
2026-08-10T05:51,J6,setengah_naik,49.8,1664.5,80.0
2026-08-10T05:51,J6,setengah_naik,51.0,1664.5,80.0
2026-08-10T05:51,J6,setengah_naik,52.2,1664.375,80.0
2026-08-10T05:51,J6,setengah_naik,53.3,1664.5,80.0
2026-08-10T05:51,J6,setengah_naik,54.5,1664.375,80.0
2026-08-10T05:51,J6,setengah_naik,55.6,1664.375,80.0
2026-08-10T05:51,J6,setengah_naik,56.8,1664.625,80.0
2026-08-10T05:51,J6,setengah_naik,58.0,1664.75,80.0
2026-08-10T05:51,J6,setengah_naik,59.1,1664.75,80.0
2026-08-10T05:51,J6,setengah_naik,60.3,1664.625,80.0
2026-08-10T05:51,J6,setengah_naik,61.4,1664.25,80.0
2026-08-10T05:51,J6,setengah_naik,62.6,1664.375,80.0
2026-08-10T05:51,J6,setengah_naik,63.8,1664.25,80.0
2026-08-10T05:51,J6,setengah_naik,64.9,1664.375,80.0
2026-08-10T05:51,J6,setengah_naik,66.1,1664.375,80.0
2026-08-10T05:51,J6,setengah_naik,67.2,1664.625,80.0
2026-08-10T05:51,J6,setengah_naik,68.4,1664.25,80.0
2026-08-10T05:51,J6,setengah_naik,69.6,1664.25,80.0
2026-08-10T05:51,J6,setengah_naik,70.7,1664.375,80.0
2026-08-10T05:51,J6,setengah_naik,71.9,1664.375,80.0
2026-08-10T05:51,J6,setengah_naik,73.0,1664.5,80.0
2026-08-10T05:51,J6,setengah_naik,74.2,1664.5,80.0
2026-08-10T05:51,J6,setengah_naik,75.4,1664.5,80.0
2026-08-10T05:51,J6,setengah_naik,76.5,1664.5,80.0
2026-08-10T05:51,J6,setengah_naik,77.7,1664.5,80.0
2026-08-10T05:51,J6,setengah_naik,78.8,1664.25,80.0
2026-08-10T05:51,J6,setengah_naik,80.0,1664.375,80.0
2026-08-10T05:51,J6,setengah_naik,81.2,1664.5,80.0
2026-08-10T05:51,J6,setengah_naik,82.3,1664.5,80.0
2026-08-10T05:51,J6,setengah_naik,83.5,1664.375,80.0
2026-08-10T05:51,J6,setengah_naik,84.6,1664.125,80.0
2026-08-10T05:51,J6,setengah_naik,85.8,1664.25,80.0
2026-08-10T05:51,J6,setengah_naik,87.0,1664.375,80.0
2026-08-10T05:51,J6,setengah_naik,88.1,1664.375,80.0
2026-08-10T05:51,J6,setengah_naik,89.3,1664.375,80.0
2026-08-10T05:51,J6,setengah_naik,90.4,1664.25,80.0
2026-08-10T05:51,J6,setengah_naik,91.6,1664.375,80.0
2026-08-10T05:51,J6,setengah_naik,92.8,1666.75,80.0
2026-08-10T05:51,J6,setengah_naik,93.9,1804.25,80.0
2026-08-10T05:51,J6,setengah_naik,95.1,1873.625,80.0
2026-08-10T05:51,J6,setengah_naik,96.2,1884.625,80.0
2026-08-10T05:51,J6,setengah_naik,97.4,1884.625,80.0
2026-08-10T05:51,J6,setengah_naik,98.6,1880.0,80.0
2026-08-10T05:51,J6,setengah_naik,99.7,1875.375,80.0
2026-08-10T05:51,J6,setengah_naik,100.9,1855.625,80.0
2026-08-10T05:51,J6,setengah_naik,102.0,1839.75,80.0
2026-08-10T05:51,J6,setengah_naik,103.2,1856.0,80.0
2026-08-10T05:51,J6,setengah_naik,104.4,1829.75,80.0
2026-08-10T05:51,J6,setengah_naik,105.5,1835.5,80.0
2026-08-10T05:51,J6,setengah_naik,106.7,1848.75,80.0
2026-08-10T05:51,J6,setengah_naik,107.8,1811.875,80.0
2026-08-10T05:51,J6,setengah_naik,109.0,1832.125,80.0
2026-08-10T05:51,J6,setengah_naik,110.2,1815.125,80.0
2026-08-10T05:51,J6,setengah_naik,111.3,1816.0,80.0
2026-08-10T05:51,J6,setengah_naik,112.5,1819.0,80.0
2026-08-10T05:51,J6,setengah_naik,113.6,1805.75,80.0
2026-08-10T05:51,J6,setengah_naik,114.8,1815.5,80.0
2026-08-10T05:51,J6,setengah_naik,116.0,1817.5,80.0
2026-08-10T05:51,J6,setengah_naik,117.1,1805.625,80.0
2026-08-10T05:51,J6,setengah_naik,118.3,1815.5,80.0
2026-08-10T05:51,J6,setengah_naik,119.4,1812.875,80.0
2026-08-10T05:51,J6,setengah_naik,120.6,1812.875,80.0
2026-08-10T05:51,J6,setengah_naik,121.8,1817.375,80.0
2026-08-10T05:51,J6,setengah_naik,122.9,1812.75,80.0
2026-08-10T05:51,J6,setengah_naik,124.1,1809.0,80.0
2026-08-10T05:51,J6,setengah_naik,125.2,1811.0,80.0
2026-08-10T05:51,J6,setengah_naik,126.4,1810.0,80.0
2026-08-10T05:51,J6,setengah_naik,127.6,1812.875,80.0
2026-08-10T05:51,J6,setengah_naik,128.7,1809.625,80.0
2026-08-10T05:51,J6,setengah_naik,129.9,1809.875,80.0
2026-08-10T05:51,J6,setengah_naik,131.0,1810.0,80.0
2026-08-10T05:51,J6,setengah_naik,132.2,1812.125,80.0
2026-08-10T05:51,J6,setengah_naik,133.4,1809.375,80.0
2026-08-10T05:51,J6,setengah_naik,134.5,1811.875,80.0
2026-08-10T05:51,J6,setengah_naik,135.7,1813.375,80.0
2026-08-10T05:51,J6,setengah_naik,136.8,1815.125,80.0
2026-08-10T05:51,J6,setengah_naik,138.0,1816.75,80.0
2026-08-10T05:51,J6,setengah_naik,139.2,1818.25,80.0
2026-08-10T05:51,J6,setengah_naik,140.3,1819.25,80.0
2026-08-10T05:51,J6,setengah_naik,141.5,1822.25,80.0
2026-08-10T05:51,J6,setengah_naik,142.6,1821.875,80.0
2026-08-10T05:51,J6,setengah_naik,143.8,1821.875,80.0
2026-08-10T05:51,J6,setengah_naik,145.0,1825.25,80.0
2026-08-10T05:51,J6,setengah_naik,146.1,1826.875,80.0
2026-08-10T05:51,J6,setengah_naik,147.3,1831.375,80.0
2026-08-10T05:51,J6,setengah_naik,148.4,1838.0,80.0
2026-08-10T05:51,J6,setengah_naik,149.6,1838.25,80.0
2026-08-10T05:51,J6,setengah_naik,150.8,1839.375,80.0
2026-08-10T05:51,J6,setengah_naik,151.9,1840.625,80.0
2026-08-10T05:51,J6,setengah_naik,153.1,1843.25,80.0
2026-08-10T05:51,J6,setengah_naik,154.2,1845.625,80.0
2026-08-10T05:51,J6,setengah_naik,155.4,1845.25,80.0
2026-08-10T05:51,J6,setengah_naik,156.6,1849.25,80.0
2026-08-10T05:51,J6,setengah_naik,157.7,1853.25,80.0
2026-08-10T05:51,J6,setengah_naik,158.9,1854.75,80.0
2026-08-10T05:51,J6,setengah_naik,160.0,1857.375,80.0
2026-08-10T05:51,J6,setengah_naik,161.2,1864.25,80.0
2026-08-10T05:51,J6,setengah_naik,162.4,1868.5,80.0
2026-08-10T05:51,J6,setengah_naik,163.5,1871.75,80.0
2026-08-10T05:51,J6,setengah_naik,164.7,1877.375,80.0
2026-08-10T05:51,J6,setengah_naik,165.8,1879.0,80.0
2026-08-10T05:51,J6,setengah_naik,167.0,1879.0,80.0
2026-08-10T05:51,J6,setengah_naik,168.2,1879.125,80.0
2026-08-10T05:51,J6,setengah_naik,169.3,1882.875,80.0
2026-08-10T05:51,J6,setengah_naik,170.5,1881.25,80.0
2026-08-10T05:51,J6,setengah_naik,171.6,1884.625,80.0
2026-08-10T05:51,J6,setengah_naik,172.8,1891.75,80.0
2026-08-10T05:51,J6,setengah_naik,174.0,1896.25,80.0
2026-08-10T05:51,J6,setengah_naik,175.1,1901.25,80.0
2026-08-10T05:51,J6,setengah_naik,176.3,1904.75,80.0
2026-08-10T05:51,J6,setengah_naik,177.4,1906.875,80.0
2026-08-10T05:51,J6,setengah_naik,178.6,1912.125,80.0
2026-08-10T05:51,J6,setengah_naik,179.8,1913.0,80.0
2026-08-10T05:51,J6,setengah_naik,180.9,1918.125,80.0
2026-08-10T05:51,J6,setengah_naik,182.1,1921.5,80.0
2026-08-10T05:51,J6,setengah_naik,183.2,1930.0,80.0
2026-08-10T05:51,J6,setengah_naik,184.4,1932.375,80.0
2026-08-10T05:51,J6,setengah_naik,185.6,1936.0,80.0
2026-08-10T05:51,J6,setengah_naik,186.7,1938.0,80.0
2026-08-10T05:51,J6,setengah_naik,187.9,1942.25,80.0
2026-08-10T05:51,J6,setengah_naik,189.0,1948.625,80.0
2026-08-10T05:51,J6,setengah_naik,190.2,1955.25,80.0
2026-08-10T05:51,J6,setengah_naik,191.4,1955.25,80.0
2026-08-10T05:51,J6,setengah_naik,192.5,1961.5,80.0
2026-08-10T05:51,J6,setengah_naik,193.7,1962.625,80.0
2026-08-10T05:51,J6,setengah_naik,194.8,1967.625,80.0
2026-08-10T05:51,J6,setengah_naik,196.0,1969.5,80.0
2026-08-10T05:51,J6,setengah_naik,197.2,1975.5,80.0
2026-08-10T05:51,J6,setengah_naik,198.3,1977.625,80.0
2026-08-10T05:51,J6,setengah_naik,199.5,1983.375,80.0
2026-08-10T05:51,J6,setengah_naik,200.6,1985.875,80.0
2026-08-10T05:51,J6,setengah_naik,201.8,1990.625,80.0
2026-08-10T05:51,J6,setengah_naik,203.0,1994.875,80.0
2026-08-10T05:51,J6,setengah_naik,204.1,1999.25,80.0
2026-08-10T05:51,J6,setengah_naik,205.3,2004.125,80.0
2026-08-10T05:51,J6,setengah_naik,206.4,2008.5,80.0
2026-08-10T05:51,J6,setengah_naik,207.6,2017.625,80.0
2026-08-10T05:51,J6,setengah_naik,208.8,2024.375,80.0
2026-08-10T05:51,J6,setengah_naik,209.9,2028.625,80.0
2026-08-10T05:51,J6,setengah_naik,211.1,2028.25,80.0
2026-08-10T05:51,J6,setengah_naik,212.2,2032.375,80.0
2026-08-10T05:51,J6,setengah_naik,213.4,2034.625,80.0
2026-08-10T05:51,J6,setengah_naik,214.6,2034.625,80.0
2026-08-10T05:51,J6,setengah_naik,215.7,2040.0,80.0
2026-08-10T05:51,J6,setengah_naik,216.9,2045.875,80.0
2026-08-10T05:51,J6,setengah_naik,218.0,2053.5,80.0
2026-08-10T05:51,J6,setengah_naik,219.2,2058.5,80.0
2026-08-10T05:51,J6,setengah_naik,220.4,2064.625,80.0
2026-08-10T05:51,J6,setengah_naik,221.5,2066.375,80.0
2026-08-10T05:51,J6,setengah_naik,222.7,2069.5,80.0
2026-08-10T05:51,J6,setengah_naik,223.8,2075.0,80.0
2026-08-10T05:51,J6,setengah_naik,225.0,2077.625,80.0
2026-08-10T05:51,J6,setengah_naik,226.2,2081.125,80.0
2026-08-10T05:51,J6,setengah_naik,227.3,2085.375,80.0
2026-08-10T05:51,J6,setengah_naik,228.5,2093.375,80.0
2026-08-10T05:51,J6,setengah_naik,229.6,2100.0,80.0
2026-08-10T05:51,J6,setengah_naik,230.8,2102.875,80.0
2026-08-10T05:51,J6,setengah_naik,232.0,2106.5,80.0
2026-08-10T05:51,J6,setengah_naik,233.1,2109.25,80.0
2026-08-10T05:51,J6,setengah_naik,234.3,2114.375,80.0
2026-08-10T05:51,J6,setengah_naik,235.4,2121.75,80.0
2026-08-10T05:51,J6,setengah_naik,236.6,2125.25,80.0
2026-08-10T05:51,J6,setengah_naik,237.8,2125.25,80.0
2026-08-10T05:51,J6,setengah_naik,238.9,2128.75,80.0
2026-08-10T05:51,J6,setengah_naik,240.1,2129.75,80.0
2026-08-10T05:51,J6,setengah_naik,241.2,2136.75,80.0
2026-08-10T05:51,J6,setengah_naik,242.4,2143.25,80.0
2026-08-10T05:51,J6,setengah_naik,243.6,2138.0,80.0
2026-08-10T05:51,J6,setengah_naik,244.7,2143.875,80.0
2026-08-10T05:51,J6,setengah_naik,245.9,2154.75,80.0
2026-08-10T05:51,J6,setengah_naik,247.0,2151.375,80.0
2026-08-10T05:51,J6,setengah_naik,248.2,2154.125,80.0
2026-08-10T05:51,J6,setengah_naik,249.4,2155.875,80.0
2026-08-10T05:51,J6,setengah_naik,250.5,2157.0,80.0
2026-08-10T05:51,J6,setengah_naik,251.7,2159.375,80.0
2026-08-10T05:51,J6,setengah_naik,252.8,2170.375,80.0
2026-08-10T05:51,J6,setengah_naik,254.0,2171.25,80.0
2026-08-10T05:51,J6,setengah_naik,255.2,2171.5,80.0
2026-08-10T05:51,J6,setengah_naik,256.3,2175.0,80.0
2026-08-10T05:51,J6,setengah_naik,257.5,2180.5,80.0
2026-08-10T05:51,J6,setengah_naik,258.6,2185.25,80.0
2026-08-10T05:51,J6,setengah_naik,259.8,2189.125,80.0
2026-08-10T05:51,J6,setengah_naik,261.0,2189.125,80.0
2026-08-10T05:51,J6,setengah_naik,262.1,2194.625,80.0
2026-08-10T05:51,J6,setengah_naik,263.3,2200.125,80.0
2026-08-10T05:51,J6,setengah_naik,264.4,2206.375,80.0
2026-08-10T05:51,J6,setengah_naik,265.6,2213.75,80.0
2026-08-10T05:51,J6,setengah_naik,266.8,2191.75,80.0
2026-08-10T05:51,J6,setengah_naik,267.9,2214.75,80.0
2026-08-10T05:51,J6,setengah_naik,269.1,2219.5,80.0
2026-08-10T05:51,J6,setengah_naik,270.2,2223.875,80.0
2026-08-10T05:51,J6,setengah_naik,271.4,2228.25,80.0
2026-08-10T05:51,J6,setengah_naik,272.6,2230.75,80.0
2026-08-10T05:51,J6,setengah_naik,273.7,2235.125,80.0
2026-08-10T05:51,J6,setengah_naik,274.9,2243.5,80.0
2026-08-10T05:51,J6,setengah_naik,276.0,2286.25,80.0
2026-08-10T05:51,J6,setengah_naik,277.2,2297.375,80.0
2026-08-10T05:51,J6,setengah_naik,278.4,2282.125,80.0
2026-08-10T05:51,J6,setengah_naik,279.5,2291.0,80.0
2026-08-10T05:51,J6,setengah_naik,280.7,2305.125,80.0
2026-08-10T05:51,J6,setengah_naik,281.8,2315.625,80.0
2026-08-10T05:51,J6,setengah_naik,283.0,2303.875,80.0
2026-08-10T05:51,J6,setengah_naik,284.2,2303.875,80.0
2026-08-10T05:51,J6,setengah_naik,285.3,2297.5,80.0
2026-08-10T05:51,J6,setengah_naik,286.5,2309.625,80.0
2026-08-10T05:51,J6,setengah_naik,287.6,2313.5,80.0
2026-08-10T05:51,J6,setengah_naik,288.8,2301.0,80.0
2026-08-10T05:51,J6,setengah_naik,290.0,2323.375,80.0
2026-08-10T05:51,J6,setengah_naik,291.1,2346.875,80.0
2026-08-10T05:51,J6,setengah_naik,292.3,2326.75,80.0
2026-08-10T05:51,J6,setengah_naik,293.4,2331.125,80.0
2026-08-10T05:51,J6,setengah_naik,294.6,2342.5,80.0
2026-08-10T05:51,J6,setengah_naik,295.8,2350.875,80.0
2026-08-10T05:51,J6,setengah_naik,296.9,2360.375,80.0
2026-08-10T05:51,J6,setengah_naik,298.1,2377.375,80.0
2026-08-10T05:51,J6,setengah_naik,299.2,2377.875,80.0
2026-08-10T05:51,J6,setengah_naik,300.4,2379.875,80.0
2026-08-10T05:51,J6,setengah_naik,301.6,2327.375,80.0
2026-08-10T05:51,J6,setengah_naik,302.7,2323.125,80.0
2026-08-10T05:51,J6,setengah_naik,303.9,2325.0,80.0
2026-08-10T05:51,J6,setengah_naik,305.0,2310.0,80.0
2026-08-10T05:51,J6,setengah_naik,306.2,2316.875,80.0
2026-08-10T05:51,J6,setengah_naik,307.4,2316.875,80.0
2026-08-10T05:51,J6,setengah_naik,308.5,2317.375,80.0
2026-08-10T05:51,J6,setengah_naik,309.7,2318.625,80.0
2026-08-10T05:51,J6,setengah_naik,310.8,2319.625,80.0
2026-08-10T05:51,J6,setengah_naik,312.0,2321.375,80.0
2026-08-10T05:51,J6,setengah_naik,313.2,2324.125,80.0
2026-08-10T05:51,J6,setengah_naik,314.3,2328.875,80.0
2026-08-10T05:51,J6,setengah_naik,315.5,2332.375,80.0
2026-08-10T05:51,J6,setengah_naik,316.6,2336.625,80.0
2026-08-10T05:51,J6,setengah_naik,317.8,2339.25,80.0
2026-08-10T05:51,J6,setengah_naik,319.0,2343.25,80.0
2026-08-10T05:51,J6,setengah_naik,320.1,2342.0,80.0
2026-08-10T05:51,J6,setengah_naik,321.3,2349.375,80.0
2026-08-10T05:51,J6,setengah_naik,322.4,2346.0,80.0
2026-08-10T05:51,J6,setengah_naik,323.6,2336.125,80.0
2026-08-10T05:51,J6,setengah_naik,324.8,2336.375,80.0
2026-08-10T05:51,J6,setengah_naik,325.9,2336.875,80.0
2026-08-10T05:51,J6,setengah_naik,327.1,2337.75,80.0
2026-08-10T05:51,J6,setengah_naik,328.2,2338.875,80.0
2026-08-10T05:51,J6,setengah_naik,329.4,2340.5,80.0
2026-08-10T05:51,J6,setengah_naik,330.6,2340.5,80.0
2026-08-10T05:51,J6,setengah_naik,331.7,2340.875,80.0
2026-08-10T05:51,J6,setengah_naik,332.9,2341.875,80.0
2026-08-10T05:51,J6,setengah_naik,334.0,2342.375,80.0
2026-08-10T05:51,J6,setengah_naik,335.2,2345.25,80.0
2026-08-10T05:51,J6,setengah_naik,336.4,2349.0,80.0
2026-08-10T05:51,J6,setengah_naik,337.5,2352.125,80.0
2026-08-10T05:51,J6,setengah_naik,338.7,2347.75,80.0
2026-08-10T05:51,J6,setengah_naik,339.8,2345.125,80.0
2026-08-10T05:51,J6,setengah_naik,341.0,2346.375,80.0
2026-08-10T05:51,J6,setengah_naik,342.2,2347.125,80.0
2026-08-10T05:51,J6,setengah_naik,343.3,2347.75,80.0
2026-08-10T05:51,J6,setengah_naik,344.5,2349.875,80.0
2026-08-10T05:51,J6,setengah_naik,345.6,2351.125,80.0
2026-08-10T05:51,J6,setengah_naik,346.8,2348.875,80.0
2026-08-10T05:51,J6,setengah_naik,348.0,2350.0,80.0
2026-08-10T05:51,J6,setengah_naik,349.1,2351.625,80.0
2026-08-10T05:51,J6,setengah_naik,350.3,2352.125,80.0
2026-08-10T05:51,J6,setengah_naik,351.4,2352.25,80.0
2026-08-10T05:51,J6,setengah_naik,352.6,2353.625,80.0
2026-08-10T05:51,J6,setengah_naik,353.8,2354.375,80.0
2026-08-10T05:51,J6,setengah_naik,354.9,2354.375,80.0
2026-08-10T05:51,J6,setengah_naik,356.1,2354.5,80.0
2026-08-10T05:51,J6,setengah_naik,357.2,2356.0,80.0
2026-08-10T05:51,J6,setengah_naik,358.4,2356.375,80.0
2026-08-10T05:51,J6,setengah_naik,359.6,2357.625,80.0
2026-08-10T05:51,J6,setengah_naik,360.7,2357.75,80.0
2026-08-10T05:51,J6,setengah_naik,361.9,2357.375,80.0
2026-08-10T05:51,J6,setengah_naik,363.0,2358.5,80.0
2026-08-10T05:51,J6,setengah_naik,364.2,2359.75,80.0
2026-08-10T05:51,J6,setengah_naik,365.4,2363.125,80.0
2026-08-10T05:51,J6,setengah_naik,366.5,2363.5,80.0
2026-08-10T05:51,J6,setengah_naik,367.7,2360.625,80.0
2026-08-10T05:51,J6,setengah_naik,368.8,2358.0,80.0
2026-08-10T05:51,J6,setengah_naik,370.0,2358.375,80.0
2026-08-10T05:51,J6,setengah_naik,371.2,2359.0,80.0
2026-08-10T05:51,J6,setengah_naik,372.3,2359.25,80.0
2026-08-10T05:51,J6,setengah_naik,373.5,2360.0,80.0
2026-08-10T05:51,J6,setengah_naik,374.6,2360.25,80.0
2026-08-10T05:51,J6,setengah_naik,375.8,2360.875,80.0
2026-08-10T05:51,J6,setengah_naik,377.0,2361.25,80.0
2026-08-10T05:51,J6,setengah_naik,378.1,2361.25,80.0
2026-08-10T05:51,J6,setengah_naik,379.3,2361.375,80.0
2026-08-10T05:51,J6,setengah_naik,380.4,2362.25,80.0
2026-08-10T05:51,J6,setengah_naik,381.6,2362.5,80.0
2026-08-10T05:51,J6,setengah_naik,382.8,2362.5,80.0
2026-08-10T05:51,J6,setengah_naik,383.9,2362.5,80.0
2026-08-10T05:51,J6,setengah_naik,385.1,2363.125,80.0
2026-08-10T05:51,J6,setengah_naik,386.2,2363.625,80.0
2026-08-10T05:51,J6,setengah_naik,387.4,2364.0,80.0
2026-08-10T05:51,J6,setengah_naik,388.6,2364.375,80.0
2026-08-10T05:51,J6,setengah_naik,389.7,2364.5,80.0
2026-08-10T05:51,J6,setengah_naik,390.9,2364.875,80.0
2026-08-10T05:51,J6,setengah_naik,392.0,2365.375,80.0
2026-08-10T05:51,J6,setengah_naik,393.2,2365.625,80.0
2026-08-10T05:51,J6,setengah_naik,394.4,2365.875,80.0
2026-08-10T05:51,J6,setengah_naik,395.5,2366.125,80.0
2026-08-10T05:51,J6,setengah_naik,396.7,2366.125,80.0
2026-08-10T05:51,J6,setengah_naik,397.8,2366.25,80.0
2026-08-10T05:51,J6,setengah_naik,399.0,2366.25,80.0
2026-08-10T05:51,J6,setengah_naik,400.2,2366.25,80.0
2026-08-10T05:51,J6,setengah_naik,401.3,2366.25,80.0
2026-08-10T05:51,J6,setengah_naik,402.5,2366.125,80.0
2026-08-10T05:51,J6,setengah_naik,403.6,2366.25,80.0
2026-08-10T05:51,J6,setengah_naik,404.8,2366.375,80.0
2026-08-10T05:51,J6,setengah_naik,406.0,2366.5,80.0
2026-08-10T05:51,J6,setengah_naik,407.1,2366.625,80.0
2026-08-10T05:51,J6,setengah_naik,408.3,2366.375,80.0
2026-08-10T05:51,J6,setengah_naik,409.4,2366.625,80.0
2026-08-10T05:51,J6,setengah_naik,410.6,2366.5,80.0
2026-08-10T05:51,J6,setengah_naik,411.8,2366.375,80.0
2026-08-10T05:51,J6,setengah_naik,412.9,2366.375,80.0
2026-08-10T05:51,J6,setengah_naik,414.1,2366.625,80.0
2026-08-10T05:51,J6,setengah_naik,415.2,2366.75,80.0
2026-08-10T05:51,J6,setengah_naik,416.4,2366.625,80.0
2026-08-10T05:51,J6,setengah_naik,417.6,2366.625,80.0
2026-08-10T05:51,J6,setengah_naik,418.7,2366.625,80.0
2026-08-10T05:51,J6,setengah_naik,419.9,2366.625,80.0
2026-08-10T05:51,J6,setengah_naik,421.0,2366.75,80.0
2026-08-10T05:51,J6,setengah_naik,422.2,2366.5,80.0
2026-08-10T05:51,J6,setengah_naik,423.4,2366.5,80.0
2026-08-10T05:51,J6,setengah_naik,424.5,2366.5,80.0
2026-08-10T05:51,J6,setengah_naik,425.7,2366.375,80.0
2026-08-10T05:51,J6,setengah_naik,426.8,2366.75,80.0
2026-08-10T05:51,J6,setengah_naik,428.0,2366.75,80.0
2026-08-10T05:51,J6,setengah_naik,429.2,2366.625,80.0
2026-08-10T05:51,J6,setengah_naik,430.3,2366.375,80.0
2026-08-10T05:51,J6,setengah_naik,431.5,2366.375,80.0
2026-08-10T05:51,J6,setengah_naik,432.6,2366.625,80.0
2026-08-10T05:51,J6,setengah_naik,433.8,2366.625,80.0
2026-08-10T05:51,J6,setengah_naik,435.0,2366.5,80.0
2026-08-10T05:51,J6,setengah_naik,436.1,2366.625,80.0
2026-08-10T05:51,J6,setengah_naik,437.3,2366.625,80.0
2026-08-10T05:51,J6,setengah_naik,438.4,2366.875,80.0
2026-08-10T05:51,J6,setengah_naik,439.6,2366.75,80.0
2026-08-10T05:51,J6,setengah_naik,440.8,2366.5,80.0
2026-08-10T05:51,J6,setengah_naik,441.9,2366.625,80.0
2026-08-10T05:51,J6,setengah_naik,443.1,2366.625,80.0
2026-08-10T05:51,J6,setengah_naik,444.2,2366.5,80.0
2026-08-10T05:51,J6,setengah_naik,445.4,2366.5,80.0
2026-08-10T05:51,J6,setengah_naik,446.6,2366.75,80.0
2026-08-10T05:51,J6,setengah_naik,447.7,2366.75,80.0
2026-08-10T05:51,J6,setengah_naik,448.9,2366.625,80.0
2026-08-10T05:51,J6,setengah_naik,450.0,2366.75,80.0
2026-08-10T05:51,J6,setengah_naik,451.2,2366.875,80.0
2026-08-10T05:51,J6,setengah_naik,452.4,2366.625,80.0
2026-08-10T05:51,J6,setengah_naik,453.5,2366.625,80.0
2026-08-10T05:51,J6,setengah_naik,454.7,2366.875,80.0
2026-08-10T05:51,J6,setengah_naik,455.8,2366.5,80.0
2026-08-10T05:51,J6,setengah_naik,457.0,2366.75,80.0
2026-08-10T05:51,J6,setengah_naik,458.2,2366.75,80.0
2026-08-10T05:51,J6,setengah_naik,459.3,2366.875,80.0
2026-08-10T05:51,J6,setengah_naik,460.5,2366.625,80.0
2026-08-10T05:51,J6,setengah_naik,461.6,2366.75,80.0
2026-08-10T05:51,J6,setengah_naik,462.8,2366.5,80.0
2026-08-10T05:51,J6,setengah_naik,464.0,2366.625,80.0
2026-08-10T05:51,J6,setengah_naik,465.1,2366.75,80.0
2026-08-10T05:51,J6,setengah_naik,466.3,2366.875,80.0
2026-08-10T05:51,J6,setengah_naik,467.4,2366.75,80.0
2026-08-10T05:51,J6,setengah_naik,468.6,2366.875,80.0
2026-08-10T05:51,J6,setengah_naik,469.8,2366.5,80.0
2026-08-10T05:51,J6,setengah_naik,470.9,2366.625,80.0
2026-08-10T05:51,J6,setengah_naik,472.1,2366.625,80.0
2026-08-10T05:51,J6,setengah_naik,473.2,2366.75,80.0
2026-08-10T05:51,J6,setengah_naik,474.4,2367.0,80.0
2026-08-10T05:51,J6,setengah_naik,475.6,2366.875,80.0
2026-08-10T05:51,J6,setengah_naik,476.7,2366.75,80.0
2026-08-10T05:51,J6,setengah_naik,477.9,2366.75,80.0
2026-08-10T05:51,J6,setengah_naik,479.0,2366.75,80.0
2026-08-10T05:51,J6,setengah_naik,480.2,2366.875,80.0
2026-08-10T05:51,J6,setengah_naik,481.4,2366.875,80.0
2026-08-10T05:51,J6,setengah_naik,482.5,2366.875,80.0
2026-08-10T05:51,J6,setengah_naik,483.7,2366.75,80.0
2026-08-10T05:51,J6,setengah_naik,484.8,2366.625,80.0
2026-08-10T05:51,J6,setengah_naik,486.0,2366.75,80.0
2026-08-10T05:51,J6,setengah_naik,487.2,2366.875,80.0
2026-08-10T05:51,J6,setengah_naik,488.3,2366.875,80.0
2026-08-10T05:51,J6,setengah_naik,489.5,2366.75,80.0
2026-08-10T05:51,J6,setengah_naik,490.6,2366.75,80.0
2026-08-10T05:51,J6,setengah_naik,491.8,2366.625,80.0
2026-08-10T05:51,J6,setengah_naik,493.0,2366.75,80.0
2026-08-10T05:51,J6,setengah_naik,494.1,2367.0,80.0
2026-08-10T05:51,J6,setengah_naik,495.3,2367.0,80.0
2026-08-10T05:51,J6,setengah_naik,496.4,2367.125,80.0
2026-08-10T05:51,J6,setengah_naik,497.6,2366.875,80.0
2026-08-10T05:51,J6,setengah_naik,498.8,2366.875,80.0
2026-08-10T05:51,J6,setengah_naik,499.9,2366.625,80.0
2026-08-10T05:51,J6,setengah_naik,501.1,2366.875,80.0
2026-08-10T05:51,J6,setengah_naik,502.2,2366.875,80.0
2026-08-10T05:51,J6,setengah_naik,503.4,2366.75,80.0
2026-08-10T05:51,J6,setengah_naik,504.6,2366.75,80.0
2026-08-10T05:51,J6,setengah_naik,505.7,2366.75,80.0
2026-08-10T05:51,J6,setengah_naik,506.9,2366.625,80.0
2026-08-10T05:51,J6,setengah_naik,508.0,2366.75,80.0
2026-08-10T05:51,J6,setengah_naik,509.2,2366.875,80.0
2026-08-10T05:51,J6,setengah_naik,510.4,2366.875,80.0
2026-08-10T05:51,J6,setengah_naik,511.5,2366.875,80.0
2026-08-10T05:51,J6,setengah_naik,512.7,2366.875,80.0
2026-08-10T05:51,J6,setengah_naik,513.8,2366.625,80.0
2026-08-10T05:51,J6,setengah_naik,515.0,2366.75,80.0
2026-08-10T05:51,J6,setengah_naik,516.2,2366.875,80.0
2026-08-10T05:51,J6,setengah_naik,517.3,2366.875,80.0
2026-08-10T05:51,J6,setengah_naik,518.5,2366.875,80.0
2026-08-10T05:51,J6,setengah_naik,519.6,2366.875,80.0
2026-08-10T05:51,J6,setengah_naik,520.8,2366.875,80.0
2026-08-10T05:51,J6,setengah_naik,522.0,2366.75,80.0
2026-08-10T05:51,J6,setengah_naik,523.1,2366.75,80.0
2026-08-10T05:51,J6,setengah_naik,524.3,2366.875,80.0
2026-08-10T05:51,J6,setengah_naik,525.4,2366.875,80.0
2026-08-10T05:51,J6,setengah_naik,526.6,2366.875,80.0
2026-08-10T05:51,J6,setengah_naik,527.8,2366.875,80.0
2026-08-10T05:51,J6,setengah_naik,528.9,2366.625,80.0
2026-08-10T05:51,J6,setengah_naik,530.1,2366.625,80.0
2026-08-10T05:51,J6,setengah_naik,531.2,2366.625,80.0
2026-08-10T05:51,J6,setengah_naik,532.4,2366.875,80.0
2026-08-10T05:51,J6,setengah_naik,533.6,2366.875,80.0
2026-08-10T05:51,J6,setengah_naik,534.7,2366.75,80.0
2026-08-10T05:51,J6,setengah_naik,535.9,2366.625,80.0
2026-08-10T05:51,J6,setengah_naik,537.0,2366.75,80.0
2026-08-10T05:51,J6,setengah_naik,538.2,2366.625,80.0
2026-08-10T05:51,J6,setengah_naik,539.4,2366.5,80.0
2026-08-10T05:51,J6,setengah_naik,540.5,2366.5,80.0
2026-08-10T05:51,J6,setengah_naik,541.7,2366.5,80.0
2026-08-10T05:51,J6,setengah_naik,542.8,2366.5,80.0
2026-08-10T05:51,J6,setengah_naik,544.0,2366.375,80.0
2026-08-10T05:51,J6,setengah_naik,545.2,2366.75,80.0
2026-08-10T05:51,J6,setengah_naik,546.3,2366.75,80.0
2026-08-10T05:51,J6,setengah_naik,547.5,2366.875,80.0
2026-08-10T05:51,J6,setengah_naik,548.6,2366.875,80.0
2026-08-10T05:51,J6,setengah_naik,549.8,2366.75,80.0
2026-08-10T05:51,J6,setengah_naik,551.0,2366.625,80.0
2026-08-10T05:51,J6,setengah_naik,552.1,2366.75,80.0
2026-08-10T05:51,J6,setengah_naik,553.3,2366.75,80.0
2026-08-10T05:51,J6,setengah_naik,554.4,2366.875,80.0
2026-08-10T05:51,J6,setengah_naik,555.6,2367.125,80.0
2026-08-10T05:51,J6,setengah_naik,556.8,2366.875,80.0
2026-08-10T05:51,J6,setengah_naik,557.9,2366.875,80.0
2026-08-10T05:51,J6,setengah_naik,559.1,2366.75,80.0
2026-08-10T05:51,J6,setengah_naik,560.2,2366.875,80.0
2026-08-10T05:51,J6,setengah_naik,561.4,2366.75,80.0
2026-08-10T05:51,J6,setengah_naik,562.6,2366.875,80.0
2026-08-10T05:51,J6,setengah_naik,563.7,2366.75,80.0
2026-08-10T05:51,J6,setengah_naik,564.9,2366.75,80.0
2026-08-10T05:51,J6,setengah_naik,566.0,2366.75,80.0
2026-08-10T05:51,J6,setengah_naik,567.2,2366.875,80.0
2026-08-10T05:51,J6,setengah_naik,568.4,2366.875,80.0
2026-08-10T05:51,J6,setengah_naik,569.5,2366.875,80.0
2026-08-10T05:51,J6,setengah_naik,570.7,2366.875,80.0
2026-08-10T05:51,J6,setengah_naik,571.8,2366.75,80.0
2026-08-10T05:51,J6,setengah_naik,573.0,2366.875,80.0
2026-08-10T05:51,J6,setengah_naik,574.2,2366.875,80.0
2026-08-10T05:51,J6,setengah_naik,575.3,2366.75,80.0
2026-08-10T05:51,J6,setengah_naik,576.5,2367.0,80.0
2026-08-10T05:51,J6,setengah_naik,577.6,2366.875,80.0
2026-08-10T05:51,J6,setengah_naik,578.8,2366.875,80.0
2026-08-10T05:51,J6,setengah_naik,580.0,2366.875,80.0
2026-08-10T05:51,J6,setengah_naik,581.1,2366.875,80.0
2026-08-10T05:51,J6,setengah_naik,582.3,2366.75,80.0
2026-08-10T05:51,J6,setengah_naik,583.4,2366.875,80.0
2026-08-10T05:51,J6,setengah_naik,584.6,2366.75,80.0
2026-08-10T05:51,J6,setengah_naik,585.8,2366.875,80.0
2026-08-10T05:51,J6,setengah_naik,586.9,2366.75,80.0
2026-08-10T05:51,J6,setengah_naik,588.1,2366.75,80.0
2026-08-10T05:51,J6,setengah_naik,589.2,2366.875,80.0
2026-08-10T05:51,J6,setengah_naik,590.4,2366.875,80.0
2026-08-10T05:51,J6,setengah_naik,591.6,2366.75,80.0
2026-08-10T05:51,J6,setengah_naik,592.7,2366.75,80.0
2026-08-10T05:51,J6,setengah_naik,593.9,2366.75,80.0
2026-08-10T05:51,J6,setengah_naik,595.0,2366.75,80.0
2026-08-10T05:51,J6,setengah_naik,596.2,2366.75,80.0
2026-08-10T05:51,J6,setengah_naik,597.4,2367.0,80.0
2026-08-10T05:51,J6,setengah_naik,598.5,2366.875,80.0
2026-08-10T05:51,J6,setengah_naik,599.7,2366.75,80.0
2026-08-10T05:51,J6,setengah_naik,600.8,2366.5,80.0
2026-08-10T05:51,J6,setengah_naik,602.0,2366.75,80.0
2026-08-10T05:51,J6,setengah_naik,603.2,2366.875,80.0
2026-08-10T05:51,J6,setengah_naik,604.3,2366.875,80.0
2026-08-10T05:51,J6,setengah_naik,605.5,2366.875,80.0
2026-08-10T05:51,J6,setengah_naik,606.6,2366.75,80.0
2026-08-10T05:51,J6,setengah_naik,607.8,2366.75,80.0
2026-08-10T05:51,J6,setengah_naik,609.0,2366.75,80.0
2026-08-10T05:51,J6,setengah_naik,610.1,2366.75,80.0
2026-08-10T05:51,J6,setengah_naik,611.3,2366.75,80.0
2026-08-10T05:51,J6,setengah_naik,612.4,2367.0,80.0
2026-08-10T05:51,J6,setengah_naik,613.6,2367.0,80.0
2026-08-10T05:51,J6,setengah_naik,614.8,2366.875,80.0
2026-08-10T05:51,J6,setengah_naik,615.9,2366.625,80.0
2026-08-10T05:51,J6,setengah_naik,617.1,2366.875,80.0
2026-08-10T05:51,J6,setengah_naik,618.2,2367.0,80.0
2026-08-10T05:51,J6,setengah_naik,619.4,2367.125,80.0
2026-08-10T05:51,J6,setengah_naik,620.6,2366.75,80.0
2026-08-10T05:51,J6,setengah_naik,621.7,2366.75,80.0
2026-08-10T05:51,J6,setengah_naik,622.9,2366.75,80.0
2026-08-10T05:51,J6,setengah_naik,624.0,2366.875,80.0
2026-08-10T05:51,J6,setengah_naik,625.2,2366.875,80.0
2026-08-10T05:51,J6,setengah_naik,626.4,2367.125,80.0
2026-08-10T05:51,J6,setengah_naik,627.5,2367.0,80.0
2026-08-10T05:51,J6,setengah_naik,628.7,2367.0,80.0
2026-08-10T05:51,J6,setengah_naik,629.8,2366.75,80.0
2026-08-10T05:51,J6,setengah_naik,631.0,2366.875,80.0
2026-08-10T05:51,J6,setengah_naik,632.2,2366.75,80.0
2026-08-10T05:51,J6,setengah_naik,633.3,2366.875,80.0
2026-08-10T05:51,J6,setengah_naik,634.5,2366.875,80.0
2026-08-10T05:51,J6,setengah_naik,635.6,2367.0,80.0
2026-08-10T05:51,J6,setengah_naik,636.8,2366.875,80.0
2026-08-10T05:51,J6,setengah_naik,638.0,2366.875,80.0
2026-08-10T05:51,J6,setengah_naik,639.1,2366.875,80.0
2026-08-10T05:51,J6,setengah_naik,640.3,2366.875,80.0
2026-08-10T05:51,J6,setengah_naik,641.4,2367.0,80.0
2026-08-10T05:51,J6,setengah_naik,642.6,2366.875,80.0
2026-08-10T05:51,J6,setengah_naik,643.8,2366.75,80.0
2026-08-10T05:51,J6,setengah_naik,644.9,2366.875,80.0
2026-08-10T05:51,J6,setengah_naik,646.1,2366.875,80.0
2026-08-10T05:51,J6,setengah_naik,647.2,2366.625,80.0
2026-08-10T05:51,J6,setengah_naik,648.4,2366.875,80.0
2026-08-10T05:51,J6,setengah_naik,649.6,2366.875,80.0
2026-08-10T05:51,J6,setengah_naik,650.7,2367.0,80.0
2026-08-10T05:51,J6,setengah_naik,651.9,2366.75,80.0
2026-08-10T05:51,J6,setengah_naik,653.0,2366.875,80.0
2026-08-10T05:51,J6,setengah_naik,654.2,2366.875,80.0
2026-08-10T05:51,J6,setengah_naik,655.4,2367.0,80.0
2026-08-10T05:51,J6,setengah_naik,656.5,2367.125,80.0
2026-08-10T05:51,J6,setengah_naik,657.7,2366.875,80.0
2026-08-10T05:51,J6,setengah_naik,658.8,2366.875,80.0
2026-08-10T05:51,J6,setengah_naik,660.0,2366.75,80.0
2026-08-10T05:51,J6,setengah_naik,661.2,2366.75,80.0
2026-08-10T05:51,J6,setengah_naik,662.3,2366.75,80.0
2026-08-10T05:51,J6,setengah_naik,663.5,2366.75,80.0
2026-08-10T05:51,J6,setengah_naik,664.6,2366.875,80.0
2026-08-10T05:51,J6,setengah_naik,665.8,2366.75,80.0
2026-08-10T05:51,J6,setengah_naik,667.0,2366.875,80.0
2026-08-10T05:51,J6,setengah_naik,668.1,2366.75,80.0
2026-08-10T05:51,J6,setengah_naik,669.3,2366.75,80.0
2026-08-10T05:51,J6,setengah_naik,670.4,2367.0,80.0
2026-08-10T05:51,J6,setengah_naik,671.6,2367.0,80.0
2026-08-10T05:51,J6,setengah_naik,672.8,2367.0,80.0
2026-08-10T05:51,J6,setengah_naik,673.9,2367.0,80.0
2026-08-10T05:51,J6,setengah_naik,675.1,2366.875,80.0
2026-08-10T05:51,J6,setengah_naik,676.2,2367.0,80.0
2026-08-10T05:51,J6,setengah_naik,677.4,2366.875,80.0
2026-08-10T05:51,J6,setengah_naik,678.6,2366.75,80.0
2026-08-10T05:51,J6,setengah_naik,679.7,2367.0,80.0
2026-08-10T05:51,J6,setengah_naik,680.9,2366.75,80.0
2026-08-10T05:51,J6,setengah_naik,682.0,2366.75,80.0
2026-08-10T05:51,J6,setengah_naik,683.2,2366.75,80.0
2026-08-10T05:51,J6,setengah_naik,684.4,2366.75,80.0
2026-08-10T05:51,J6,setengah_naik,685.5,2366.75,80.0
2026-08-10T05:51,J6,setengah_naik,686.7,2366.875,80.0
2026-08-10T05:51,J6,setengah_naik,687.8,2366.75,80.0
2026-08-10T05:51,J6,setengah_naik,689.0,2366.75,80.0
2026-08-10T05:51,J6,setengah_naik,690.2,2366.75,80.0
2026-08-10T05:51,J6,setengah_naik,691.3,2366.75,80.0
2026-08-10T05:51,J6,setengah_naik,692.5,2366.75,80.0
2026-08-10T05:51,J6,setengah_naik,693.6,2366.75,80.0
2026-08-10T05:51,J6,setengah_naik,694.8,2366.75,80.0
2026-08-10T05:51,J6,setengah_naik,696.0,2366.875,80.0
2026-08-10T05:51,J6,setengah_naik,697.1,2366.75,80.0
2026-08-10T05:51,J6,setengah_naik,698.3,2367.0,80.0
2026-08-10T05:51,J6,setengah_naik,699.4,2366.75,80.0
2026-08-10T05:51,J6,setengah_naik,700.6,2366.875,80.0
2026-08-10T05:51,J6,setengah_naik,701.8,2366.875,80.0
2026-08-10T05:51,J6,setengah_naik,702.9,2366.625,80.0
2026-08-10T05:51,J6,setengah_naik,704.1,2366.625,80.0
2026-08-10T05:51,J6,setengah_naik,705.2,2366.625,80.0
2026-08-10T05:51,J6,setengah_naik,706.4,2366.875,80.0
2026-08-10T05:51,J6,setengah_naik,707.6,2366.875,80.0
2026-08-10T05:51,J6,setengah_naik,708.7,2366.75,80.0
2026-08-10T05:51,J6,setengah_naik,709.9,2366.75,80.0
2026-08-10T05:51,J6,setengah_naik,711.0,2366.75,80.0
2026-08-10T05:51,J6,setengah_naik,712.2,2366.75,80.0
2026-08-10T05:51,J6,setengah_naik,713.4,2366.875,80.0
2026-08-10T05:51,J6,setengah_naik,714.5,2366.875,80.0
2026-08-10T05:51,J6,setengah_naik,715.7,2366.875,80.0
2026-08-10T05:51,J6,setengah_naik,716.8,2367.0,80.0
2026-08-10T05:51,J6,setengah_naik,718.0,2366.875,80.0
2026-08-10T05:51,J6,setengah_naik,719.2,2366.75,80.0
2026-08-10T05:51,J6,setengah_naik,720.3,2366.875,80.0
2026-08-10T05:51,J6,setengah_naik,721.5,2366.875,80.0
2026-08-10T05:51,J6,setengah_naik,722.6,2366.875,80.0
2026-08-10T05:51,J6,setengah_naik,723.8,2366.75,80.0
2026-08-10T05:51,J6,setengah_naik,725.0,2366.75,80.0
2026-08-10T05:51,J6,setengah_naik,726.1,2366.875,80.0
2026-08-10T05:51,J6,setengah_naik,727.3,2366.75,80.0
2026-08-10T05:51,J6,setengah_naik,728.4,2366.75,80.0
2026-08-10T05:51,J6,setengah_naik,729.6,2366.875,80.0
2026-08-10T05:51,J6,setengah_naik,730.8,2366.875,80.0
2026-08-10T05:51,J6,setengah_naik,731.9,2366.875,80.0
2026-08-10T05:51,J6,setengah_naik,733.1,2366.875,80.0
2026-08-10T05:51,J6,setengah_naik,734.2,2366.875,80.0
2026-08-10T05:51,J6,setengah_naik,735.4,2367.0,80.0
2026-08-10T05:51,J6,setengah_naik,736.6,2367.0,80.0
2026-08-10T05:51,J6,setengah_naik,737.7,2367.0,80.0
2026-08-10T05:51,J6,setengah_naik,738.9,2366.75,80.0
2026-08-10T05:51,J6,setengah_naik,740.0,2366.75,80.0
2026-08-10T05:51,J6,setengah_naik,741.2,2366.75,80.0
2026-08-10T05:51,J6,setengah_naik,742.4,2366.625,80.0
2026-08-10T05:51,J6,setengah_naik,743.5,2366.375,80.0
2026-08-10T05:51,J6,setengah_naik,744.7,2366.375,80.0
2026-08-10T05:51,J6,setengah_naik,745.8,2366.625,80.0
2026-08-10T05:51,J6,setengah_naik,747.0,2366.5,80.0
2026-08-10T05:51,J6,setengah_naik,748.2,2366.625,80.0
2026-08-10T05:51,J6,setengah_naik,749.3,2366.875,80.0
2026-08-10T05:51,J6,setengah_naik,750.5,2366.75,80.0
2026-08-10T05:51,J6,setengah_naik,751.6,2366.75,80.0
2026-08-10T05:51,J6,setengah_naik,752.8,2366.875,80.0
2026-08-10T05:51,J6,setengah_naik,754.0,2366.875,80.0
2026-08-10T05:51,J6,setengah_naik,755.1,2367.0,80.0
2026-08-10T05:51,J6,setengah_naik,756.3,2366.875,80.0
2026-08-10T05:51,J6,setengah_naik,757.4,2366.875,80.0
2026-08-10T05:51,J6,setengah_naik,758.6,2366.75,80.0
2026-08-10T05:51,J6,setengah_naik,759.8,2367.0,80.0
2026-08-10T05:51,J6,setengah_naik,760.9,2366.875,80.0
2026-08-10T05:51,J6,setengah_naik,762.1,2366.75,80.0
2026-08-10T05:51,J6,setengah_naik,763.2,2366.75,80.0
2026-08-10T05:51,J6,setengah_naik,764.4,2366.75,80.0
2026-08-10T05:51,J6,setengah_naik,765.6,2366.875,80.0
2026-08-10T05:51,J6,setengah_naik,766.7,2366.75,80.0
2026-08-10T05:51,J6,setengah_naik,767.9,2367.0,80.0
2026-08-10T05:51,J6,setengah_naik,769.0,2367.0,80.0
2026-08-10T05:51,J6,setengah_naik,770.2,2367.0,80.0
2026-08-10T05:51,J6,setengah_naik,771.4,2366.875,80.0
2026-08-10T05:51,J6,setengah_naik,772.5,2366.75,80.0
2026-08-10T05:51,J6,setengah_naik,773.7,2366.875,80.0
2026-08-10T05:51,J6,setengah_naik,774.8,2366.875,80.0
2026-08-10T05:51,J6,setengah_naik,776.0,2367.0,80.0
2026-08-10T05:51,J6,setengah_naik,777.2,2367.0,80.0
2026-08-10T05:51,J6,setengah_naik,778.3,2366.875,80.0
2026-08-10T05:51,J6,setengah_naik,779.5,2366.875,80.0
2026-08-10T05:51,J6,setengah_naik,780.6,2366.875,80.0
2026-08-10T05:51,J6,setengah_naik,781.8,2367.0,80.0
2026-08-10T05:51,J6,setengah_naik,783.0,2366.875,80.0
2026-08-10T05:51,J6,setengah_naik,784.1,2367.0,80.0
2026-08-10T05:51,J6,setengah_naik,785.3,2366.75,80.0
2026-08-10T05:51,J6,setengah_naik,786.4,2366.875,80.0
2026-08-10T05:51,J6,setengah_naik,787.6,2366.625,80.0
2026-08-10T05:51,J6,setengah_naik,788.8,2366.875,80.0
2026-08-10T05:51,J6,setengah_naik,789.9,2366.875,80.0
2026-08-10T05:51,J6,setengah_naik,791.1,2367.0,80.0
2026-08-10T05:51,J6,setengah_naik,792.2,2366.875,80.0
2026-08-10T05:51,J6,setengah_naik,793.4,2367.0,80.0
2026-08-10T05:51,J6,setengah_naik,794.6,2366.875,80.0
2026-08-10T05:51,J6,setengah_naik,795.7,2366.875,80.0
2026-08-10T05:51,J6,setengah_naik,796.9,2366.75,80.0
2026-08-10T05:51,J6,setengah_naik,798.0,2366.875,80.0
2026-08-10T05:51,J6,setengah_naik,799.2,2366.875,80.0
2026-08-10T05:51,J6,setengah_naik,800.4,2367.0,80.0
2026-08-10T05:51,J6,setengah_naik,801.5,2367.0,80.0
2026-08-10T05:51,J6,setengah_naik,802.7,2366.75,80.0
2026-08-10T05:51,J6,setengah_naik,803.8,2366.75,80.0
2026-08-10T05:51,J6,setengah_naik,805.0,2366.875,80.0
2026-08-10T05:51,J6,setengah_naik,806.2,2366.875,80.0
2026-08-10T05:51,J6,setengah_naik,807.3,2366.75,80.0
2026-08-10T05:51,J6,setengah_naik,808.5,2367.125,80.0
2026-08-10T05:51,J6,setengah_naik,809.6,2366.625,80.0
2026-08-10T05:51,J6,setengah_naik,810.8,2366.75,80.0
2026-08-10T05:51,J6,setengah_naik,812.0,2367.125,80.0
2026-08-10T05:51,J6,setengah_naik,813.1,2367.0,80.0
2026-08-10T05:51,J6,setengah_naik,814.3,2367.0,80.0
2026-08-10T05:51,J6,setengah_naik,815.4,2367.125,80.0
2026-08-10T05:51,J6,setengah_naik,816.6,2366.875,80.0
2026-08-10T05:51,J6,setengah_naik,817.8,2367.0,80.0
2026-08-10T05:51,J6,setengah_naik,818.9,2367.0,80.0
2026-08-10T05:51,J6,setengah_naik,820.1,2367.0,80.0
2026-08-10T05:51,J6,setengah_naik,821.2,2366.75,80.0
2026-08-10T05:51,J6,setengah_naik,822.4,2366.75,80.0
2026-08-10T05:51,J6,setengah_naik,823.6,2366.75,80.0
2026-08-10T05:51,J6,setengah_naik,824.7,2366.75,80.0
2026-08-10T05:51,J6,setengah_naik,825.9,2366.625,80.0
2026-08-10T05:51,J6,setengah_naik,827.0,2366.75,80.0
2026-08-10T05:51,J6,setengah_naik,828.2,2367.125,80.0
2026-08-10T05:51,J6,setengah_naik,829.4,2366.875,80.0
2026-08-10T05:51,J6,setengah_naik,830.5,2367.0,80.0
2026-08-10T05:51,J6,setengah_naik,831.7,2367.125,80.0
2026-08-10T05:51,J6,setengah_naik,832.8,2366.875,80.0
2026-08-10T05:51,J6,setengah_naik,834.0,2366.875,80.0
2026-08-10T05:51,J6,setengah_naik,835.2,2367.125,80.0
2026-08-10T05:51,J6,setengah_naik,836.3,2367.125,80.0
2026-08-10T05:51,J6,setengah_naik,837.5,2367.0,80.0
2026-08-10T05:51,J6,setengah_naik,838.6,2366.75,80.0
2026-08-10T05:51,J6,setengah_naik,839.8,2366.875,80.0
2026-08-10T05:51,J6,setengah_naik,841.0,2366.75,80.0
2026-08-10T05:51,J6,setengah_naik,842.1,2367.0,80.0
2026-08-10T05:51,J6,setengah_naik,843.3,2367.0,80.0
2026-08-10T05:51,J6,setengah_naik,844.4,2366.75,80.0
2026-08-10T05:51,J6,setengah_naik,845.6,2366.75,80.0
2026-08-10T05:51,J6,setengah_naik,846.8,2366.875,80.0
2026-08-10T05:51,J6,setengah_naik,847.9,2366.875,80.0
2026-08-10T05:51,J6,setengah_naik,849.1,2366.75,80.0
2026-08-10T05:51,J6,setengah_naik,850.2,2367.0,80.0
2026-08-10T05:51,J6,setengah_naik,851.4,2366.875,80.0
2026-08-10T05:51,J6,setengah_naik,852.6,2367.0,80.0
2026-08-10T05:51,J6,setengah_naik,853.7,2366.875,80.0
2026-08-10T05:51,J6,setengah_naik,854.9,2366.75,80.0
2026-08-10T05:51,J6,setengah_naik,856.0,2366.875,80.0
2026-08-10T05:51,J6,setengah_naik,857.2,2367.0,80.0
2026-08-10T05:51,J6,setengah_naik,858.4,2367.0,80.0
2026-08-10T05:51,J6,setengah_naik,859.5,2367.0,80.0
2026-08-10T05:51,J6,setengah_naik,860.7,2366.875,80.0
2026-08-10T05:51,J6,setengah_naik,861.8,2366.875,80.0
2026-08-10T05:51,J6,setengah_naik,863.0,2366.875,80.0
2026-08-10T05:51,J6,setengah_naik,864.2,2366.875,80.0
2026-08-10T05:51,J6,setengah_naik,865.3,2367.0,80.0
2026-08-10T05:51,J6,setengah_naik,866.5,2367.125,80.0
2026-08-10T05:51,J6,setengah_naik,867.6,2367.0,80.0
2026-08-10T05:51,J6,setengah_naik,868.8,2367.0,80.0
2026-08-10T05:51,J6,setengah_naik,870.0,2367.0,80.0
2026-08-10T05:51,J6,setengah_naik,871.1,2366.875,80.0
2026-08-10T05:51,J6,setengah_naik,872.3,2366.875,80.0
2026-08-10T05:51,J6,setengah_naik,873.4,2366.875,80.0
2026-08-10T05:51,J6,setengah_naik,874.6,2367.125,80.0
2026-08-10T05:51,J6,setengah_naik,875.8,2366.875,80.0
2026-08-10T05:51,J6,setengah_naik,876.9,2367.125,80.0
2026-08-10T05:51,J6,setengah_naik,878.1,2367.0,80.0
2026-08-10T05:51,J6,setengah_naik,879.2,2367.125,80.0
2026-08-10T05:51,J6,setengah_naik,880.4,2367.125,80.0
2026-08-10T05:51,J6,setengah_naik,881.6,2367.125,80.0
2026-08-10T05:51,J6,setengah_naik,882.7,2366.875,80.0
2026-08-10T05:51,J6,setengah_naik,883.9,2367.0,80.0
2026-08-10T05:51,J6,setengah_naik,885.0,2367.0,80.0
2026-08-10T05:51,J6,setengah_naik,886.2,2367.125,80.0
2026-08-10T05:51,J6,setengah_naik,887.4,2366.875,80.0
2026-08-10T05:51,J6,setengah_naik,888.5,2367.125,80.0
2026-08-10T05:51,J6,setengah_naik,889.7,2366.875,80.0
2026-08-10T05:51,J6,setengah_naik,890.8,2367.0,80.0
2026-08-10T05:51,J6,setengah_naik,892.0,2367.0,80.0
2026-08-10T05:51,J6,setengah_naik,893.2,2366.875,80.0
2026-08-10T05:51,J6,setengah_naik,894.3,2367.25,80.0
2026-08-10T05:51,J6,setengah_naik,895.5,2367.0,80.0
2026-08-10T05:51,J6,setengah_naik,896.6,2367.25,80.0
2026-08-10T05:51,J6,setengah_naik,897.8,2367.0,80.0
2026-08-10T05:51,J6,setengah_naik,899.0,2366.875,80.0
2026-08-10T05:51,J6,setengah_naik,900.1,2366.875,80.0
2026-08-10T05:51,J6,setengah_naik,901.3,2367.0,80.0
2026-08-10T05:51,J6,setengah_naik,902.4,2366.875,80.0
2026-08-10T05:51,J6,setengah_naik,903.6,2367.0,80.0
2026-08-10T05:51,J6,setengah_naik,904.8,2367.0,80.0
2026-08-10T05:51,J6,setengah_naik,905.9,2367.0,80.0
2026-08-10T05:51,J6,setengah_naik,907.1,2366.875,80.0
2026-08-10T05:51,J6,setengah_naik,908.2,2366.875,80.0
2026-08-10T05:51,J6,setengah_naik,909.4,2367.0,80.0
2026-08-10T05:51,J6,setengah_naik,910.6,2367.125,80.0
2026-08-10T05:51,J6,setengah_naik,911.7,2366.875,80.0
2026-08-10T05:51,J6,setengah_naik,912.9,2366.875,80.0
2026-08-10T05:51,J6,setengah_naik,914.0,2366.875,80.0
2026-08-10T05:51,J6,setengah_naik,915.2,2366.875,80.0
2026-08-10T05:51,J6,setengah_naik,916.4,2366.75,80.0
2026-08-10T05:51,J6,setengah_naik,917.5,2367.125,80.0
2026-08-10T05:51,J6,setengah_naik,918.7,2366.875,80.0
2026-08-10T05:51,J6,setengah_naik,919.8,2367.0,80.0
2026-08-10T05:51,J6,setengah_naik,921.0,2366.875,80.0
2026-08-10T05:51,J6,setengah_naik,922.2,2366.75,80.0
2026-08-10T05:51,J6,setengah_naik,923.3,2366.875,80.0
2026-08-10T05:51,J6,setengah_naik,924.5,2367.0,80.0
2026-08-10T05:51,J6,setengah_naik,925.6,2367.0,80.0
2026-08-10T05:51,J6,setengah_naik,926.8,2367.0,80.0
2026-08-10T05:51,J6,setengah_naik,928.0,2366.875,80.0
2026-08-10T05:51,J6,setengah_naik,929.1,2366.875,80.0
2026-08-10T05:51,J6,setengah_naik,930.3,2367.125,80.0
2026-08-10T05:51,J6,setengah_naik,931.4,2366.875,80.0
2026-08-10T05:51,J6,setengah_naik,932.6,2367.0,80.0
2026-08-10T05:51,J6,setengah_naik,933.8,2367.0,80.0
2026-08-10T05:51,J6,setengah_naik,934.9,2366.875,80.0
2026-08-10T05:51,J6,setengah_naik,936.1,2367.0,80.0
2026-08-10T05:51,J6,setengah_naik,937.2,2367.0,80.0
2026-08-10T05:51,J6,setengah_naik,938.4,2367.0,80.0
2026-08-10T05:51,J6,setengah_naik,939.6,2366.875,80.0
2026-08-10T05:51,J6,setengah_naik,940.7,2367.125,80.0
2026-08-10T05:51,J6,setengah_naik,941.9,2367.125,80.0
2026-08-10T05:51,J6,setengah_naik,943.0,2366.75,80.0
2026-08-10T05:51,J6,setengah_naik,944.2,2367.0,80.0
2026-08-10T05:51,J6,setengah_naik,945.4,2366.875,80.0
2026-08-10T05:51,J6,setengah_naik,946.5,2367.0,80.0
2026-08-10T05:51,J6,setengah_naik,947.7,2366.875,80.0
2026-08-10T05:51,J6,setengah_naik,948.8,2366.75,80.0
2026-08-10T05:51,J6,setengah_naik,950.0,2366.5,80.0
2026-08-10T05:51,J6,setengah_naik,951.2,2366.875,80.0
2026-08-10T05:51,J6,setengah_naik,952.3,2366.625,80.0
2026-08-10T05:51,J6,setengah_naik,953.5,2366.875,80.0
2026-08-10T05:51,J6,setengah_naik,954.6,2367.125,80.0
2026-08-10T05:51,J6,setengah_naik,955.8,2367.0,80.0
2026-08-10T05:51,J6,setengah_naik,957.0,2366.875,80.0
2026-08-10T05:51,J6,setengah_naik,958.1,2367.0,80.0
2026-08-10T05:51,J6,setengah_naik,959.3,2367.25,80.0
2026-08-10T05:51,J6,setengah_naik,960.4,2367.0,80.0
2026-08-10T05:51,J6,setengah_naik,961.6,2367.0,80.0
2026-08-10T05:51,J6,setengah_naik,962.8,2367.0,80.0
2026-08-10T05:51,J6,setengah_naik,963.9,2366.875,80.0
2026-08-10T05:51,J6,setengah_naik,965.1,2366.875,80.0
2026-08-10T05:51,J6,setengah_naik,966.2,2366.75,80.0
2026-08-10T05:51,J6,setengah_naik,967.4,2367.125,80.0
2026-08-10T05:51,J6,setengah_naik,968.6,2367.0,80.0
2026-08-10T05:51,J6,setengah_naik,969.7,2367.0,80.0
2026-08-10T05:51,J6,setengah_naik,970.9,2367.0,80.0
2026-08-10T05:51,J6,setengah_naik,972.0,2366.75,80.0
2026-08-10T05:51,J6,setengah_naik,973.2,2367.0,80.0
2026-08-10T05:51,J6,setengah_naik,974.4,2367.0,80.0
2026-08-10T05:51,J6,setengah_naik,975.5,2367.0,80.0
2026-08-10T05:51,J6,setengah_naik,976.7,2367.125,80.0
2026-08-10T05:51,J6,setengah_naik,977.8,2366.875,80.0
2026-08-10T05:51,J6,setengah_naik,979.0,2367.0,80.0
2026-08-10T05:51,J6,setengah_turun,0.0,1667.0,80.0
2026-08-10T05:51,J6,setengah_turun,1.1,1667.0,80.0
2026-08-10T05:51,J6,setengah_turun,2.3,1667.0,80.0
2026-08-10T05:51,J6,setengah_turun,3.4,1667.0,80.0
2026-08-10T05:51,J6,setengah_turun,4.6,1667.0,80.0
2026-08-10T05:51,J6,setengah_turun,5.8,1667.125,80.0
2026-08-10T05:51,J6,setengah_turun,6.9,1667.0,80.0
2026-08-10T05:51,J6,setengah_turun,8.1,1667.0,80.0
2026-08-10T05:51,J6,setengah_turun,9.2,1667.125,80.0
2026-08-10T05:51,J6,setengah_turun,10.4,1667.25,80.0
2026-08-10T05:51,J6,setengah_turun,11.6,1667.125,80.0
2026-08-10T05:51,J6,setengah_turun,12.7,1667.125,80.0
2026-08-10T05:51,J6,setengah_turun,13.9,1667.0,80.0
2026-08-10T05:51,J6,setengah_turun,15.0,1667.0,80.0
2026-08-10T05:51,J6,setengah_turun,16.2,1667.125,80.0
2026-08-10T05:51,J6,setengah_turun,17.4,1667.0,80.0
2026-08-10T05:51,J6,setengah_turun,18.5,1667.0,80.0
2026-08-10T05:51,J6,setengah_turun,19.7,1666.875,80.0
2026-08-10T05:51,J6,setengah_turun,20.8,1667.0,80.0
2026-08-10T05:51,J6,setengah_turun,22.0,1667.0,80.0
2026-08-10T05:51,J6,setengah_turun,23.2,1667.0,80.0
2026-08-10T05:51,J6,setengah_turun,24.3,1667.125,80.0
2026-08-10T05:51,J6,setengah_turun,25.5,1667.125,80.0
2026-08-10T05:51,J6,setengah_turun,26.6,1667.125,80.0
2026-08-10T05:51,J6,setengah_turun,27.8,1667.0,80.0
2026-08-10T05:51,J6,setengah_turun,29.0,1667.0,80.0
2026-08-10T05:51,J6,setengah_turun,30.1,1667.25,80.0
2026-08-10T05:51,J6,setengah_turun,31.3,1667.125,80.0
2026-08-10T05:51,J6,setengah_turun,32.4,1667.125,80.0
2026-08-10T05:51,J6,setengah_turun,33.6,1667.125,80.0
2026-08-10T05:51,J6,setengah_turun,34.8,1667.0,80.0
2026-08-10T05:51,J6,setengah_turun,35.9,1667.25,80.0
2026-08-10T05:51,J6,setengah_turun,37.1,1666.875,80.0
2026-08-10T05:51,J6,setengah_turun,38.2,1667.0,80.0
2026-08-10T05:51,J6,setengah_turun,39.4,1666.875,80.0
2026-08-10T05:51,J6,setengah_turun,40.6,1667.0,80.0
2026-08-10T05:51,J6,setengah_turun,41.7,1667.0,80.0
2026-08-10T05:51,J6,setengah_turun,42.9,1667.0,80.0
2026-08-10T05:51,J6,setengah_turun,44.0,1667.0,80.0
2026-08-10T05:51,J6,setengah_turun,45.2,1666.875,80.0
2026-08-10T05:51,J6,setengah_turun,46.4,1666.875,80.0
2026-08-10T05:51,J6,setengah_turun,47.5,1667.0,80.0
2026-08-10T05:51,J6,setengah_turun,48.7,1667.0,80.0
2026-08-10T05:51,J6,setengah_turun,49.8,1667.125,80.0
2026-08-10T05:51,J6,setengah_turun,51.0,1666.875,80.0
2026-08-10T05:51,J6,setengah_turun,52.2,1667.125,80.0
2026-08-10T05:51,J6,setengah_turun,53.3,1667.0,80.0
2026-08-10T05:51,J6,setengah_turun,54.5,1667.125,80.0
2026-08-10T05:51,J6,setengah_turun,55.6,1667.125,80.0
2026-08-10T05:51,J6,setengah_turun,56.8,1667.0,80.0
2026-08-10T05:51,J6,setengah_turun,58.0,1667.0,80.0
2026-08-10T05:51,J6,setengah_turun,59.1,1667.0,80.0
2026-08-10T05:51,J6,setengah_turun,60.3,1667.0,80.0
2026-08-10T05:51,J6,setengah_turun,61.4,1667.0,80.0
2026-08-10T05:51,J6,setengah_turun,62.6,1666.875,80.0
2026-08-10T05:51,J6,setengah_turun,63.8,1667.0,80.0
2026-08-10T05:51,J6,setengah_turun,64.9,1667.0,80.0
2026-08-10T05:51,J6,setengah_turun,66.1,1667.0,80.0
2026-08-10T05:51,J6,setengah_turun,67.2,1667.0,80.0
2026-08-10T05:51,J6,setengah_turun,68.4,1667.125,80.0
2026-08-10T05:51,J6,setengah_turun,69.6,1667.0,80.0
2026-08-10T05:51,J6,setengah_turun,70.7,1667.0,80.0
2026-08-10T05:51,J6,setengah_turun,71.9,1667.0,80.0
2026-08-10T05:51,J6,setengah_turun,73.0,1667.0,80.0
2026-08-10T05:51,J6,setengah_turun,74.2,1667.125,80.0
2026-08-10T05:51,J6,setengah_turun,75.4,1667.125,80.0
2026-08-10T05:51,J6,setengah_turun,76.5,1667.0,80.0
2026-08-10T05:51,J6,setengah_turun,77.7,1667.125,80.0
2026-08-10T05:51,J6,setengah_turun,78.8,1667.0,80.0
2026-08-10T05:51,J6,setengah_turun,80.0,1666.875,80.0
2026-08-10T05:51,J6,setengah_turun,81.2,1667.0,80.0
2026-08-10T05:51,J6,setengah_turun,82.3,1667.0,80.0
2026-08-10T05:51,J6,setengah_turun,83.5,1667.0,80.0
2026-08-10T05:51,J6,setengah_turun,84.6,1667.25,80.0
2026-08-10T05:51,J6,setengah_turun,85.8,1667.0,80.0
2026-08-10T05:51,J6,setengah_turun,87.0,1702.75,80.0
2026-08-10T05:51,J6,setengah_turun,88.1,1848.875,80.0
2026-08-10T05:51,J6,setengah_turun,89.3,1889.75,80.0
2026-08-10T05:51,J6,setengah_turun,90.4,1891.75,80.0
2026-08-10T05:51,J6,setengah_turun,91.6,1867.125,80.0
2026-08-10T05:51,J6,setengah_turun,92.8,1849.5,80.0
2026-08-10T05:51,J6,setengah_turun,93.9,1866.25,80.0
2026-08-10T05:51,J6,setengah_turun,95.1,1867.75,80.0
2026-08-10T05:51,J6,setengah_turun,96.2,1867.75,80.0
2026-08-10T05:51,J6,setengah_turun,97.4,1838.75,80.0
2026-08-10T05:51,J6,setengah_turun,98.6,1839.0,80.0
2026-08-10T05:51,J6,setengah_turun,99.7,1848.125,80.0
2026-08-10T05:51,J6,setengah_turun,100.9,1802.0,80.0
2026-08-10T05:51,J6,setengah_turun,102.0,1827.75,80.0
2026-08-10T05:51,J6,setengah_turun,103.2,1791.375,80.0
2026-08-10T05:51,J6,setengah_turun,104.4,1816.5,80.0
2026-08-10T05:51,J6,setengah_turun,105.5,1782.75,80.0
2026-08-10T05:51,J6,setengah_turun,106.7,1786.5,80.0
2026-08-10T05:51,J6,setengah_turun,107.8,1787.125,80.0
2026-08-10T05:51,J6,setengah_turun,109.0,1770.625,80.0
2026-08-10T05:51,J6,setengah_turun,110.2,1766.25,80.0
2026-08-10T05:51,J6,setengah_turun,111.3,1771.625,80.0
2026-08-10T05:51,J6,setengah_turun,112.5,1752.375,80.0
2026-08-10T05:51,J6,setengah_turun,113.6,1750.375,80.0
2026-08-10T05:51,J6,setengah_turun,114.8,1747.625,80.0
2026-08-10T05:51,J6,setengah_turun,116.0,1741.875,80.0
2026-08-10T05:51,J6,setengah_turun,117.1,1742.125,80.0
2026-08-10T05:51,J6,setengah_turun,118.3,1726.75,80.0
2026-08-10T05:51,J6,setengah_turun,119.4,1726.75,80.0
2026-08-10T05:51,J6,setengah_turun,120.6,1718.875,80.0
2026-08-10T05:51,J6,setengah_turun,121.8,1716.625,80.0
2026-08-10T05:51,J6,setengah_turun,122.9,1711.25,80.0
2026-08-10T05:51,J6,setengah_turun,124.1,1709.25,80.0
2026-08-10T05:51,J6,setengah_turun,125.2,1703.625,80.0
2026-08-10T05:51,J6,setengah_turun,126.4,1700.125,80.0
2026-08-10T05:51,J6,setengah_turun,127.6,1693.0,80.0
2026-08-10T05:51,J6,setengah_turun,128.7,1690.125,80.0
2026-08-10T05:51,J6,setengah_turun,129.9,1682.625,80.0
2026-08-10T05:51,J6,setengah_turun,131.0,1676.875,80.0
2026-08-10T05:51,J6,setengah_turun,132.2,1669.625,80.0
2026-08-10T05:51,J6,setengah_turun,133.4,1663.875,80.0
2026-08-10T05:51,J6,setengah_turun,134.5,1656.375,80.0
2026-08-10T05:51,J6,setengah_turun,135.7,1652.375,80.0
2026-08-10T05:51,J6,setengah_turun,136.8,1648.625,80.0
2026-08-10T05:51,J6,setengah_turun,138.0,1643.75,80.0
2026-08-10T05:51,J6,setengah_turun,139.2,1640.25,80.0
2026-08-10T05:51,J6,setengah_turun,140.3,1636.25,80.0
2026-08-10T05:51,J6,setengah_turun,141.5,1631.625,80.0
2026-08-10T05:51,J6,setengah_turun,142.6,1631.625,80.0
2026-08-10T05:51,J6,setengah_turun,143.8,1624.625,80.0
2026-08-10T05:51,J6,setengah_turun,145.0,1621.375,80.0
2026-08-10T05:51,J6,setengah_turun,146.1,1616.75,80.0
2026-08-10T05:51,J6,setengah_turun,147.3,1613.375,80.0
2026-08-10T05:51,J6,setengah_turun,148.4,1609.0,80.0
2026-08-10T05:51,J6,setengah_turun,149.6,1601.625,80.0
2026-08-10T05:51,J6,setengah_turun,150.8,1597.625,80.0
2026-08-10T05:51,J6,setengah_turun,151.9,1597.375,80.0
2026-08-10T05:51,J6,setengah_turun,153.1,1591.375,80.0
2026-08-10T05:51,J6,setengah_turun,154.2,1584.875,80.0
2026-08-10T05:51,J6,setengah_turun,155.4,1583.5,80.0
2026-08-10T05:51,J6,setengah_turun,156.6,1575.375,80.0
2026-08-10T05:51,J6,setengah_turun,157.7,1564.625,80.0
2026-08-10T05:51,J6,setengah_turun,158.9,1560.25,80.0
2026-08-10T05:51,J6,setengah_turun,160.0,1555.625,80.0
2026-08-10T05:51,J6,setengah_turun,161.2,1547.375,80.0
2026-08-10T05:51,J6,setengah_turun,162.4,1547.0,80.0
2026-08-10T05:51,J6,setengah_turun,163.5,1544.25,80.0
2026-08-10T05:51,J6,setengah_turun,164.7,1537.125,80.0
2026-08-10T05:51,J6,setengah_turun,165.8,1537.125,80.0
2026-08-10T05:51,J6,setengah_turun,167.0,1535.0,80.0
2026-08-10T05:51,J6,setengah_turun,168.2,1530.125,80.0
2026-08-10T05:51,J6,setengah_turun,169.3,1523.5,80.0
2026-08-10T05:51,J6,setengah_turun,170.5,1521.75,80.0
2026-08-10T05:51,J6,setengah_turun,171.6,1513.75,80.0
2026-08-10T05:51,J6,setengah_turun,172.8,1513.125,80.0
2026-08-10T05:51,J6,setengah_turun,174.0,1508.375,80.0
2026-08-10T05:51,J6,setengah_turun,175.1,1500.5,80.0
2026-08-10T05:51,J6,setengah_turun,176.3,1495.875,80.0
2026-08-10T05:51,J6,setengah_turun,177.4,1488.25,80.0
2026-08-10T05:51,J6,setengah_turun,178.6,1485.25,80.0
2026-08-10T05:51,J6,setengah_turun,179.8,1476.625,80.0
2026-08-10T05:51,J6,setengah_turun,180.9,1473.875,80.0
2026-08-10T05:51,J6,setengah_turun,182.1,1467.0,80.0
2026-08-10T05:51,J6,setengah_turun,183.2,1463.5,80.0
2026-08-10T05:51,J6,setengah_turun,184.4,1460.5,80.0
2026-08-10T05:51,J6,setengah_turun,185.6,1452.75,80.0
2026-08-10T05:51,J6,setengah_turun,186.7,1444.625,80.0
2026-08-10T05:51,J6,setengah_turun,187.9,1439.125,80.0
2026-08-10T05:51,J6,setengah_turun,189.0,1439.125,80.0
2026-08-10T05:51,J6,setengah_turun,190.2,1437.625,80.0
2026-08-10T05:51,J6,setengah_turun,191.4,1433.375,80.0
2026-08-10T05:51,J6,setengah_turun,192.5,1431.25,80.0
2026-08-10T05:51,J6,setengah_turun,193.7,1426.125,80.0
2026-08-10T05:51,J6,setengah_turun,194.8,1421.75,80.0
2026-08-10T05:51,J6,setengah_turun,196.0,1415.875,80.0
2026-08-10T05:51,J6,setengah_turun,197.2,1413.125,80.0
2026-08-10T05:51,J6,setengah_turun,198.3,1406.75,80.0
2026-08-10T05:51,J6,setengah_turun,199.5,1402.75,80.0
2026-08-10T05:51,J6,setengah_turun,200.6,1397.25,80.0
2026-08-10T05:51,J6,setengah_turun,201.8,1392.125,80.0
2026-08-10T05:51,J6,setengah_turun,203.0,1386.0,80.0
2026-08-10T05:51,J6,setengah_turun,204.1,1380.5,80.0
2026-08-10T05:51,J6,setengah_turun,205.3,1375.375,80.0
2026-08-10T05:51,J6,setengah_turun,206.4,1368.375,80.0
2026-08-10T05:51,J6,setengah_turun,207.6,1367.125,80.0
2026-08-10T05:51,J6,setengah_turun,208.8,1359.375,80.0
2026-08-10T05:51,J6,setengah_turun,209.9,1354.25,80.0
2026-08-10T05:51,J6,setengah_turun,211.1,1345.375,80.0
2026-08-10T05:51,J6,setengah_turun,212.2,1345.375,80.0
2026-08-10T05:51,J6,setengah_turun,213.4,1340.625,80.0
2026-08-10T05:51,J6,setengah_turun,214.6,1335.75,80.0
2026-08-10T05:51,J6,setengah_turun,215.7,1333.625,80.0
2026-08-10T05:51,J6,setengah_turun,216.9,1328.5,80.0
2026-08-10T05:51,J6,setengah_turun,218.0,1324.25,80.0
2026-08-10T05:51,J6,setengah_turun,219.2,1319.0,80.0
2026-08-10T05:51,J6,setengah_turun,220.4,1308.5,80.0
2026-08-10T05:51,J6,setengah_turun,221.5,1305.25,80.0
2026-08-10T05:51,J6,setengah_turun,222.7,1299.75,80.0
2026-08-10T05:51,J6,setengah_turun,223.8,1296.375,80.0
2026-08-10T05:51,J6,setengah_turun,225.0,1289.625,80.0
2026-08-10T05:51,J6,setengah_turun,226.2,1288.375,80.0
2026-08-10T05:51,J6,setengah_turun,227.3,1284.625,80.0
2026-08-10T05:51,J6,setengah_turun,228.5,1279.25,80.0
2026-08-10T05:51,J6,setengah_turun,229.6,1274.375,80.0
2026-08-10T05:51,J6,setengah_turun,230.8,1270.0,80.0
2026-08-10T05:51,J6,setengah_turun,232.0,1266.125,80.0
2026-08-10T05:51,J6,setengah_turun,233.1,1261.25,80.0
2026-08-10T05:51,J6,setengah_turun,234.3,1253.5,80.0
2026-08-10T05:51,J6,setengah_turun,235.4,1253.5,80.0
2026-08-10T05:51,J6,setengah_turun,236.6,1248.75,80.0
2026-08-10T05:51,J6,setengah_turun,237.8,1238.5,80.0
2026-08-10T05:51,J6,setengah_turun,238.9,1228.25,80.0
2026-08-10T05:51,J6,setengah_turun,240.1,1218.375,80.0
2026-08-10T05:51,J6,setengah_turun,241.2,1208.125,80.0
2026-08-10T05:51,J6,setengah_turun,242.4,1206.25,80.0
2026-08-10T05:51,J6,setengah_turun,243.6,1199.125,80.0
2026-08-10T05:51,J6,setengah_turun,244.7,1193.0,80.0
2026-08-10T05:51,J6,setengah_turun,245.9,1189.0,80.0
2026-08-10T05:51,J6,setengah_turun,247.0,1185.5,80.0
2026-08-10T05:51,J6,setengah_turun,248.2,1181.5,80.0
2026-08-10T05:51,J6,setengah_turun,249.4,1174.75,80.0
2026-08-10T05:51,J6,setengah_turun,250.5,1167.125,80.0
2026-08-10T05:51,J6,setengah_turun,251.7,1163.375,80.0
2026-08-10T05:51,J6,setengah_turun,252.8,1161.375,80.0
2026-08-10T05:51,J6,setengah_turun,254.0,1158.625,80.0
2026-08-10T05:51,J6,setengah_turun,255.2,1153.875,80.0
2026-08-10T05:51,J6,setengah_turun,256.3,1148.125,80.0
2026-08-10T05:51,J6,setengah_turun,257.5,1142.375,80.0
2026-08-10T05:51,J6,setengah_turun,258.6,1140.375,80.0
2026-08-10T05:51,J6,setengah_turun,259.8,1140.375,80.0
2026-08-10T05:51,J6,setengah_turun,261.0,1135.25,80.0
2026-08-10T05:51,J6,setengah_turun,262.1,1136.125,80.0
2026-08-10T05:51,J6,setengah_turun,263.3,1137.5,80.0
2026-08-10T05:51,J6,setengah_turun,264.4,1245.625,80.0
2026-08-10T05:51,J6,setengah_turun,265.6,1240.875,80.0
2026-08-10T05:51,J6,setengah_turun,266.8,1224.375,80.0
2026-08-10T05:51,J6,setengah_turun,267.9,1235.375,80.0
2026-08-10T05:51,J6,setengah_turun,269.1,1222.375,80.0
2026-08-10T05:51,J6,setengah_turun,270.2,1178.75,80.0
2026-08-10T05:51,J6,setengah_turun,271.4,1167.125,80.0
2026-08-10T05:51,J6,setengah_turun,272.6,1153.875,80.0
2026-08-10T05:51,J6,setengah_turun,273.7,1125.25,80.0
2026-08-10T05:51,J6,setengah_turun,274.9,1121.5,80.0
2026-08-10T05:51,J6,setengah_turun,276.0,1122.625,80.0
2026-08-10T05:51,J6,setengah_turun,277.2,1129.0,80.0
2026-08-10T05:51,J6,setengah_turun,278.4,1124.375,80.0
2026-08-10T05:51,J6,setengah_turun,279.5,1080.5,80.0
2026-08-10T05:51,J6,setengah_turun,280.7,1067.375,80.0
2026-08-10T05:51,J6,setengah_turun,281.8,1070.625,80.0
2026-08-10T05:51,J6,setengah_turun,283.0,1070.625,80.0
2026-08-10T05:51,J6,setengah_turun,284.2,1067.375,80.0
2026-08-10T05:51,J6,setengah_turun,285.3,1064.375,80.0
2026-08-10T05:51,J6,setengah_turun,286.5,1061.125,80.0
2026-08-10T05:51,J6,setengah_turun,287.6,1066.75,80.0
2026-08-10T05:51,J6,setengah_turun,288.8,1085.5,80.0
2026-08-10T05:51,J6,setengah_turun,290.0,1117.625,80.0
2026-08-10T05:51,J6,setengah_turun,291.1,1106.125,80.0
2026-08-10T05:51,J6,setengah_turun,292.3,1089.625,80.0
2026-08-10T05:51,J6,setengah_turun,293.4,1063.125,80.0
2026-08-10T05:51,J6,setengah_turun,294.6,1049.5,80.0
2026-08-10T05:51,J6,setengah_turun,295.8,1048.125,80.0
2026-08-10T05:51,J6,setengah_turun,296.9,1047.75,80.0
2026-08-10T05:51,J6,setengah_turun,298.1,1045.5,80.0
2026-08-10T05:51,J6,setengah_turun,299.2,1042.25,80.0
2026-08-10T05:51,J6,setengah_turun,300.4,1040.375,80.0
2026-08-10T05:51,J6,setengah_turun,301.6,1040.625,80.0
2026-08-10T05:51,J6,setengah_turun,302.7,1059.875,80.0
2026-08-10T05:51,J6,setengah_turun,303.9,1075.125,80.0
2026-08-10T05:51,J6,setengah_turun,305.0,1109.5,80.0
2026-08-10T05:51,J6,setengah_turun,306.2,1109.5,80.0
2026-08-10T05:51,J6,setengah_turun,307.4,1126.125,80.0
2026-08-10T05:51,J6,setengah_turun,308.5,1108.75,80.0
2026-08-10T05:51,J6,setengah_turun,309.7,1086.75,80.0
2026-08-10T05:51,J6,setengah_turun,310.8,1061.375,80.0
2026-08-10T05:51,J6,setengah_turun,312.0,1043.625,80.0
2026-08-10T05:51,J6,setengah_turun,313.2,1026.625,80.0
2026-08-10T05:51,J6,setengah_turun,314.3,1021.25,80.0
2026-08-10T05:51,J6,setengah_turun,315.5,1020.875,80.0
2026-08-10T05:51,J6,setengah_turun,316.6,1020.125,80.0
2026-08-10T05:51,J6,setengah_turun,317.8,1019.375,80.0
2026-08-10T05:51,J6,setengah_turun,319.0,1019.125,80.0
2026-08-10T05:51,J6,setengah_turun,320.1,1018.5,80.0
2026-08-10T05:51,J6,setengah_turun,321.3,1017.625,80.0
2026-08-10T05:51,J6,setengah_turun,322.4,1017.375,80.0
2026-08-10T05:51,J6,setengah_turun,323.6,1016.875,80.0
2026-08-10T05:51,J6,setengah_turun,324.8,1016.25,80.0
2026-08-10T05:51,J6,setengah_turun,325.9,1014.875,80.0
2026-08-10T05:51,J6,setengah_turun,327.1,1015.0,80.0
2026-08-10T05:51,J6,setengah_turun,328.2,1014.25,80.0
2026-08-10T05:51,J6,setengah_turun,329.4,1014.25,80.0
2026-08-10T05:51,J6,setengah_turun,330.6,1014.375,80.0
2026-08-10T05:51,J6,setengah_turun,331.7,1012.5,80.0
2026-08-10T05:51,J6,setengah_turun,332.9,1011.5,80.0
2026-08-10T05:51,J6,setengah_turun,334.0,1010.875,80.0
2026-08-10T05:51,J6,setengah_turun,335.2,1011.25,80.0
2026-08-10T05:51,J6,setengah_turun,336.4,1010.375,80.0
2026-08-10T05:51,J6,setengah_turun,337.5,1009.375,80.0
2026-08-10T05:51,J6,setengah_turun,338.7,1009.375,80.0
2026-08-10T05:51,J6,setengah_turun,339.8,1009.25,80.0
2026-08-10T05:51,J6,setengah_turun,341.0,1008.75,80.0
2026-08-10T05:51,J6,setengah_turun,342.2,1008.125,80.0
2026-08-10T05:51,J6,setengah_turun,343.3,1007.5,80.0
2026-08-10T05:51,J6,setengah_turun,344.5,1006.375,80.0
2026-08-10T05:51,J6,setengah_turun,345.6,1006.375,80.0
2026-08-10T05:51,J6,setengah_turun,346.8,1006.0,80.0
2026-08-10T05:51,J6,setengah_turun,348.0,1005.875,80.0
2026-08-10T05:51,J6,setengah_turun,349.1,1005.25,80.0
2026-08-10T05:51,J6,setengah_turun,350.3,1004.5,80.0
2026-08-10T05:51,J6,setengah_turun,351.4,997.625,80.0
2026-08-10T05:51,J6,setengah_turun,352.6,997.625,80.0
2026-08-10T05:51,J6,setengah_turun,353.8,996.875,80.0
2026-08-10T05:51,J6,setengah_turun,354.9,996.25,80.0
2026-08-10T05:51,J6,setengah_turun,356.1,995.875,80.0
2026-08-10T05:51,J6,setengah_turun,357.2,995.625,80.0
2026-08-10T05:51,J6,setengah_turun,358.4,995.125,80.0
2026-08-10T05:51,J6,setengah_turun,359.6,995.0,80.0
2026-08-10T05:51,J6,setengah_turun,360.7,994.625,80.0
2026-08-10T05:51,J6,setengah_turun,361.9,994.25,80.0
2026-08-10T05:51,J6,setengah_turun,363.0,993.875,80.0
2026-08-10T05:51,J6,setengah_turun,364.2,993.25,80.0
2026-08-10T05:51,J6,setengah_turun,365.4,992.875,80.0
2026-08-10T05:51,J6,setengah_turun,366.5,992.625,80.0
2026-08-10T05:51,J6,setengah_turun,367.7,992.375,80.0
2026-08-10T05:51,J6,setengah_turun,368.8,992.125,80.0
2026-08-10T05:51,J6,setengah_turun,370.0,991.75,80.0
2026-08-10T05:51,J6,setengah_turun,371.2,991.75,80.0
2026-08-10T05:51,J6,setengah_turun,372.3,991.25,80.0
2026-08-10T05:51,J6,setengah_turun,373.5,991.0,80.0
2026-08-10T05:51,J6,setengah_turun,374.6,990.875,80.0
2026-08-10T05:51,J6,setengah_turun,375.8,990.875,80.0
2026-08-10T05:51,J6,setengah_turun,377.0,990.5,80.0
2026-08-10T05:51,J6,setengah_turun,378.1,990.5,80.0
2026-08-10T05:51,J6,setengah_turun,379.3,990.5,80.0
2026-08-10T05:51,J6,setengah_turun,380.4,990.0,80.0
2026-08-10T05:51,J6,setengah_turun,381.6,990.0,80.0
2026-08-10T05:51,J6,setengah_turun,382.8,990.125,80.0
2026-08-10T05:51,J6,setengah_turun,383.9,990.0,80.0
2026-08-10T05:51,J6,setengah_turun,385.1,989.875,80.0
2026-08-10T05:51,J6,setengah_turun,386.2,989.875,80.0
2026-08-10T05:51,J6,setengah_turun,387.4,990.0,80.0
2026-08-10T05:51,J6,setengah_turun,388.6,989.875,80.0
2026-08-10T05:51,J6,setengah_turun,389.7,989.875,80.0
2026-08-10T05:51,J6,setengah_turun,390.9,989.875,80.0
2026-08-10T05:51,J6,setengah_turun,392.0,989.75,80.0
2026-08-10T05:51,J6,setengah_turun,393.2,989.875,80.0
2026-08-10T05:51,J6,setengah_turun,394.4,989.875,80.0
2026-08-10T05:51,J6,setengah_turun,395.5,989.875,80.0
2026-08-10T05:51,J6,setengah_turun,396.7,989.75,80.0
2026-08-10T05:51,J6,setengah_turun,397.8,989.625,80.0
2026-08-10T05:51,J6,setengah_turun,399.0,989.625,80.0
2026-08-10T05:51,J6,setengah_turun,400.2,989.625,80.0
2026-08-10T05:51,J6,setengah_turun,401.3,989.75,80.0
2026-08-10T05:51,J6,setengah_turun,402.5,989.625,80.0
2026-08-10T05:51,J6,setengah_turun,403.6,989.875,80.0
2026-08-10T05:51,J6,setengah_turun,404.8,989.75,80.0
2026-08-10T05:51,J6,setengah_turun,406.0,989.75,80.0
2026-08-10T05:51,J6,setengah_turun,407.1,989.625,80.0
2026-08-10T05:51,J6,setengah_turun,408.3,989.75,80.0
2026-08-10T05:51,J6,setengah_turun,409.4,989.625,80.0
2026-08-10T05:51,J6,setengah_turun,410.6,989.75,80.0
2026-08-10T05:51,J6,setengah_turun,411.8,989.75,80.0
2026-08-10T05:51,J6,setengah_turun,412.9,989.75,80.0
2026-08-10T05:51,J6,setengah_turun,414.1,989.75,80.0
2026-08-10T05:51,J6,setengah_turun,415.2,989.625,80.0
2026-08-10T05:51,J6,setengah_turun,416.4,989.625,80.0
2026-08-10T05:51,J6,setengah_turun,417.6,989.75,80.0
2026-08-10T05:51,J6,setengah_turun,418.7,989.75,80.0
2026-08-10T05:51,J6,setengah_turun,419.9,989.875,80.0
2026-08-10T05:51,J6,setengah_turun,421.0,989.75,80.0
2026-08-10T05:51,J6,setengah_turun,422.2,989.875,80.0
2026-08-10T05:51,J6,setengah_turun,423.4,989.875,80.0
2026-08-10T05:51,J6,setengah_turun,424.5,989.875,80.0
2026-08-10T05:51,J6,setengah_turun,425.7,989.875,80.0
2026-08-10T05:51,J6,setengah_turun,426.8,989.75,80.0
2026-08-10T05:51,J6,setengah_turun,428.0,989.75,80.0
2026-08-10T05:51,J6,setengah_turun,429.2,989.875,80.0
2026-08-10T05:51,J6,setengah_turun,430.3,989.75,80.0
2026-08-10T05:51,J6,setengah_turun,431.5,989.75,80.0
2026-08-10T05:51,J6,setengah_turun,432.6,989.875,80.0
2026-08-10T05:51,J6,setengah_turun,433.8,989.875,80.0
2026-08-10T05:51,J6,setengah_turun,435.0,989.75,80.0
2026-08-10T05:51,J6,setengah_turun,436.1,989.75,80.0
2026-08-10T05:51,J6,setengah_turun,437.3,989.625,80.0
2026-08-10T05:51,J6,setengah_turun,438.4,989.75,80.0
2026-08-10T05:51,J6,setengah_turun,439.6,989.5,80.0
2026-08-10T05:51,J6,setengah_turun,440.8,989.625,80.0
2026-08-10T05:51,J6,setengah_turun,441.9,989.875,80.0
2026-08-10T05:51,J6,setengah_turun,443.1,989.625,80.0
2026-08-10T05:51,J6,setengah_turun,444.2,989.75,80.0
2026-08-10T05:51,J6,setengah_turun,445.4,989.875,80.0
2026-08-10T05:51,J6,setengah_turun,446.6,989.875,80.0
2026-08-10T05:51,J6,setengah_turun,447.7,989.75,80.0
2026-08-10T05:51,J6,setengah_turun,448.9,989.75,80.0
2026-08-10T05:51,J6,setengah_turun,450.0,989.875,80.0
2026-08-10T05:51,J6,setengah_turun,451.2,989.875,80.0
2026-08-10T05:51,J6,setengah_turun,452.4,989.75,80.0
2026-08-10T05:51,J6,setengah_turun,453.5,989.875,80.0
2026-08-10T05:51,J6,setengah_turun,454.7,989.75,80.0
2026-08-10T05:51,J6,setengah_turun,455.8,989.75,80.0
2026-08-10T05:51,J6,setengah_turun,457.0,989.75,80.0
2026-08-10T05:51,J6,setengah_turun,458.2,989.625,80.0
2026-08-10T05:51,J6,setengah_turun,459.3,989.75,80.0
2026-08-10T05:51,J6,setengah_turun,460.5,989.625,80.0
2026-08-10T05:51,J6,setengah_turun,461.6,989.875,80.0
2026-08-10T05:51,J6,setengah_turun,462.8,989.75,80.0
2026-08-10T05:51,J6,setengah_turun,464.0,989.75,80.0
2026-08-10T05:51,J6,setengah_turun,465.1,989.5,80.0
2026-08-10T05:51,J6,setengah_turun,466.3,989.625,80.0
2026-08-10T05:51,J6,setengah_turun,467.4,989.875,80.0
2026-08-10T05:51,J6,setengah_turun,468.6,989.75,80.0
2026-08-10T05:51,J6,setengah_turun,469.8,989.75,80.0
2026-08-10T05:51,J6,setengah_turun,470.9,989.625,80.0
2026-08-10T05:51,J6,setengah_turun,472.1,989.75,80.0
2026-08-10T05:51,J6,setengah_turun,473.2,989.75,80.0
2026-08-10T05:51,J6,setengah_turun,474.4,989.5,80.0
2026-08-10T05:51,J6,setengah_turun,475.6,989.875,80.0
2026-08-10T05:51,J6,setengah_turun,476.7,989.75,80.0
2026-08-10T05:51,J6,setengah_turun,477.9,989.75,80.0
2026-08-10T05:51,J6,setengah_turun,479.0,989.5,80.0
2026-08-10T05:51,J6,setengah_turun,480.2,989.75,80.0
2026-08-10T05:51,J6,setengah_turun,481.4,989.625,80.0
2026-08-10T05:51,J6,setengah_turun,482.5,989.875,80.0
2026-08-10T05:51,J6,setengah_turun,483.7,989.625,80.0
2026-08-10T05:51,J6,setengah_turun,484.8,989.625,80.0
2026-08-10T05:51,J6,setengah_turun,486.0,989.625,80.0
2026-08-10T05:51,J6,setengah_turun,487.2,989.75,80.0
2026-08-10T05:51,J6,setengah_turun,488.3,989.75,80.0
2026-08-10T05:51,J6,setengah_turun,489.5,989.625,80.0
2026-08-10T05:51,J6,setengah_turun,490.6,989.75,80.0
2026-08-10T05:51,J6,setengah_turun,491.8,989.625,80.0
2026-08-10T05:51,J6,setengah_turun,493.0,989.625,80.0
2026-08-10T05:51,J6,setengah_turun,494.1,989.75,80.0
2026-08-10T05:51,J6,setengah_turun,495.3,989.625,80.0
2026-08-10T05:51,J6,setengah_turun,496.4,989.75,80.0
2026-08-10T05:51,J6,setengah_turun,497.6,989.625,80.0
2026-08-10T05:51,J6,setengah_turun,498.8,989.625,80.0
2026-08-10T05:51,J6,setengah_turun,499.9,989.75,80.0
2026-08-10T05:51,J6,setengah_turun,501.1,989.625,80.0
2026-08-10T05:51,J6,setengah_turun,502.2,989.75,80.0
2026-08-10T05:51,J6,setengah_turun,503.4,989.75,80.0
2026-08-10T05:51,J6,setengah_turun,504.6,989.75,80.0
2026-08-10T05:51,J6,setengah_turun,505.7,989.75,80.0
2026-08-10T05:51,J6,setengah_turun,506.9,989.75,80.0
2026-08-10T05:51,J6,setengah_turun,508.0,989.875,80.0
2026-08-10T05:51,J6,setengah_turun,509.2,989.75,80.0
2026-08-10T05:51,J6,setengah_turun,510.4,990.0,80.0
2026-08-10T05:51,J6,setengah_turun,511.5,989.75,80.0
2026-08-10T05:51,J6,setengah_turun,512.7,989.75,80.0
2026-08-10T05:51,J6,setengah_turun,513.8,989.875,80.0
2026-08-10T05:51,J6,setengah_turun,515.0,989.875,80.0
2026-08-10T05:51,J6,setengah_turun,516.2,989.875,80.0
2026-08-10T05:51,J6,setengah_turun,517.3,989.875,80.0
2026-08-10T05:51,J6,setengah_turun,518.5,989.75,80.0
2026-08-10T05:51,J6,setengah_turun,519.6,989.75,80.0
2026-08-10T05:51,J6,setengah_turun,520.8,989.75,80.0
2026-08-10T05:51,J6,setengah_turun,522.0,989.75,80.0
2026-08-10T05:51,J6,setengah_turun,523.1,989.75,80.0
2026-08-10T05:51,J6,setengah_turun,524.3,989.75,80.0
2026-08-10T05:51,J6,setengah_turun,525.4,989.875,80.0
2026-08-10T05:51,J6,setengah_turun,526.6,989.75,80.0
2026-08-10T05:51,J6,setengah_turun,527.8,989.875,80.0
2026-08-10T05:51,J6,setengah_turun,528.9,989.875,80.0
2026-08-10T05:51,J6,setengah_turun,530.1,989.875,80.0
2026-08-10T05:51,J6,setengah_turun,531.2,989.875,80.0
2026-08-10T05:51,J6,setengah_turun,532.4,989.875,80.0
2026-08-10T05:51,J6,setengah_turun,533.6,989.875,80.0
2026-08-10T05:51,J6,setengah_turun,534.7,989.875,80.0
2026-08-10T05:51,J6,setengah_turun,535.9,989.75,80.0
2026-08-10T05:51,J6,setengah_turun,537.0,989.5,80.0
2026-08-10T05:51,J6,setengah_turun,538.2,989.5,80.0
2026-08-10T05:51,J6,setengah_turun,539.4,989.5,80.0
2026-08-10T05:51,J6,setengah_turun,540.5,989.375,80.0
2026-08-10T05:51,J6,setengah_turun,541.7,989.375,80.0
2026-08-10T05:51,J6,setengah_turun,542.8,989.375,80.0
2026-08-10T05:51,J6,setengah_turun,544.0,989.5,80.0
2026-08-10T05:51,J6,setengah_turun,545.2,989.875,80.0
2026-08-10T05:51,J6,setengah_turun,546.3,989.625,80.0
2026-08-10T05:51,J6,setengah_turun,547.5,989.375,80.0
2026-08-10T05:51,J6,setengah_turun,548.6,989.625,80.0
2026-08-10T05:51,J6,setengah_turun,549.8,989.875,80.0
2026-08-10T05:51,J6,setengah_turun,551.0,989.75,80.0
2026-08-10T05:51,J6,setengah_turun,552.1,989.75,80.0
2026-08-10T05:51,J6,setengah_turun,553.3,989.875,80.0
2026-08-10T05:51,J6,setengah_turun,554.4,989.75,80.0
2026-08-10T05:51,J6,setengah_turun,555.6,989.625,80.0
2026-08-10T05:51,J6,setengah_turun,556.8,989.625,80.0
2026-08-10T05:51,J6,setengah_turun,557.9,989.625,80.0
2026-08-10T05:51,J6,setengah_turun,559.1,989.625,80.0
2026-08-10T05:51,J6,setengah_turun,560.2,989.625,80.0
2026-08-10T05:51,J6,setengah_turun,561.4,989.875,80.0
2026-08-10T05:51,J6,setengah_turun,562.6,989.875,80.0
2026-08-10T05:51,J6,setengah_turun,563.7,990.125,80.0
2026-08-10T05:51,J6,setengah_turun,564.9,989.875,80.0
2026-08-10T05:51,J6,setengah_turun,566.0,989.875,80.0
2026-08-10T05:51,J6,setengah_turun,567.2,989.75,80.0
2026-08-10T05:51,J6,setengah_turun,568.4,989.625,80.0
2026-08-10T05:51,J6,setengah_turun,569.5,989.875,80.0
2026-08-10T05:51,J6,setengah_turun,570.7,989.75,80.0
2026-08-10T05:51,J6,setengah_turun,571.8,989.75,80.0
2026-08-10T05:51,J6,setengah_turun,573.0,989.625,80.0
2026-08-10T05:51,J6,setengah_turun,574.2,989.625,80.0
2026-08-10T05:51,J6,setengah_turun,575.3,989.75,80.0
2026-08-10T05:51,J6,setengah_turun,576.5,989.875,80.0
2026-08-10T05:51,J6,setengah_turun,577.6,989.75,80.0
2026-08-10T05:51,J6,setengah_turun,578.8,989.75,80.0
2026-08-10T05:51,J6,setengah_turun,580.0,989.5,80.0
2026-08-10T05:51,J6,setengah_turun,581.1,989.625,80.0
2026-08-10T05:51,J6,setengah_turun,582.3,989.625,80.0
2026-08-10T05:51,J6,setengah_turun,583.4,989.625,80.0
2026-08-10T05:51,J6,setengah_turun,584.6,989.75,80.0
2026-08-10T05:51,J6,setengah_turun,585.8,989.75,80.0
2026-08-10T05:51,J6,setengah_turun,586.9,989.75,80.0
2026-08-10T05:51,J6,setengah_turun,588.1,989.75,80.0
2026-08-10T05:51,J6,setengah_turun,589.2,989.75,80.0
2026-08-10T05:51,J6,setengah_turun,590.4,989.75,80.0
2026-08-10T05:51,J6,setengah_turun,591.6,989.75,80.0
2026-08-10T05:51,J6,setengah_turun,592.7,989.75,80.0
2026-08-10T05:51,J6,setengah_turun,593.9,989.75,80.0
2026-08-10T05:51,J6,setengah_turun,595.0,989.75,80.0
2026-08-10T05:51,J6,setengah_turun,596.2,989.75,80.0
2026-08-10T05:51,J6,setengah_turun,597.4,989.75,80.0
2026-08-10T05:51,J6,setengah_turun,598.5,989.75,80.0
2026-08-10T05:51,J6,setengah_turun,599.7,989.75,80.0
2026-08-10T05:51,J6,setengah_turun,600.8,989.5,80.0
2026-08-10T05:51,J6,setengah_turun,602.0,989.875,80.0
2026-08-10T05:51,J6,setengah_turun,603.2,989.625,80.0
2026-08-10T05:51,J6,setengah_turun,604.3,989.625,80.0
2026-08-10T05:51,J6,setengah_turun,605.5,989.625,80.0
2026-08-10T05:51,J6,setengah_turun,606.6,989.625,80.0
2026-08-10T05:51,J6,setengah_turun,607.8,989.625,80.0
2026-08-10T05:51,J6,setengah_turun,609.0,989.75,80.0
2026-08-10T05:51,J6,setengah_turun,610.1,989.75,80.0
2026-08-10T05:51,J6,setengah_turun,611.3,989.75,80.0
2026-08-10T05:51,J6,setengah_turun,612.4,989.875,80.0
2026-08-10T05:51,J6,setengah_turun,613.6,989.625,80.0
2026-08-10T05:51,J6,setengah_turun,614.8,989.875,80.0
2026-08-10T05:51,J6,setengah_turun,615.9,989.625,80.0
2026-08-10T05:51,J6,setengah_turun,617.1,989.625,80.0
2026-08-10T05:51,J6,setengah_turun,618.2,989.625,80.0
2026-08-10T05:51,J6,setengah_turun,619.4,989.625,80.0
2026-08-10T05:51,J6,setengah_turun,620.6,989.625,80.0
2026-08-10T05:51,J6,setengah_turun,621.7,989.75,80.0
2026-08-10T05:51,J6,setengah_turun,622.9,989.625,80.0
2026-08-10T05:51,J6,setengah_turun,624.0,989.75,80.0
2026-08-10T05:51,J6,setengah_turun,625.2,989.75,80.0
2026-08-10T05:51,J6,setengah_turun,626.4,989.75,80.0
2026-08-10T05:51,J6,setengah_turun,627.5,989.75,80.0
2026-08-10T05:51,J6,setengah_turun,628.7,989.75,80.0
2026-08-10T05:51,J6,setengah_turun,629.8,989.75,80.0
2026-08-10T05:51,J6,setengah_turun,631.0,989.75,80.0
2026-08-10T05:51,J6,setengah_turun,632.2,989.75,80.0
2026-08-10T05:51,J6,setengah_turun,633.3,989.75,80.0
2026-08-10T05:51,J6,setengah_turun,634.5,989.75,80.0
2026-08-10T05:51,J6,setengah_turun,635.6,989.625,80.0
2026-08-10T05:51,J6,setengah_turun,636.8,989.75,80.0
2026-08-10T05:51,J6,setengah_turun,638.0,989.625,80.0
2026-08-10T05:51,J6,setengah_turun,639.1,989.75,80.0
2026-08-10T05:51,J6,setengah_turun,640.3,989.625,80.0
2026-08-10T05:51,J6,setengah_turun,641.4,989.75,80.0
2026-08-10T05:51,J6,setengah_turun,642.6,989.875,80.0
2026-08-10T05:51,J6,setengah_turun,643.8,989.625,80.0
2026-08-10T05:51,J6,setengah_turun,644.9,989.75,80.0
2026-08-10T05:51,J6,setengah_turun,646.1,989.875,80.0
2026-08-10T05:51,J6,setengah_turun,647.2,989.75,80.0
2026-08-10T05:51,J6,setengah_turun,648.4,989.75,80.0
2026-08-10T05:51,J6,setengah_turun,649.6,989.875,80.0
2026-08-10T05:51,J6,setengah_turun,650.7,989.75,80.0
2026-08-10T05:51,J6,setengah_turun,651.9,989.625,80.0
2026-08-10T05:51,J6,setengah_turun,653.0,989.75,80.0
2026-08-10T05:51,J6,setengah_turun,654.2,989.75,80.0
2026-08-10T05:51,J6,setengah_turun,655.4,989.75,80.0
2026-08-10T05:51,J6,setengah_turun,656.5,989.75,80.0
2026-08-10T05:51,J6,setengah_turun,657.7,989.625,80.0
2026-08-10T05:51,J6,setengah_turun,658.8,989.75,80.0
2026-08-10T05:51,J6,setengah_turun,660.0,989.75,80.0
2026-08-10T05:51,J6,setengah_turun,661.2,989.75,80.0
2026-08-10T05:51,J6,setengah_turun,662.3,989.625,80.0
2026-08-10T05:51,J6,setengah_turun,663.5,989.75,80.0
2026-08-10T05:51,J6,setengah_turun,664.6,989.75,80.0
2026-08-10T05:51,J6,setengah_turun,665.8,989.625,80.0
2026-08-10T05:51,J6,setengah_turun,667.0,989.625,80.0
2026-08-10T05:51,J6,setengah_turun,668.1,989.75,80.0
2026-08-10T05:51,J6,setengah_turun,669.3,989.625,80.0
2026-08-10T05:51,J6,setengah_turun,670.4,989.75,80.0
2026-08-10T05:51,J6,setengah_turun,671.6,989.75,80.0
2026-08-10T05:51,J6,setengah_turun,672.8,989.625,80.0
2026-08-10T05:51,J6,setengah_turun,673.9,989.875,80.0
2026-08-10T05:51,J6,setengah_turun,675.1,989.875,80.0
2026-08-10T05:51,J6,setengah_turun,676.2,990.0,80.0
2026-08-10T05:51,J6,setengah_turun,677.4,989.75,80.0
2026-08-10T05:51,J6,setengah_turun,678.6,989.875,80.0
2026-08-10T05:51,J6,setengah_turun,679.7,989.875,80.0
2026-08-10T05:51,J6,setengah_turun,680.9,989.625,80.0
2026-08-10T05:51,J6,setengah_turun,682.0,989.75,80.0
2026-08-10T05:51,J6,setengah_turun,683.2,989.75,80.0
2026-08-10T05:51,J6,setengah_turun,684.4,989.75,80.0
2026-08-10T05:51,J6,setengah_turun,685.5,989.875,80.0
2026-08-10T05:51,J6,setengah_turun,686.7,989.75,80.0
2026-08-10T05:51,J6,setengah_turun,687.8,989.625,80.0
2026-08-10T05:51,J6,setengah_turun,689.0,989.625,80.0
2026-08-10T05:51,J6,setengah_turun,690.2,989.75,80.0
2026-08-10T05:51,J6,setengah_turun,691.3,989.75,80.0
2026-08-10T05:51,J6,setengah_turun,692.5,990.0,80.0
2026-08-10T05:51,J6,setengah_turun,693.6,989.625,80.0
2026-08-10T05:51,J6,setengah_turun,694.8,989.625,80.0
2026-08-10T05:51,J6,setengah_turun,696.0,989.75,80.0
2026-08-10T05:51,J6,setengah_turun,697.1,989.625,80.0
2026-08-10T05:51,J6,setengah_turun,698.3,989.625,80.0
2026-08-10T05:51,J6,setengah_turun,699.4,989.75,80.0
2026-08-10T05:51,J6,setengah_turun,700.6,989.625,80.0
2026-08-10T05:51,J6,setengah_turun,701.8,989.625,80.0
2026-08-10T05:51,J6,setengah_turun,702.9,989.625,80.0
2026-08-10T05:51,J6,setengah_turun,704.1,989.625,80.0
2026-08-10T05:51,J6,setengah_turun,705.2,989.75,80.0
2026-08-10T05:51,J6,setengah_turun,706.4,989.875,80.0
2026-08-10T05:51,J6,setengah_turun,707.6,989.875,80.0
2026-08-10T05:51,J6,setengah_turun,708.7,989.875,80.0
2026-08-10T05:51,J6,setengah_turun,709.9,989.75,80.0
2026-08-10T05:51,J6,setengah_turun,711.0,989.75,80.0
2026-08-10T05:51,J6,setengah_turun,712.2,989.75,80.0
2026-08-10T05:51,J6,setengah_turun,713.4,989.75,80.0
2026-08-10T05:51,J6,setengah_turun,714.5,989.75,80.0
2026-08-10T05:51,J6,setengah_turun,715.7,989.75,80.0
2026-08-10T05:51,J6,setengah_turun,716.8,989.875,80.0
2026-08-10T05:51,J6,setengah_turun,718.0,989.5,80.0
2026-08-10T05:51,J6,setengah_turun,719.2,989.625,80.0
2026-08-10T05:51,J6,setengah_turun,720.3,989.5,80.0
2026-08-10T05:51,J6,setengah_turun,721.5,989.875,80.0
2026-08-10T05:51,J6,setengah_turun,722.6,989.625,80.0
2026-08-10T05:51,J6,setengah_turun,723.8,989.75,80.0
2026-08-10T05:51,J6,setengah_turun,725.0,989.625,80.0
2026-08-10T05:51,J6,setengah_turun,726.1,989.625,80.0
2026-08-10T05:51,J6,setengah_turun,727.3,989.625,80.0
2026-08-10T05:51,J6,setengah_turun,728.4,989.75,80.0
2026-08-10T05:51,J6,setengah_turun,729.6,989.875,80.0
2026-08-10T05:51,J6,setengah_turun,730.8,989.875,80.0
2026-08-10T05:51,J6,setengah_turun,731.9,989.875,80.0
2026-08-10T05:51,J6,setengah_turun,733.1,989.625,80.0
2026-08-10T05:51,J6,setengah_turun,734.2,989.625,80.0
2026-08-10T05:51,J6,setengah_turun,735.4,989.625,80.0
2026-08-10T05:51,J6,setengah_turun,736.6,989.875,80.0
2026-08-10T05:51,J6,setengah_turun,737.7,989.5,80.0
2026-08-10T05:51,J6,setengah_turun,738.9,989.75,80.0
2026-08-10T05:51,J6,setengah_turun,740.0,989.625,80.0
2026-08-10T05:51,J6,setengah_turun,741.2,989.625,80.0
2026-08-10T05:51,J6,setengah_turun,742.4,989.5,80.0
2026-08-10T05:51,J6,setengah_turun,743.5,989.625,80.0
2026-08-10T05:51,J6,setengah_turun,744.7,989.5,80.0
2026-08-10T05:51,J6,setengah_turun,745.8,989.375,80.0
2026-08-10T05:51,J6,setengah_turun,747.0,989.5,80.0
2026-08-10T05:51,J6,setengah_turun,748.2,989.75,80.0
2026-08-10T05:51,J6,setengah_turun,749.3,989.875,80.0
2026-08-10T05:51,J6,setengah_turun,750.5,989.875,80.0
2026-08-10T05:51,J6,setengah_turun,751.6,989.75,80.0
2026-08-10T05:51,J6,setengah_turun,752.8,989.75,80.0
2026-08-10T05:51,J6,setengah_turun,754.0,989.625,80.0
2026-08-10T05:51,J6,setengah_turun,755.1,989.875,80.0
2026-08-10T05:51,J6,setengah_turun,756.3,989.875,80.0
2026-08-10T05:51,J6,setengah_turun,757.4,989.625,80.0
2026-08-10T05:51,J6,setengah_turun,758.6,989.625,80.0
2026-08-10T05:51,J6,setengah_turun,759.8,989.625,80.0
2026-08-10T05:51,J6,setengah_turun,760.9,989.625,80.0
2026-08-10T05:51,J6,setengah_turun,762.1,989.75,80.0
2026-08-10T05:51,J6,setengah_turun,763.2,989.75,80.0
2026-08-10T05:51,J6,setengah_turun,764.4,989.75,80.0
2026-08-10T05:51,J6,setengah_turun,765.6,989.625,80.0
2026-08-10T05:51,J6,setengah_turun,766.7,989.875,80.0
2026-08-10T05:51,J6,setengah_turun,767.9,989.625,80.0
2026-08-10T05:51,J6,setengah_turun,769.0,989.875,80.0
2026-08-10T05:51,J6,setengah_turun,770.2,989.75,80.0
2026-08-10T05:51,J6,setengah_turun,771.4,989.875,80.0
2026-08-10T05:51,J6,setengah_turun,772.5,989.75,80.0
2026-08-10T05:51,J6,setengah_turun,773.7,989.75,80.0
2026-08-10T05:51,J6,setengah_turun,774.8,989.375,80.0
2026-08-10T05:51,J6,setengah_turun,776.0,989.625,80.0
2026-08-10T05:51,J6,setengah_turun,777.2,989.5,80.0
2026-08-10T05:51,J6,setengah_turun,778.3,989.625,80.0
2026-08-10T05:51,J6,setengah_turun,779.5,989.625,80.0
2026-08-10T05:51,J6,setengah_turun,780.6,989.625,80.0
2026-08-10T05:51,J6,setengah_turun,781.8,989.75,80.0
2026-08-10T05:51,J6,setengah_turun,783.0,989.75,80.0
2026-08-10T05:51,J6,setengah_turun,784.1,989.875,80.0
2026-08-10T05:51,J6,setengah_turun,785.3,989.625,80.0
2026-08-10T05:51,J6,setengah_turun,786.4,989.75,80.0
2026-08-10T05:51,J6,setengah_turun,787.6,989.75,80.0
2026-08-10T05:51,J6,setengah_turun,788.8,989.625,80.0
2026-08-10T05:51,J6,setengah_turun,789.9,989.625,80.0
2026-08-10T05:51,J6,setengah_turun,791.1,989.75,80.0
2026-08-10T05:51,J6,setengah_turun,792.2,989.75,80.0
2026-08-10T05:51,J6,setengah_turun,793.4,989.75,80.0
2026-08-10T05:51,J6,setengah_turun,794.6,989.75,80.0
2026-08-10T05:51,J6,setengah_turun,795.7,989.75,80.0
2026-08-10T05:51,J6,setengah_turun,796.9,989.75,80.0
2026-08-10T05:51,J6,setengah_turun,798.0,989.625,80.0
2026-08-10T05:51,J6,setengah_turun,799.2,989.75,80.0
2026-08-10T05:51,J6,setengah_turun,800.4,989.625,80.0
2026-08-10T05:51,J6,setengah_turun,801.5,989.75,80.0
2026-08-10T05:51,J6,setengah_turun,802.7,989.75,80.0
2026-08-10T05:51,J6,setengah_turun,803.8,989.75,80.0
2026-08-10T05:51,J6,setengah_turun,805.0,989.5,80.0
2026-08-10T05:51,J6,setengah_turun,806.2,989.625,80.0
2026-08-10T05:51,J6,setengah_turun,807.3,989.625,80.0
2026-08-10T05:51,J6,setengah_turun,808.5,989.75,80.0
2026-08-10T05:51,J6,setengah_turun,809.6,989.75,80.0
2026-08-10T05:51,J6,setengah_turun,810.8,989.875,80.0
2026-08-10T05:51,J6,setengah_turun,812.0,989.625,80.0
2026-08-10T05:51,J6,setengah_turun,813.1,989.625,80.0
2026-08-10T05:51,J6,setengah_turun,814.3,989.625,80.0
2026-08-10T05:51,J6,setengah_turun,815.4,989.75,80.0
2026-08-10T05:51,J6,setengah_turun,816.6,989.625,80.0
2026-08-10T05:51,J6,setengah_turun,817.8,989.625,80.0
2026-08-10T05:51,J6,setengah_turun,818.9,989.625,80.0
2026-08-10T05:51,J6,setengah_turun,820.1,989.625,80.0
2026-08-10T05:51,J6,setengah_turun,821.2,989.75,80.0
2026-08-10T05:51,J6,setengah_turun,822.4,989.75,80.0
2026-08-10T05:51,J6,setengah_turun,823.6,989.75,80.0
2026-08-10T05:51,J6,setengah_turun,824.7,989.75,80.0
2026-08-10T05:51,J6,setengah_turun,825.9,989.625,80.0
2026-08-10T05:51,J6,setengah_turun,827.0,989.5,80.0
2026-08-10T05:51,J6,setengah_turun,828.2,989.75,80.0
2026-08-10T05:51,J6,setengah_turun,829.4,989.75,80.0
2026-08-10T05:51,J6,setengah_turun,830.5,989.875,80.0
2026-08-10T05:51,J6,setengah_turun,831.7,989.875,80.0
2026-08-10T05:51,J6,setengah_turun,832.8,989.75,80.0
2026-08-10T05:51,J6,setengah_turun,834.0,989.625,80.0
2026-08-10T05:51,J6,setengah_turun,835.2,989.625,80.0
2026-08-10T05:51,J6,setengah_turun,836.3,989.75,80.0
2026-08-10T05:51,J6,setengah_turun,837.5,989.75,80.0
2026-08-10T05:51,J6,setengah_turun,838.6,989.625,80.0
2026-08-10T05:51,J6,setengah_turun,839.8,989.75,80.0
2026-08-10T05:51,J6,setengah_turun,841.0,989.75,80.0
2026-08-10T05:51,J6,setengah_turun,842.1,989.875,80.0
2026-08-10T05:51,J6,setengah_turun,843.3,989.875,80.0
2026-08-10T05:51,J6,setengah_turun,844.4,989.75,80.0
2026-08-10T05:51,J6,setengah_turun,845.6,989.875,80.0
2026-08-10T05:51,J6,setengah_turun,846.8,989.75,80.0
2026-08-10T05:51,J6,setengah_turun,847.9,989.75,80.0
2026-08-10T05:51,J6,setengah_turun,849.1,989.75,80.0
2026-08-10T05:51,J6,setengah_turun,850.2,989.75,80.0
2026-08-10T05:51,J6,setengah_turun,851.4,989.875,80.0
2026-08-10T05:51,J6,setengah_turun,852.6,989.75,80.0
2026-08-10T05:51,J6,setengah_turun,853.7,989.75,80.0
2026-08-10T05:51,J6,setengah_turun,854.9,989.75,80.0
2026-08-10T05:51,J6,setengah_turun,856.0,989.875,80.0
2026-08-10T05:51,J6,setengah_turun,857.2,989.75,80.0
2026-08-10T05:51,J6,setengah_turun,858.4,989.75,80.0
2026-08-10T05:51,J6,setengah_turun,859.5,989.75,80.0
2026-08-10T05:51,J6,setengah_turun,860.7,989.625,80.0
2026-08-10T05:51,J6,setengah_turun,861.8,989.625,80.0
2026-08-10T05:51,J6,setengah_turun,863.0,989.75,80.0
2026-08-10T05:51,J6,setengah_turun,864.2,989.875,80.0
2026-08-10T05:51,J6,setengah_turun,865.3,989.75,80.0
2026-08-10T05:51,J6,setengah_turun,866.5,989.75,80.0
2026-08-10T05:51,J6,setengah_turun,867.6,989.75,80.0
2026-08-10T05:51,J6,setengah_turun,868.8,989.75,80.0
2026-08-10T05:51,J6,setengah_turun,870.0,989.75,80.0
2026-08-10T05:51,J6,setengah_turun,871.1,989.75,80.0
2026-08-10T05:51,J6,setengah_turun,872.3,989.875,80.0
2026-08-10T05:51,J6,setengah_turun,873.4,989.625,80.0
2026-08-10T05:51,J6,setengah_turun,874.6,989.875,80.0
2026-08-10T05:51,J6,setengah_turun,875.8,989.625,80.0
2026-08-10T05:51,J6,setengah_turun,876.9,989.75,80.0
2026-08-10T05:51,J6,setengah_turun,878.1,989.625,80.0
2026-08-10T05:51,J6,setengah_turun,879.2,989.75,80.0
2026-08-10T05:51,J6,setengah_turun,880.4,989.75,80.0
2026-08-10T05:51,J6,setengah_turun,881.6,989.75,80.0
2026-08-10T05:51,J6,setengah_turun,882.7,989.75,80.0
2026-08-10T05:51,J6,setengah_turun,883.9,989.875,80.0
2026-08-10T05:51,J6,setengah_turun,885.0,990.0,80.0
2026-08-10T05:51,J6,setengah_turun,886.2,990.0,80.0
2026-08-10T05:51,J6,setengah_turun,887.4,989.875,80.0
2026-08-10T05:51,J6,setengah_turun,888.5,989.75,80.0
2026-08-10T05:51,J6,setengah_turun,889.7,989.75,80.0
2026-08-10T05:51,J6,setengah_turun,890.8,989.75,80.0
2026-08-10T05:51,J6,setengah_turun,892.0,989.875,80.0
2026-08-10T05:51,J6,setengah_turun,893.2,990.0,80.0
2026-08-10T05:51,J6,setengah_turun,894.3,989.875,80.0
2026-08-10T05:51,J6,setengah_turun,895.5,990.0,80.0
2026-08-10T05:51,J6,setengah_turun,896.6,989.75,80.0
2026-08-10T05:51,J6,setengah_turun,897.8,989.75,80.0
2026-08-10T05:51,J6,setengah_turun,899.0,989.625,80.0
2026-08-10T05:51,J6,setengah_turun,900.1,989.75,80.0
2026-08-10T05:51,J6,setengah_turun,901.3,989.625,80.0
2026-08-10T05:51,J6,setengah_turun,902.4,989.75,80.0
2026-08-10T05:51,J6,setengah_turun,903.6,989.625,80.0
2026-08-10T05:51,J6,setengah_turun,904.8,989.875,80.0
2026-08-10T05:51,J6,setengah_turun,905.9,989.75,80.0
2026-08-10T05:51,J6,setengah_turun,907.1,989.75,80.0
2026-08-10T05:51,J6,setengah_turun,908.2,989.75,80.0
2026-08-10T05:51,J6,setengah_turun,909.4,989.75,80.0
2026-08-10T05:51,J6,setengah_turun,910.6,989.75,80.0
2026-08-10T05:51,J6,setengah_turun,911.7,989.75,80.0
2026-08-10T05:51,J6,setengah_turun,912.9,989.625,80.0
2026-08-10T05:51,J6,setengah_turun,914.0,989.625,80.0
2026-08-10T05:51,J6,setengah_turun,915.2,989.75,80.0
2026-08-10T05:51,J6,setengah_turun,916.4,989.875,80.0
2026-08-10T05:51,J6,setengah_turun,917.5,989.75,80.0
2026-08-10T05:51,J6,setengah_turun,918.7,989.75,80.0
2026-08-10T05:51,J6,setengah_turun,919.8,989.75,80.0
2026-08-10T05:51,J6,setengah_turun,921.0,989.625,80.0
2026-08-10T05:51,J6,setengah_turun,922.2,989.875,80.0
2026-08-10T05:51,J6,setengah_turun,923.3,989.5,80.0
2026-08-10T05:51,J6,setengah_turun,924.5,989.875,80.0
2026-08-10T05:51,J6,setengah_turun,925.6,989.625,80.0
2026-08-10T05:51,J6,setengah_turun,926.8,989.75,80.0
2026-08-10T05:51,J6,setengah_turun,928.0,989.75,80.0
2026-08-10T05:51,J6,setengah_turun,929.1,989.75,80.0
2026-08-10T05:51,J6,setengah_turun,930.3,989.875,80.0
2026-08-10T05:51,J6,setengah_turun,931.4,989.875,80.0
2026-08-10T05:51,J6,setengah_turun,932.6,989.75,80.0
2026-08-10T05:51,J6,setengah_turun,933.8,989.875,80.0
2026-08-10T05:51,J6,setengah_turun,934.9,989.75,80.0
2026-08-10T05:51,J6,setengah_turun,936.1,989.75,80.0
2026-08-10T05:51,J6,setengah_turun,937.2,989.75,80.0
2026-08-10T05:51,J6,setengah_turun,938.4,989.625,80.0
2026-08-10T05:51,J6,setengah_turun,939.6,989.625,80.0
2026-08-10T05:51,J6,setengah_turun,940.7,989.625,80.0
2026-08-10T05:51,J6,setengah_turun,941.9,989.75,80.0
2026-08-10T05:51,J6,setengah_turun,943.0,989.625,80.0
2026-08-10T05:51,J6,setengah_turun,944.2,989.75,80.0
2026-08-10T05:51,J6,setengah_turun,945.4,989.625,80.0
2026-08-10T05:51,J6,setengah_turun,946.5,989.75,80.0
2026-08-10T05:51,J6,setengah_turun,947.7,989.375,80.0
2026-08-10T05:51,J6,setengah_turun,948.8,989.375,80.0
2026-08-10T05:51,J6,setengah_turun,950.0,989.375,80.0
2026-08-10T05:51,J6,setengah_turun,951.2,989.5,80.0
2026-08-10T05:51,J6,setengah_turun,952.3,989.625,80.0
2026-08-10T05:51,J6,setengah_turun,953.5,989.75,80.0
2026-08-10T05:51,J6,setengah_turun,954.6,989.75,80.0
2026-08-10T05:51,J6,setengah_turun,955.8,989.75,80.0
2026-08-10T05:51,J6,setengah_turun,957.0,989.375,80.0
2026-08-10T05:51,J6,setengah_turun,958.1,989.75,80.0
2026-08-10T05:51,J6,setengah_turun,959.3,989.75,80.0
2026-08-10T05:51,J6,setengah_turun,960.4,989.75,80.0
2026-08-10T05:51,J6,setengah_turun,961.6,989.75,80.0
2026-08-10T05:51,J6,setengah_turun,962.8,989.75,80.0
2026-08-10T05:51,J6,setengah_turun,963.9,989.75,80.0
2026-08-10T05:51,J6,setengah_turun,965.1,989.75,80.0
2026-08-10T05:51,J6,setengah_turun,966.2,989.875,80.0
2026-08-10T05:51,J6,setengah_turun,967.4,989.75,80.0
2026-08-10T05:51,J6,setengah_turun,968.6,989.875,80.0
2026-08-10T05:51,J6,setengah_turun,969.7,989.75,80.0
2026-08-10T05:51,J6,setengah_turun,970.9,989.75,80.0
2026-08-10T05:51,J6,setengah_turun,972.0,989.75,80.0
2026-08-10T05:51,J6,setengah_turun,973.2,989.625,80.0
2026-08-10T05:51,J6,setengah_turun,974.4,989.75,80.0
2026-08-10T05:51,J6,setengah_turun,975.5,989.75,80.0
2026-08-10T05:51,J6,setengah_turun,976.7,989.75,80.0
2026-08-10T05:51,J6,setengah_turun,977.8,989.75,80.0
2026-08-10T05:51,J6,setengah_turun,979.0,989.625,80.0
2026-08-10T05:51,J6,60deg_naik,0.0,1667.5,80.0
2026-08-10T05:51,J6,60deg_naik,1.1,1667.375,80.0
2026-08-10T05:51,J6,60deg_naik,2.3,1667.25,80.0
2026-08-10T05:51,J6,60deg_naik,3.4,1667.25,80.0
2026-08-10T05:51,J6,60deg_naik,4.6,1667.375,80.0
2026-08-10T05:51,J6,60deg_naik,5.8,1667.375,80.0
2026-08-10T05:51,J6,60deg_naik,6.9,1667.375,80.0
2026-08-10T05:51,J6,60deg_naik,8.1,1667.125,80.0
2026-08-10T05:51,J6,60deg_naik,9.2,1667.25,80.0
2026-08-10T05:51,J6,60deg_naik,10.4,1667.375,80.0
2026-08-10T05:51,J6,60deg_naik,11.6,1667.375,80.0
2026-08-10T05:51,J6,60deg_naik,12.7,1667.375,80.0
2026-08-10T05:51,J6,60deg_naik,13.9,1667.5,80.0
2026-08-10T05:51,J6,60deg_naik,15.0,1667.25,80.0
2026-08-10T05:51,J6,60deg_naik,16.2,1667.25,80.0
2026-08-10T05:51,J6,60deg_naik,17.4,1667.25,80.0
2026-08-10T05:51,J6,60deg_naik,18.5,1667.375,80.0
2026-08-10T05:51,J6,60deg_naik,19.7,1667.5,80.0
2026-08-10T05:51,J6,60deg_naik,20.8,1667.5,80.0
2026-08-10T05:51,J6,60deg_naik,22.0,1667.375,80.0
2026-08-10T05:51,J6,60deg_naik,23.2,1667.25,80.0
2026-08-10T05:51,J6,60deg_naik,24.3,1667.375,80.0
2026-08-10T05:51,J6,60deg_naik,25.5,1667.375,80.0
2026-08-10T05:51,J6,60deg_naik,26.6,1667.25,80.0
2026-08-10T05:51,J6,60deg_naik,27.8,1667.25,80.0
2026-08-10T05:51,J6,60deg_naik,29.0,1667.25,80.0
2026-08-10T05:51,J6,60deg_naik,30.1,1667.375,80.0
2026-08-10T05:51,J6,60deg_naik,31.3,1667.375,80.0
2026-08-10T05:51,J6,60deg_naik,32.4,1667.375,80.0
2026-08-10T05:51,J6,60deg_naik,33.6,1667.25,80.0
2026-08-10T05:51,J6,60deg_naik,34.8,1667.5,80.0
2026-08-10T05:51,J6,60deg_naik,35.9,1667.375,80.0
2026-08-10T05:51,J6,60deg_naik,37.1,1667.375,80.0
2026-08-10T05:51,J6,60deg_naik,38.2,1667.25,80.0
2026-08-10T05:51,J6,60deg_naik,39.4,1667.5,80.0
2026-08-10T05:51,J6,60deg_naik,40.6,1667.5,80.0
2026-08-10T05:51,J6,60deg_naik,41.7,1667.375,80.0
2026-08-10T05:51,J6,60deg_naik,42.9,1667.25,80.0
2026-08-10T05:51,J6,60deg_naik,44.0,1667.375,80.0
2026-08-10T05:51,J6,60deg_naik,45.2,1667.375,80.0
2026-08-10T05:51,J6,60deg_naik,46.4,1667.125,80.0
2026-08-10T05:51,J6,60deg_naik,47.5,1667.25,80.0
2026-08-10T05:51,J6,60deg_naik,48.7,1667.375,80.0
2026-08-10T05:51,J6,60deg_naik,49.8,1667.5,80.0
2026-08-10T05:51,J6,60deg_naik,51.0,1667.5,80.0
2026-08-10T05:51,J6,60deg_naik,52.2,1667.5,80.0
2026-08-10T05:51,J6,60deg_naik,53.3,1667.25,80.0
2026-08-10T05:51,J6,60deg_naik,54.5,1667.375,80.0
2026-08-10T05:51,J6,60deg_naik,55.6,1667.375,80.0
2026-08-10T05:51,J6,60deg_naik,56.8,1667.375,80.0
2026-08-10T05:51,J6,60deg_naik,58.0,1667.625,80.0
2026-08-10T05:51,J6,60deg_naik,59.1,1667.375,80.0
2026-08-10T05:51,J6,60deg_naik,60.3,1667.5,80.0
2026-08-10T05:51,J6,60deg_naik,61.4,1667.25,80.0
2026-08-10T05:51,J6,60deg_naik,62.6,1667.625,80.0
2026-08-10T05:51,J6,60deg_naik,63.8,1667.5,80.0
2026-08-10T05:51,J6,60deg_naik,64.9,1667.5,80.0
2026-08-10T05:51,J6,60deg_naik,66.1,1667.25,80.0
2026-08-10T05:51,J6,60deg_naik,67.2,1667.125,80.0
2026-08-10T05:51,J6,60deg_naik,68.4,1667.25,80.0
2026-08-10T05:51,J6,60deg_naik,69.6,1667.25,80.0
2026-08-10T05:51,J6,60deg_naik,70.7,1667.375,80.0
2026-08-10T05:51,J6,60deg_naik,71.9,1667.375,80.0
2026-08-10T05:51,J6,60deg_naik,73.0,1667.25,80.0
2026-08-10T05:51,J6,60deg_naik,74.2,1667.25,80.0
2026-08-10T05:51,J6,60deg_naik,75.4,1667.25,80.0
2026-08-10T05:51,J6,60deg_naik,76.5,1667.125,80.0
2026-08-10T05:51,J6,60deg_naik,77.7,1667.375,80.0
2026-08-10T05:51,J6,60deg_naik,78.8,1667.25,80.0
2026-08-10T05:51,J6,60deg_naik,80.0,1667.5,80.0
2026-08-10T05:51,J6,60deg_naik,81.2,1667.5,80.0
2026-08-10T05:51,J6,60deg_naik,82.3,1667.375,80.0
2026-08-10T05:51,J6,60deg_naik,83.5,1667.25,80.0
2026-08-10T05:51,J6,60deg_naik,84.6,1667.5,80.0
2026-08-10T05:51,J6,60deg_naik,85.8,1667.125,80.0
2026-08-10T05:51,J6,60deg_naik,87.0,1667.125,80.0
2026-08-10T05:51,J6,60deg_naik,88.1,1667.375,80.0
2026-08-10T05:51,J6,60deg_naik,89.3,1667.375,80.0
2026-08-10T05:51,J6,60deg_naik,90.4,1667.375,80.0
2026-08-10T05:51,J6,60deg_naik,91.6,1667.375,80.0
2026-08-10T05:51,J6,60deg_naik,92.8,1667.375,80.0
2026-08-10T05:51,J6,60deg_naik,93.9,1667.375,80.0
2026-08-10T05:51,J6,60deg_naik,95.1,1667.25,80.0
2026-08-10T05:51,J6,60deg_naik,96.2,1676.125,80.0
2026-08-10T05:51,J6,60deg_naik,97.4,1676.125,80.0
2026-08-10T05:51,J6,60deg_naik,98.6,1820.625,80.0
2026-08-10T05:51,J6,60deg_naik,99.7,1875.75,80.0
2026-08-10T05:51,J6,60deg_naik,100.9,1883.25,80.0
2026-08-10T05:51,J6,60deg_naik,102.0,1879.625,80.0
2026-08-10T05:51,J6,60deg_naik,103.2,1876.625,80.0
2026-08-10T05:51,J6,60deg_naik,104.4,1843.875,80.0
2026-08-10T05:51,J6,60deg_naik,105.5,1851.625,80.0
2026-08-10T05:51,J6,60deg_naik,106.7,1860.125,80.0
2026-08-10T05:51,J6,60deg_naik,107.8,1842.0,80.0
2026-08-10T05:51,J6,60deg_naik,109.0,1832.0,80.0
2026-08-10T05:51,J6,60deg_naik,110.2,1846.0,80.0
2026-08-10T05:51,J6,60deg_naik,111.3,1818.25,80.0
2026-08-10T05:51,J6,60deg_naik,112.5,1834.625,80.0
2026-08-10T05:51,J6,60deg_naik,113.6,1813.75,80.0
2026-08-10T05:51,J6,60deg_naik,114.8,1819.125,80.0
2026-08-10T05:51,J6,60deg_naik,116.0,1821.75,80.0
2026-08-10T05:51,J6,60deg_naik,117.1,1813.25,80.0
2026-08-10T05:51,J6,60deg_naik,118.3,1817.75,80.0
2026-08-10T05:51,J6,60deg_naik,119.4,1824.125,80.0
2026-08-10T05:51,J6,60deg_naik,120.6,1824.125,80.0
2026-08-10T05:51,J6,60deg_naik,121.8,1813.75,80.0
2026-08-10T05:51,J6,60deg_naik,122.9,1816.375,80.0
2026-08-10T05:51,J6,60deg_naik,124.1,1816.125,80.0
2026-08-10T05:51,J6,60deg_naik,125.2,1819.375,80.0
2026-08-10T05:51,J6,60deg_naik,126.4,1811.0,80.0
2026-08-10T05:51,J6,60deg_naik,127.6,1812.75,80.0
2026-08-10T05:51,J6,60deg_naik,128.7,1811.875,80.0
2026-08-10T05:51,J6,60deg_naik,129.9,1814.125,80.0
2026-08-10T05:51,J6,60deg_naik,131.0,1811.75,80.0
2026-08-10T05:51,J6,60deg_naik,132.2,1814.25,80.0
2026-08-10T05:51,J6,60deg_naik,133.4,1813.875,80.0
2026-08-10T05:51,J6,60deg_naik,134.5,1814.125,80.0
2026-08-10T05:51,J6,60deg_naik,135.7,1811.25,80.0
2026-08-10T05:51,J6,60deg_naik,136.8,1814.5,80.0
2026-08-10T05:51,J6,60deg_naik,138.0,1813.375,80.0
2026-08-10T05:51,J6,60deg_naik,139.2,1814.75,80.0
2026-08-10T05:51,J6,60deg_naik,140.3,1815.875,80.0
2026-08-10T05:51,J6,60deg_naik,141.5,1816.375,80.0
2026-08-10T05:51,J6,60deg_naik,142.6,1819.25,80.0
2026-08-10T05:51,J6,60deg_naik,143.8,1819.25,80.0
2026-08-10T05:51,J6,60deg_naik,145.0,1823.125,80.0
2026-08-10T05:51,J6,60deg_naik,146.1,1822.875,80.0
2026-08-10T05:51,J6,60deg_naik,147.3,1826.375,80.0
2026-08-10T05:51,J6,60deg_naik,148.4,1825.875,80.0
2026-08-10T05:51,J6,60deg_naik,149.6,1827.875,80.0
2026-08-10T05:51,J6,60deg_naik,150.8,1836.25,80.0
2026-08-10T05:51,J6,60deg_naik,151.9,1840.75,80.0
2026-08-10T05:51,J6,60deg_naik,153.1,1841.625,80.0
2026-08-10T05:51,J6,60deg_naik,154.2,1841.375,80.0
2026-08-10T05:51,J6,60deg_naik,155.4,1839.75,80.0
2026-08-10T05:51,J6,60deg_naik,156.6,1844.375,80.0
2026-08-10T05:51,J6,60deg_naik,157.7,1848.0,80.0
2026-08-10T05:51,J6,60deg_naik,158.9,1851.75,80.0
2026-08-10T05:51,J6,60deg_naik,160.0,1851.25,80.0
2026-08-10T05:51,J6,60deg_naik,161.2,1853.75,80.0
2026-08-10T05:51,J6,60deg_naik,162.4,1859.5,80.0
2026-08-10T05:51,J6,60deg_naik,163.5,1862.0,80.0
2026-08-10T05:51,J6,60deg_naik,164.7,1864.875,80.0
2026-08-10T05:51,J6,60deg_naik,165.8,1871.625,80.0
2026-08-10T05:51,J6,60deg_naik,167.0,1876.375,80.0
2026-08-10T05:51,J6,60deg_naik,168.2,1876.375,80.0
2026-08-10T05:51,J6,60deg_naik,169.3,1877.0,80.0
2026-08-10T05:51,J6,60deg_naik,170.5,1880.625,80.0
2026-08-10T05:51,J6,60deg_naik,171.6,1881.875,80.0
2026-08-10T05:51,J6,60deg_naik,172.8,1881.0,80.0
2026-08-10T05:51,J6,60deg_naik,174.0,1885.125,80.0
2026-08-10T05:51,J6,60deg_naik,175.1,1888.0,80.0
2026-08-10T05:51,J6,60deg_naik,176.3,1892.625,80.0
2026-08-10T05:51,J6,60deg_naik,177.4,1901.0,80.0
2026-08-10T05:51,J6,60deg_naik,178.6,1902.875,80.0
2026-08-10T05:51,J6,60deg_naik,179.8,1907.0,80.0
2026-08-10T05:51,J6,60deg_naik,180.9,1910.5,80.0
2026-08-10T05:51,J6,60deg_naik,182.1,1912.875,80.0
2026-08-10T05:51,J6,60deg_naik,183.2,1917.25,80.0
2026-08-10T05:51,J6,60deg_naik,184.4,1918.25,80.0
2026-08-10T05:51,J6,60deg_naik,185.6,1925.875,80.0
2026-08-10T05:51,J6,60deg_naik,186.7,1929.75,80.0
2026-08-10T05:51,J6,60deg_naik,187.9,1933.75,80.0
2026-08-10T05:51,J6,60deg_naik,189.0,1938.125,80.0
2026-08-10T05:51,J6,60deg_naik,190.2,1939.625,80.0
2026-08-10T05:51,J6,60deg_naik,191.4,1939.625,80.0
2026-08-10T05:51,J6,60deg_naik,192.5,1945.75,80.0
2026-08-10T05:51,J6,60deg_naik,193.7,1951.0,80.0
2026-08-10T05:51,J6,60deg_naik,194.8,1960.625,80.0
2026-08-10T05:51,J6,60deg_naik,196.0,1959.875,80.0
2026-08-10T05:51,J6,60deg_naik,197.2,1963.625,80.0
2026-08-10T05:51,J6,60deg_naik,198.3,1966.375,80.0
2026-08-10T05:51,J6,60deg_naik,199.5,1971.75,80.0
2026-08-10T05:51,J6,60deg_naik,200.6,1974.625,80.0
2026-08-10T05:51,J6,60deg_naik,201.8,1980.0,80.0
2026-08-10T05:51,J6,60deg_naik,203.0,1982.875,80.0
2026-08-10T05:51,J6,60deg_naik,204.1,1988.375,80.0
2026-08-10T05:51,J6,60deg_naik,205.3,1990.25,80.0
2026-08-10T05:51,J6,60deg_naik,206.4,1996.5,80.0
2026-08-10T05:51,J6,60deg_naik,207.6,2000.0,80.0
2026-08-10T05:51,J6,60deg_naik,208.8,2006.625,80.0
2026-08-10T05:51,J6,60deg_naik,209.9,2010.25,80.0
2026-08-10T05:51,J6,60deg_naik,211.1,2019.0,80.0
2026-08-10T05:51,J6,60deg_naik,212.2,2023.75,80.0
2026-08-10T05:51,J6,60deg_naik,213.4,2029.75,80.0
2026-08-10T05:51,J6,60deg_naik,214.6,2029.75,80.0
2026-08-10T05:51,J6,60deg_naik,215.7,2030.0,80.0
2026-08-10T05:51,J6,60deg_naik,216.9,2033.5,80.0
2026-08-10T05:51,J6,60deg_naik,218.0,2035.5,80.0
2026-08-10T05:51,J6,60deg_naik,219.2,2041.625,80.0
2026-08-10T05:51,J6,60deg_naik,220.4,2047.0,80.0
2026-08-10T05:51,J6,60deg_naik,221.5,2054.125,80.0
2026-08-10T05:51,J6,60deg_naik,222.7,2059.875,80.0
2026-08-10T05:51,J6,60deg_naik,223.8,2065.0,80.0
2026-08-10T05:51,J6,60deg_naik,225.0,2067.25,80.0
2026-08-10T05:51,J6,60deg_naik,226.2,2068.625,80.0
2026-08-10T05:51,J6,60deg_naik,227.3,2075.125,80.0
2026-08-10T05:51,J6,60deg_naik,228.5,2077.625,80.0
2026-08-10T05:51,J6,60deg_naik,229.6,2082.625,80.0
2026-08-10T05:51,J6,60deg_naik,230.8,2087.75,80.0
2026-08-10T05:51,J6,60deg_naik,232.0,2094.375,80.0
2026-08-10T05:51,J6,60deg_naik,233.1,2099.25,80.0
2026-08-10T05:51,J6,60deg_naik,234.3,2102.125,80.0
2026-08-10T05:51,J6,60deg_naik,235.4,2107.5,80.0
2026-08-10T05:51,J6,60deg_naik,236.6,2110.125,80.0
2026-08-10T05:51,J6,60deg_naik,237.8,2110.125,80.0
2026-08-10T05:51,J6,60deg_naik,238.9,2116.625,80.0
2026-08-10T05:51,J6,60deg_naik,240.1,2122.125,80.0
2026-08-10T05:51,J6,60deg_naik,241.2,2125.75,80.0
2026-08-10T05:51,J6,60deg_naik,242.4,2129.75,80.0
2026-08-10T05:51,J6,60deg_naik,243.6,2130.875,80.0
2026-08-10T05:51,J6,60deg_naik,244.7,2137.125,80.0
2026-08-10T05:51,J6,60deg_naik,245.9,2143.0,80.0
2026-08-10T05:51,J6,60deg_naik,247.0,2149.0,80.0
2026-08-10T05:51,J6,60deg_naik,248.2,2153.375,80.0
2026-08-10T05:51,J6,60deg_naik,249.4,2155.125,80.0
2026-08-10T05:51,J6,60deg_naik,250.5,2158.25,80.0
2026-08-10T05:51,J6,60deg_naik,251.7,2163.5,80.0
2026-08-10T05:51,J6,60deg_naik,252.8,2170.125,80.0
2026-08-10T05:51,J6,60deg_naik,254.0,2174.875,80.0
2026-08-10T05:51,J6,60deg_naik,255.2,2178.0,80.0
2026-08-10T05:51,J6,60deg_naik,256.3,2182.75,80.0
2026-08-10T05:51,J6,60deg_naik,257.5,2186.875,80.0
2026-08-10T05:51,J6,60deg_naik,258.6,2192.0,80.0
2026-08-10T05:51,J6,60deg_naik,259.8,2198.25,80.0
2026-08-10T05:51,J6,60deg_naik,261.0,2198.25,80.0
2026-08-10T05:51,J6,60deg_naik,262.1,2200.5,80.0
2026-08-10T05:51,J6,60deg_naik,263.3,2207.125,80.0
2026-08-10T05:51,J6,60deg_naik,264.4,2211.25,80.0
2026-08-10T05:51,J6,60deg_naik,265.6,2215.75,80.0
2026-08-10T05:51,J6,60deg_naik,266.8,2221.125,80.0
2026-08-10T05:51,J6,60deg_naik,267.9,2225.75,80.0
2026-08-10T05:51,J6,60deg_naik,269.1,2230.625,80.0
2026-08-10T05:51,J6,60deg_naik,270.2,2232.125,80.0
2026-08-10T05:51,J6,60deg_naik,271.4,2237.25,80.0
2026-08-10T05:51,J6,60deg_naik,272.6,2243.375,80.0
2026-08-10T05:51,J6,60deg_naik,273.7,2248.875,80.0
2026-08-10T05:51,J6,60deg_naik,274.9,2249.375,80.0
2026-08-10T05:51,J6,60deg_naik,276.0,2256.25,80.0
2026-08-10T05:51,J6,60deg_naik,277.2,2259.125,80.0
2026-08-10T05:51,J6,60deg_naik,278.4,2266.125,80.0
2026-08-10T05:51,J6,60deg_naik,279.5,2270.25,80.0
2026-08-10T05:51,J6,60deg_naik,280.7,2276.125,80.0
2026-08-10T05:51,J6,60deg_naik,281.8,2280.875,80.0
2026-08-10T05:51,J6,60deg_naik,283.0,2280.375,80.0
2026-08-10T05:51,J6,60deg_naik,284.2,2280.375,80.0
2026-08-10T05:51,J6,60deg_naik,285.3,2286.25,80.0
2026-08-10T05:51,J6,60deg_naik,286.5,2293.75,80.0
2026-08-10T05:51,J6,60deg_naik,287.6,2299.375,80.0
2026-08-10T05:51,J6,60deg_naik,288.8,2301.5,80.0
2026-08-10T05:51,J6,60deg_naik,290.0,2310.625,80.0
2026-08-10T05:51,J6,60deg_naik,291.1,2316.625,80.0
2026-08-10T05:51,J6,60deg_naik,292.3,2324.625,80.0
2026-08-10T05:51,J6,60deg_naik,293.4,2318.375,80.0
2026-08-10T05:51,J6,60deg_naik,294.6,2318.125,80.0
2026-08-10T05:51,J6,60deg_naik,295.8,2331.625,80.0
2026-08-10T05:51,J6,60deg_naik,296.9,2335.25,80.0
2026-08-10T05:51,J6,60deg_naik,298.1,2343.5,80.0
2026-08-10T05:51,J6,60deg_naik,299.2,2350.25,80.0
2026-08-10T05:51,J6,60deg_naik,300.4,2354.125,80.0
2026-08-10T05:51,J6,60deg_naik,301.6,2355.375,80.0
2026-08-10T05:51,J6,60deg_naik,302.7,2362.875,80.0
2026-08-10T05:51,J6,60deg_naik,303.9,2366.25,80.0
2026-08-10T05:51,J6,60deg_naik,305.0,2366.125,80.0
2026-08-10T05:51,J6,60deg_naik,306.2,2369.625,80.0
2026-08-10T05:51,J6,60deg_naik,307.4,2369.625,80.0
2026-08-10T05:51,J6,60deg_naik,308.5,2382.75,80.0
2026-08-10T05:51,J6,60deg_naik,309.7,2376.875,80.0
2026-08-10T05:51,J6,60deg_naik,310.8,2377.375,80.0
2026-08-10T05:51,J6,60deg_naik,312.0,2378.75,80.0
2026-08-10T05:51,J6,60deg_naik,313.2,2382.75,80.0
2026-08-10T05:51,J6,60deg_naik,314.3,2386.625,80.0
2026-08-10T05:51,J6,60deg_naik,315.5,2392.875,80.0
2026-08-10T05:51,J6,60deg_naik,316.6,2397.0,80.0
2026-08-10T05:51,J6,60deg_naik,317.8,2401.25,80.0
2026-08-10T05:51,J6,60deg_naik,319.0,2405.75,80.0
2026-08-10T05:51,J6,60deg_naik,320.1,2410.125,80.0
2026-08-10T05:51,J6,60deg_naik,321.3,2412.375,80.0
2026-08-10T05:51,J6,60deg_naik,322.4,2415.75,80.0
2026-08-10T05:51,J6,60deg_naik,323.6,2420.875,80.0
2026-08-10T05:51,J6,60deg_naik,324.8,2426.875,80.0
2026-08-10T05:51,J6,60deg_naik,325.9,2432.875,80.0
2026-08-10T05:51,J6,60deg_naik,327.1,2435.875,80.0
2026-08-10T05:51,J6,60deg_naik,328.2,2438.25,80.0
2026-08-10T05:51,J6,60deg_naik,329.4,2441.625,80.0
2026-08-10T05:51,J6,60deg_naik,330.6,2446.875,80.0
2026-08-10T05:51,J6,60deg_naik,331.7,2446.875,80.0
2026-08-10T05:51,J6,60deg_naik,332.9,2465.5,80.0
2026-08-10T05:51,J6,60deg_naik,334.0,2487.875,80.0
2026-08-10T05:51,J6,60deg_naik,335.2,2481.625,80.0
2026-08-10T05:51,J6,60deg_naik,336.4,2503.75,80.0
2026-08-10T05:51,J6,60deg_naik,337.5,2541.25,80.0
2026-08-10T05:51,J6,60deg_naik,338.7,2561.125,80.0
2026-08-10T05:51,J6,60deg_naik,339.8,2568.75,80.0
2026-08-10T05:51,J6,60deg_naik,341.0,2591.75,80.0
2026-08-10T05:51,J6,60deg_naik,342.2,2582.125,80.0
2026-08-10T05:51,J6,60deg_naik,343.3,2571.75,80.0
2026-08-10T05:51,J6,60deg_naik,344.5,2545.625,80.0
2026-08-10T05:51,J6,60deg_naik,345.6,2548.0,80.0
2026-08-10T05:51,J6,60deg_naik,346.8,2557.25,80.0
2026-08-10T05:51,J6,60deg_naik,348.0,2537.875,80.0
2026-08-10T05:51,J6,60deg_naik,349.1,2509.625,80.0
2026-08-10T05:51,J6,60deg_naik,350.3,2503.0,80.0
2026-08-10T05:51,J6,60deg_naik,351.4,2512.125,80.0
2026-08-10T05:51,J6,60deg_naik,352.6,2522.625,80.0
2026-08-10T05:51,J6,60deg_naik,353.8,2508.25,80.0
2026-08-10T05:51,J6,60deg_naik,354.9,2508.25,80.0
2026-08-10T05:51,J6,60deg_naik,356.1,2517.125,80.0
2026-08-10T05:51,J6,60deg_naik,357.2,2521.75,80.0
2026-08-10T05:51,J6,60deg_naik,358.4,2541.0,80.0
2026-08-10T05:51,J6,60deg_naik,359.6,2545.375,80.0
2026-08-10T05:51,J6,60deg_naik,360.7,2535.625,80.0
2026-08-10T05:51,J6,60deg_naik,361.9,2551.875,80.0
2026-08-10T05:51,J6,60deg_naik,363.0,2575.5,80.0
2026-08-10T05:51,J6,60deg_naik,364.2,2553.75,80.0
2026-08-10T05:51,J6,60deg_naik,365.4,2555.5,80.0
2026-08-10T05:51,J6,60deg_naik,366.5,2557.125,80.0
2026-08-10T05:51,J6,60deg_naik,367.7,2560.625,80.0
2026-08-10T05:51,J6,60deg_naik,368.8,2560.5,80.0
2026-08-10T05:51,J6,60deg_naik,370.0,2545.375,80.0
2026-08-10T05:51,J6,60deg_naik,371.2,2540.625,80.0
2026-08-10T05:51,J6,60deg_naik,372.3,2543.0,80.0
2026-08-10T05:51,J6,60deg_naik,373.5,2552.625,80.0
2026-08-10T05:51,J6,60deg_naik,374.6,2563.375,80.0
2026-08-10T05:51,J6,60deg_naik,375.8,2593.0,80.0
2026-08-10T05:51,J6,60deg_naik,377.0,2602.625,80.0
2026-08-10T05:51,J6,60deg_naik,378.1,2602.625,80.0
2026-08-10T05:51,J6,60deg_naik,379.3,2597.25,80.0
2026-08-10T05:51,J6,60deg_naik,380.4,2576.375,80.0
2026-08-10T05:51,J6,60deg_naik,381.6,2573.5,80.0
2026-08-10T05:51,J6,60deg_naik,382.8,2575.25,80.0
2026-08-10T05:51,J6,60deg_naik,383.9,2562.875,80.0
2026-08-10T05:51,J6,60deg_naik,385.1,2558.125,80.0
2026-08-10T05:51,J6,60deg_naik,386.2,2557.25,80.0
2026-08-10T05:51,J6,60deg_naik,387.4,2557.375,80.0
2026-08-10T05:51,J6,60deg_naik,388.6,2558.5,80.0
2026-08-10T05:51,J6,60deg_naik,389.7,2558.375,80.0
2026-08-10T05:51,J6,60deg_naik,390.9,2560.125,80.0
2026-08-10T05:51,J6,60deg_naik,392.0,2562.875,80.0
2026-08-10T05:51,J6,60deg_naik,393.2,2559.75,80.0
2026-08-10T05:51,J6,60deg_naik,394.4,2559.5,80.0
2026-08-10T05:51,J6,60deg_naik,395.5,2560.375,80.0
2026-08-10T05:51,J6,60deg_naik,396.7,2562.375,80.0
2026-08-10T05:51,J6,60deg_naik,397.8,2564.625,80.0
2026-08-10T05:51,J6,60deg_naik,399.0,2562.75,80.0
2026-08-10T05:51,J6,60deg_naik,400.2,2562.875,80.0
2026-08-10T05:51,J6,60deg_naik,401.3,2562.875,80.0
2026-08-10T05:51,J6,60deg_naik,402.5,2564.25,80.0
2026-08-10T05:51,J6,60deg_naik,403.6,2573.75,80.0
2026-08-10T05:51,J6,60deg_naik,404.8,2581.25,80.0
2026-08-10T05:51,J6,60deg_naik,406.0,2582.75,80.0
2026-08-10T05:51,J6,60deg_naik,407.1,2583.375,80.0
2026-08-10T05:51,J6,60deg_naik,408.3,2580.625,80.0
2026-08-10T05:51,J6,60deg_naik,409.4,2571.25,80.0
2026-08-10T05:51,J6,60deg_naik,410.6,2570.625,80.0
2026-08-10T05:51,J6,60deg_naik,411.8,2571.25,80.0
2026-08-10T05:51,J6,60deg_naik,412.9,2571.5,80.0
2026-08-10T05:51,J6,60deg_naik,414.1,2571.75,80.0
2026-08-10T05:51,J6,60deg_naik,415.2,2572.125,80.0
2026-08-10T05:51,J6,60deg_naik,416.4,2572.125,80.0
2026-08-10T05:51,J6,60deg_naik,417.6,2572.5,80.0
2026-08-10T05:51,J6,60deg_naik,418.7,2574.375,80.0
2026-08-10T05:51,J6,60deg_naik,419.9,2574.125,80.0
2026-08-10T05:51,J6,60deg_naik,421.0,2573.375,80.0
2026-08-10T05:51,J6,60deg_naik,422.2,2574.125,80.0
2026-08-10T05:51,J6,60deg_naik,423.4,2572.875,80.0
2026-08-10T05:51,J6,60deg_naik,424.5,2572.875,80.0
2026-08-10T05:51,J6,60deg_naik,425.7,2571.375,80.0
2026-08-10T05:51,J6,60deg_naik,426.8,2571.375,80.0
2026-08-10T05:51,J6,60deg_naik,428.0,2572.0,80.0
2026-08-10T05:51,J6,60deg_naik,429.2,2572.375,80.0
2026-08-10T05:51,J6,60deg_naik,430.3,2572.5,80.0
2026-08-10T05:51,J6,60deg_naik,431.5,2572.625,80.0
2026-08-10T05:51,J6,60deg_naik,432.6,2572.875,80.0
2026-08-10T05:51,J6,60deg_naik,433.8,2572.625,80.0
2026-08-10T05:51,J6,60deg_naik,435.0,2572.875,80.0
2026-08-10T05:51,J6,60deg_naik,436.1,2573.125,80.0
2026-08-10T05:51,J6,60deg_naik,437.3,2573.125,80.0
2026-08-10T05:51,J6,60deg_naik,438.4,2573.125,80.0
2026-08-10T05:51,J6,60deg_naik,439.6,2573.25,80.0
2026-08-10T05:51,J6,60deg_naik,440.8,2573.25,80.0
2026-08-10T05:51,J6,60deg_naik,441.9,2573.5,80.0
2026-08-10T05:51,J6,60deg_naik,443.1,2573.75,80.0
2026-08-10T05:51,J6,60deg_naik,444.2,2574.0,80.0
2026-08-10T05:51,J6,60deg_naik,445.4,2573.75,80.0
2026-08-10T05:51,J6,60deg_naik,446.6,2573.75,80.0
2026-08-10T05:51,J6,60deg_naik,447.7,2573.75,80.0
2026-08-10T05:51,J6,60deg_naik,448.9,2574.0,80.0
2026-08-10T05:51,J6,60deg_naik,450.0,2574.0,80.0
2026-08-10T05:51,J6,60deg_naik,451.2,2574.25,80.0
2026-08-10T05:51,J6,60deg_naik,452.4,2574.0,80.0
2026-08-10T05:51,J6,60deg_naik,453.5,2574.125,80.0
2026-08-10T05:51,J6,60deg_naik,454.7,2574.0,80.0
2026-08-10T05:51,J6,60deg_naik,455.8,2573.875,80.0
2026-08-10T05:51,J6,60deg_naik,457.0,2574.0,80.0
2026-08-10T05:51,J6,60deg_naik,458.2,2574.125,80.0
2026-08-10T05:51,J6,60deg_naik,459.3,2574.0,80.0
2026-08-10T05:51,J6,60deg_naik,460.5,2574.125,80.0
2026-08-10T05:51,J6,60deg_naik,461.6,2574.25,80.0
2026-08-10T05:51,J6,60deg_naik,462.8,2574.125,80.0
2026-08-10T05:51,J6,60deg_naik,464.0,2574.125,80.0
2026-08-10T05:51,J6,60deg_naik,465.1,2573.875,80.0
2026-08-10T05:51,J6,60deg_naik,466.3,2574.0,80.0
2026-08-10T05:51,J6,60deg_naik,467.4,2574.25,80.0
2026-08-10T05:51,J6,60deg_naik,468.6,2574.125,80.0
2026-08-10T05:51,J6,60deg_naik,469.8,2574.125,80.0
2026-08-10T05:51,J6,60deg_naik,470.9,2574.125,80.0
2026-08-10T05:51,J6,60deg_naik,472.1,2574.125,80.0
2026-08-10T05:51,J6,60deg_naik,473.2,2574.0,80.0
2026-08-10T05:51,J6,60deg_naik,474.4,2574.25,80.0
2026-08-10T05:51,J6,60deg_naik,475.6,2574.125,80.0
2026-08-10T05:51,J6,60deg_naik,476.7,2574.0,80.0
2026-08-10T05:51,J6,60deg_naik,477.9,2574.375,80.0
2026-08-10T05:51,J6,60deg_naik,479.0,2574.125,80.0
2026-08-10T05:51,J6,60deg_naik,480.2,2574.125,80.0
2026-08-10T05:51,J6,60deg_naik,481.4,2574.125,80.0
2026-08-10T05:51,J6,60deg_naik,482.5,2574.25,80.0
2026-08-10T05:51,J6,60deg_naik,483.7,2574.0,80.0
2026-08-10T05:51,J6,60deg_naik,484.8,2574.25,80.0
2026-08-10T05:51,J6,60deg_naik,486.0,2574.125,80.0
2026-08-10T05:51,J6,60deg_naik,487.2,2574.0,80.0
2026-08-10T05:51,J6,60deg_naik,488.3,2573.875,80.0
2026-08-10T05:51,J6,60deg_naik,489.5,2574.25,80.0
2026-08-10T05:51,J6,60deg_naik,490.6,2574.125,80.0
2026-08-10T05:51,J6,60deg_naik,491.8,2574.125,80.0
2026-08-10T05:51,J6,60deg_naik,493.0,2574.0,80.0
2026-08-10T05:51,J6,60deg_naik,494.1,2573.875,80.0
2026-08-10T05:51,J6,60deg_naik,495.3,2573.875,80.0
2026-08-10T05:51,J6,60deg_naik,496.4,2574.125,80.0
2026-08-10T05:51,J6,60deg_naik,497.6,2574.25,80.0
2026-08-10T05:51,J6,60deg_naik,498.8,2574.25,80.0
2026-08-10T05:51,J6,60deg_naik,499.9,2574.125,80.0
2026-08-10T05:51,J6,60deg_naik,501.1,2574.0,80.0
2026-08-10T05:51,J6,60deg_naik,502.2,2574.125,80.0
2026-08-10T05:51,J6,60deg_naik,503.4,2574.25,80.0
2026-08-10T05:51,J6,60deg_naik,504.6,2574.125,80.0
2026-08-10T05:51,J6,60deg_naik,505.7,2574.0,80.0
2026-08-10T05:51,J6,60deg_naik,506.9,2573.875,80.0
2026-08-10T05:51,J6,60deg_naik,508.0,2574.125,80.0
2026-08-10T05:51,J6,60deg_naik,509.2,2574.125,80.0
2026-08-10T05:51,J6,60deg_naik,510.4,2574.0,80.0
2026-08-10T05:51,J6,60deg_naik,511.5,2574.125,80.0
2026-08-10T05:51,J6,60deg_naik,512.7,2574.125,80.0
2026-08-10T05:51,J6,60deg_naik,513.8,2574.0,80.0
2026-08-10T05:51,J6,60deg_naik,515.0,2574.25,80.0
2026-08-10T05:51,J6,60deg_naik,516.2,2574.25,80.0
2026-08-10T05:51,J6,60deg_naik,517.3,2574.375,80.0
2026-08-10T05:51,J6,60deg_naik,518.5,2574.375,80.0
2026-08-10T05:51,J6,60deg_naik,519.6,2574.0,80.0
2026-08-10T05:51,J6,60deg_naik,520.8,2574.25,80.0
2026-08-10T05:51,J6,60deg_naik,522.0,2574.0,80.0
2026-08-10T05:51,J6,60deg_naik,523.1,2574.125,80.0
2026-08-10T05:51,J6,60deg_naik,524.3,2574.125,80.0
2026-08-10T05:51,J6,60deg_naik,525.4,2574.125,80.0
2026-08-10T05:51,J6,60deg_naik,526.6,2574.0,80.0
2026-08-10T05:51,J6,60deg_naik,527.8,2574.125,80.0
2026-08-10T05:51,J6,60deg_naik,528.9,2573.875,80.0
2026-08-10T05:51,J6,60deg_naik,530.1,2573.875,80.0
2026-08-10T05:51,J6,60deg_naik,531.2,2573.625,80.0
2026-08-10T05:51,J6,60deg_naik,532.4,2573.875,80.0
2026-08-10T05:51,J6,60deg_naik,533.6,2573.875,80.0
2026-08-10T05:51,J6,60deg_naik,534.7,2573.75,80.0
2026-08-10T05:51,J6,60deg_naik,535.9,2573.875,80.0
2026-08-10T05:51,J6,60deg_naik,537.0,2574.125,80.0
2026-08-10T05:51,J6,60deg_naik,538.2,2574.0,80.0
2026-08-10T05:51,J6,60deg_naik,539.4,2573.875,80.0
2026-08-10T05:51,J6,60deg_naik,540.5,2573.875,80.0
2026-08-10T05:51,J6,60deg_naik,541.7,2573.875,80.0
2026-08-10T05:51,J6,60deg_naik,542.8,2574.0,80.0
2026-08-10T05:51,J6,60deg_naik,544.0,2574.125,80.0
2026-08-10T05:51,J6,60deg_naik,545.2,2574.125,80.0
2026-08-10T05:51,J6,60deg_naik,546.3,2574.125,80.0
2026-08-10T05:51,J6,60deg_naik,547.5,2573.875,80.0
2026-08-10T05:51,J6,60deg_naik,548.6,2574.0,80.0
2026-08-10T05:51,J6,60deg_naik,549.8,2574.25,80.0
2026-08-10T05:51,J6,60deg_naik,551.0,2574.25,80.0
2026-08-10T05:51,J6,60deg_naik,552.1,2574.25,80.0
2026-08-10T05:51,J6,60deg_naik,553.3,2574.0,80.0
2026-08-10T05:51,J6,60deg_naik,554.4,2574.0,80.0
2026-08-10T05:51,J6,60deg_naik,555.6,2574.0,80.0
2026-08-10T05:51,J6,60deg_naik,556.8,2574.125,80.0
2026-08-10T05:51,J6,60deg_naik,557.9,2574.125,80.0
2026-08-10T05:51,J6,60deg_naik,559.1,2574.25,80.0
2026-08-10T05:51,J6,60deg_naik,560.2,2573.875,80.0
2026-08-10T05:51,J6,60deg_naik,561.4,2573.75,80.0
2026-08-10T05:51,J6,60deg_naik,562.6,2574.0,80.0
2026-08-10T05:51,J6,60deg_naik,563.7,2574.25,80.0
2026-08-10T05:51,J6,60deg_naik,564.9,2574.25,80.0
2026-08-10T05:51,J6,60deg_naik,566.0,2574.125,80.0
2026-08-10T05:51,J6,60deg_naik,567.2,2573.875,80.0
2026-08-10T05:51,J6,60deg_naik,568.4,2574.0,80.0
2026-08-10T05:51,J6,60deg_naik,569.5,2573.875,80.0
2026-08-10T05:51,J6,60deg_naik,570.7,2574.0,80.0
2026-08-10T05:51,J6,60deg_naik,571.8,2574.0,80.0
2026-08-10T05:51,J6,60deg_naik,573.0,2574.125,80.0
2026-08-10T05:51,J6,60deg_naik,574.2,2574.125,80.0
2026-08-10T05:51,J6,60deg_naik,575.3,2574.0,80.0
2026-08-10T05:51,J6,60deg_naik,576.5,2573.875,80.0
2026-08-10T05:51,J6,60deg_naik,577.6,2573.875,80.0
2026-08-10T05:51,J6,60deg_naik,578.8,2574.125,80.0
2026-08-10T05:51,J6,60deg_naik,580.0,2574.375,80.0
2026-08-10T05:51,J6,60deg_naik,581.1,2574.125,80.0
2026-08-10T05:51,J6,60deg_naik,582.3,2574.25,80.0
2026-08-10T05:51,J6,60deg_naik,583.4,2573.875,80.0
2026-08-10T05:51,J6,60deg_naik,584.6,2574.0,80.0
2026-08-10T05:51,J6,60deg_naik,585.8,2574.125,80.0
2026-08-10T05:51,J6,60deg_naik,586.9,2574.125,80.0
2026-08-10T05:51,J6,60deg_naik,588.1,2574.125,80.0
2026-08-10T05:51,J6,60deg_naik,589.2,2574.0,80.0
2026-08-10T05:51,J6,60deg_naik,590.4,2574.0,80.0
2026-08-10T05:51,J6,60deg_naik,591.6,2574.0,80.0
2026-08-10T05:51,J6,60deg_naik,592.7,2574.125,80.0
2026-08-10T05:51,J6,60deg_naik,593.9,2574.0,80.0
2026-08-10T05:51,J6,60deg_naik,595.0,2574.125,80.0
2026-08-10T05:51,J6,60deg_naik,596.2,2574.125,80.0
2026-08-10T05:51,J6,60deg_naik,597.4,2574.125,80.0
2026-08-10T05:51,J6,60deg_naik,598.5,2573.875,80.0
2026-08-10T05:51,J6,60deg_naik,599.7,2574.125,80.0
2026-08-10T05:51,J6,60deg_naik,600.8,2574.125,80.0
2026-08-10T05:51,J6,60deg_naik,602.0,2574.125,80.0
2026-08-10T05:51,J6,60deg_naik,603.2,2574.125,80.0
2026-08-10T05:51,J6,60deg_naik,604.3,2573.875,80.0
2026-08-10T05:51,J6,60deg_naik,605.5,2573.625,80.0
2026-08-10T05:51,J6,60deg_naik,606.6,2574.125,80.0
2026-08-10T05:51,J6,60deg_naik,607.8,2573.875,80.0
2026-08-10T05:51,J6,60deg_naik,609.0,2574.25,80.0
2026-08-10T05:51,J6,60deg_naik,610.1,2574.25,80.0
2026-08-10T05:51,J6,60deg_naik,611.3,2574.25,80.0
2026-08-10T05:51,J6,60deg_naik,612.4,2574.0,80.0
2026-08-10T05:51,J6,60deg_naik,613.6,2574.0,80.0
2026-08-10T05:51,J6,60deg_naik,614.8,2573.875,80.0
2026-08-10T05:51,J6,60deg_naik,615.9,2574.0,80.0
2026-08-10T05:51,J6,60deg_naik,617.1,2574.125,80.0
2026-08-10T05:51,J6,60deg_naik,618.2,2574.125,80.0
2026-08-10T05:51,J6,60deg_naik,619.4,2574.0,80.0
2026-08-10T05:51,J6,60deg_naik,620.6,2574.0,80.0
2026-08-10T05:51,J6,60deg_naik,621.7,2574.0,80.0
2026-08-10T05:51,J6,60deg_naik,622.9,2574.0,80.0
2026-08-10T05:51,J6,60deg_naik,624.0,2574.125,80.0
2026-08-10T05:51,J6,60deg_naik,625.2,2574.0,80.0
2026-08-10T05:51,J6,60deg_naik,626.4,2574.0,80.0
2026-08-10T05:51,J6,60deg_naik,627.5,2573.75,80.0
2026-08-10T05:51,J6,60deg_naik,628.7,2574.0,80.0
2026-08-10T05:51,J6,60deg_naik,629.8,2574.0,80.0
2026-08-10T05:51,J6,60deg_naik,631.0,2574.25,80.0
2026-08-10T05:51,J6,60deg_naik,632.2,2574.0,80.0
2026-08-10T05:51,J6,60deg_naik,633.3,2574.125,80.0
2026-08-10T05:51,J6,60deg_naik,634.5,2573.875,80.0
2026-08-10T05:51,J6,60deg_naik,635.6,2573.875,80.0
2026-08-10T05:51,J6,60deg_naik,636.8,2574.125,80.0
2026-08-10T05:51,J6,60deg_naik,638.0,2574.0,80.0
2026-08-10T05:51,J6,60deg_naik,639.1,2574.125,80.0
2026-08-10T05:51,J6,60deg_naik,640.3,2574.25,80.0
2026-08-10T05:51,J6,60deg_naik,641.4,2574.0,80.0
2026-08-10T05:51,J6,60deg_naik,642.6,2574.0,80.0
2026-08-10T05:51,J6,60deg_naik,643.8,2573.75,80.0
2026-08-10T05:51,J6,60deg_naik,644.9,2574.0,80.0
2026-08-10T05:51,J6,60deg_naik,646.1,2574.0,80.0
2026-08-10T05:51,J6,60deg_naik,647.2,2573.875,80.0
2026-08-10T05:51,J6,60deg_naik,648.4,2573.875,80.0
2026-08-10T05:51,J6,60deg_naik,649.6,2574.0,80.0
2026-08-10T05:51,J6,60deg_naik,650.7,2574.0,80.0
2026-08-10T05:51,J6,60deg_naik,651.9,2574.0,80.0
2026-08-10T05:51,J6,60deg_naik,653.0,2574.25,80.0
2026-08-10T05:51,J6,60deg_naik,654.2,2574.25,80.0
2026-08-10T05:51,J6,60deg_naik,655.4,2574.25,80.0
2026-08-10T05:51,J6,60deg_naik,656.5,2574.0,80.0
2026-08-10T05:51,J6,60deg_naik,657.7,2574.0,80.0
2026-08-10T05:51,J6,60deg_naik,658.8,2574.0,80.0
2026-08-10T05:51,J6,60deg_naik,660.0,2574.125,80.0
2026-08-10T05:51,J6,60deg_naik,661.2,2574.125,80.0
2026-08-10T05:51,J6,60deg_naik,662.3,2574.125,80.0
2026-08-10T05:51,J6,60deg_naik,663.5,2574.25,80.0
2026-08-10T05:51,J6,60deg_naik,664.6,2574.125,80.0
2026-08-10T05:51,J6,60deg_naik,665.8,2574.0,80.0
2026-08-10T05:51,J6,60deg_naik,667.0,2574.0,80.0
2026-08-10T05:51,J6,60deg_naik,668.1,2574.0,80.0
2026-08-10T05:51,J6,60deg_naik,669.3,2574.125,80.0
2026-08-10T05:51,J6,60deg_naik,670.4,2574.25,80.0
2026-08-10T05:51,J6,60deg_naik,671.6,2574.0,80.0
2026-08-10T05:51,J6,60deg_naik,672.8,2574.125,80.0
2026-08-10T05:51,J6,60deg_naik,673.9,2574.0,80.0
2026-08-10T05:51,J6,60deg_naik,675.1,2574.0,80.0
2026-08-10T05:51,J6,60deg_naik,676.2,2574.125,80.0
2026-08-10T05:51,J6,60deg_naik,677.4,2574.125,80.0
2026-08-10T05:51,J6,60deg_naik,678.6,2574.0,80.0
2026-08-10T05:51,J6,60deg_naik,679.7,2574.125,80.0
2026-08-10T05:51,J6,60deg_naik,680.9,2574.25,80.0
2026-08-10T05:51,J6,60deg_naik,682.0,2574.25,80.0
2026-08-10T05:51,J6,60deg_naik,683.2,2574.125,80.0
2026-08-10T05:51,J6,60deg_naik,684.4,2574.125,80.0
2026-08-10T05:51,J6,60deg_naik,685.5,2574.125,80.0
2026-08-10T05:51,J6,60deg_naik,686.7,2574.0,80.0
2026-08-10T05:51,J6,60deg_naik,687.8,2574.0,80.0
2026-08-10T05:51,J6,60deg_naik,689.0,2574.0,80.0
2026-08-10T05:51,J6,60deg_naik,690.2,2574.125,80.0
2026-08-10T05:51,J6,60deg_naik,691.3,2574.125,80.0
2026-08-10T05:51,J6,60deg_naik,692.5,2574.125,80.0
2026-08-10T05:51,J6,60deg_naik,693.6,2574.0,80.0
2026-08-10T05:51,J6,60deg_naik,694.8,2574.0,80.0
2026-08-10T05:51,J6,60deg_naik,696.0,2574.125,80.0
2026-08-10T05:51,J6,60deg_naik,697.1,2574.25,80.0
2026-08-10T05:51,J6,60deg_naik,698.3,2574.125,80.0
2026-08-10T05:51,J6,60deg_naik,699.4,2574.25,80.0
2026-08-10T05:51,J6,60deg_naik,700.6,2573.875,80.0
2026-08-10T05:51,J6,60deg_naik,701.8,2574.125,80.0
2026-08-10T05:51,J6,60deg_naik,702.9,2574.125,80.0
2026-08-10T05:51,J6,60deg_naik,704.1,2574.125,80.0
2026-08-10T05:51,J6,60deg_naik,705.2,2574.125,80.0
2026-08-10T05:51,J6,60deg_naik,706.4,2574.125,80.0
2026-08-10T05:51,J6,60deg_naik,707.6,2574.0,80.0
2026-08-10T05:51,J6,60deg_naik,708.7,2574.125,80.0
2026-08-10T05:51,J6,60deg_naik,709.9,2574.125,80.0
2026-08-10T05:51,J6,60deg_naik,711.0,2574.0,80.0
2026-08-10T05:51,J6,60deg_naik,712.2,2574.0,80.0
2026-08-10T05:51,J6,60deg_naik,713.4,2574.25,80.0
2026-08-10T05:51,J6,60deg_naik,714.5,2574.0,80.0
2026-08-10T05:51,J6,60deg_naik,715.7,2574.125,80.0
2026-08-10T05:51,J6,60deg_naik,716.8,2574.0,80.0
2026-08-10T05:51,J6,60deg_naik,718.0,2574.0,80.0
2026-08-10T05:51,J6,60deg_naik,719.2,2574.125,80.0
2026-08-10T05:51,J6,60deg_naik,720.3,2574.125,80.0
2026-08-10T05:51,J6,60deg_naik,721.5,2574.125,80.0
2026-08-10T05:51,J6,60deg_naik,722.6,2574.0,80.0
2026-08-10T05:51,J6,60deg_naik,723.8,2574.125,80.0
2026-08-10T05:51,J6,60deg_naik,725.0,2574.125,80.0
2026-08-10T05:51,J6,60deg_naik,726.1,2574.0,80.0
2026-08-10T05:51,J6,60deg_naik,727.3,2574.0,80.0
2026-08-10T05:51,J6,60deg_naik,728.4,2574.0,80.0
2026-08-10T05:51,J6,60deg_naik,729.6,2574.25,80.0
2026-08-10T05:51,J6,60deg_naik,730.8,2574.125,80.0
2026-08-10T05:51,J6,60deg_naik,731.9,2574.25,80.0
2026-08-10T05:51,J6,60deg_naik,733.1,2574.125,80.0
2026-08-10T05:51,J6,60deg_naik,734.2,2574.125,80.0
2026-08-10T05:51,J6,60deg_naik,735.4,2573.875,80.0
2026-08-10T05:51,J6,60deg_naik,736.6,2573.875,80.0
2026-08-10T05:51,J6,60deg_naik,737.7,2574.0,80.0
2026-08-10T05:51,J6,60deg_naik,738.9,2574.0,80.0
2026-08-10T05:51,J6,60deg_naik,740.0,2574.0,80.0
2026-08-10T05:51,J6,60deg_naik,741.2,2574.0,80.0
2026-08-10T05:51,J6,60deg_naik,742.4,2573.875,80.0
2026-08-10T05:51,J6,60deg_naik,743.5,2573.875,80.0
2026-08-10T05:51,J6,60deg_naik,744.7,2574.125,80.0
2026-08-10T05:51,J6,60deg_naik,745.8,2574.0,80.0
2026-08-10T05:51,J6,60deg_naik,747.0,2574.0,80.0
2026-08-10T05:51,J6,60deg_naik,748.2,2574.0,80.0
2026-08-10T05:51,J6,60deg_naik,749.3,2574.25,80.0
2026-08-10T05:51,J6,60deg_naik,750.5,2574.125,80.0
2026-08-10T05:51,J6,60deg_naik,751.6,2574.125,80.0
2026-08-10T05:51,J6,60deg_naik,752.8,2574.25,80.0
2026-08-10T05:51,J6,60deg_naik,754.0,2574.125,80.0
2026-08-10T05:51,J6,60deg_naik,755.1,2574.25,80.0
2026-08-10T05:51,J6,60deg_naik,756.3,2574.125,80.0
2026-08-10T05:51,J6,60deg_naik,757.4,2574.25,80.0
2026-08-10T05:51,J6,60deg_naik,758.6,2574.25,80.0
2026-08-10T05:51,J6,60deg_naik,759.8,2574.25,80.0
2026-08-10T05:51,J6,60deg_naik,760.9,2574.25,80.0
2026-08-10T05:51,J6,60deg_naik,762.1,2574.125,80.0
2026-08-10T05:51,J6,60deg_naik,763.2,2574.125,80.0
2026-08-10T05:51,J6,60deg_naik,764.4,2574.0,80.0
2026-08-10T05:51,J6,60deg_naik,765.6,2573.875,80.0
2026-08-10T05:51,J6,60deg_naik,766.7,2574.125,80.0
2026-08-10T05:51,J6,60deg_naik,767.9,2574.25,80.0
2026-08-10T05:51,J6,60deg_naik,769.0,2574.125,80.0
2026-08-10T05:51,J6,60deg_naik,770.2,2574.125,80.0
2026-08-10T05:51,J6,60deg_naik,771.4,2574.125,80.0
2026-08-10T05:51,J6,60deg_naik,772.5,2574.0,80.0
2026-08-10T05:51,J6,60deg_naik,773.7,2574.25,80.0
2026-08-10T05:51,J6,60deg_naik,774.8,2574.25,80.0
2026-08-10T05:51,J6,60deg_naik,776.0,2574.25,80.0
2026-08-10T05:51,J6,60deg_naik,777.2,2574.125,80.0
2026-08-10T05:51,J6,60deg_naik,778.3,2573.875,80.0
2026-08-10T05:51,J6,60deg_naik,779.5,2574.0,80.0
2026-08-10T05:51,J6,60deg_naik,780.6,2574.125,80.0
2026-08-10T05:51,J6,60deg_naik,781.8,2574.25,80.0
2026-08-10T05:51,J6,60deg_naik,783.0,2574.125,80.0
2026-08-10T05:51,J6,60deg_naik,784.1,2574.125,80.0
2026-08-10T05:51,J6,60deg_naik,785.3,2574.0,80.0
2026-08-10T05:51,J6,60deg_naik,786.4,2574.0,80.0
2026-08-10T05:51,J6,60deg_naik,787.6,2574.0,80.0
2026-08-10T05:51,J6,60deg_naik,788.8,2574.125,80.0
2026-08-10T05:51,J6,60deg_naik,789.9,2573.875,80.0
2026-08-10T05:51,J6,60deg_naik,791.1,2574.125,80.0
2026-08-10T05:51,J6,60deg_naik,792.2,2574.125,80.0
2026-08-10T05:51,J6,60deg_naik,793.4,2574.0,80.0
2026-08-10T05:51,J6,60deg_naik,794.6,2574.0,80.0
2026-08-10T05:51,J6,60deg_naik,795.7,2574.125,80.0
2026-08-10T05:51,J6,60deg_naik,796.9,2574.25,80.0
2026-08-10T05:51,J6,60deg_naik,798.0,2574.375,80.0
2026-08-10T05:51,J6,60deg_naik,799.2,2574.375,80.0
2026-08-10T05:51,J6,60deg_naik,800.4,2574.0,80.0
2026-08-10T05:51,J6,60deg_naik,801.5,2574.125,80.0
2026-08-10T05:51,J6,60deg_naik,802.7,2574.125,80.0
2026-08-10T05:51,J6,60deg_naik,803.8,2574.25,80.0
2026-08-10T05:51,J6,60deg_naik,805.0,2574.0,80.0
2026-08-10T05:51,J6,60deg_naik,806.2,2574.0,80.0
2026-08-10T05:51,J6,60deg_naik,807.3,2573.875,80.0
2026-08-10T05:51,J6,60deg_naik,808.5,2574.125,80.0
2026-08-10T05:51,J6,60deg_naik,809.6,2574.0,80.0
2026-08-10T05:51,J6,60deg_naik,810.8,2573.875,80.0
2026-08-10T05:51,J6,60deg_naik,812.0,2574.125,80.0
2026-08-10T05:51,J6,60deg_naik,813.1,2574.25,80.0
2026-08-10T05:51,J6,60deg_naik,814.3,2574.125,80.0
2026-08-10T05:51,J6,60deg_naik,815.4,2574.0,80.0
2026-08-10T05:51,J6,60deg_naik,816.6,2574.0,80.0
2026-08-10T05:51,J6,60deg_naik,817.8,2574.125,80.0
2026-08-10T05:51,J6,60deg_naik,818.9,2574.25,80.0
2026-08-10T05:51,J6,60deg_naik,820.1,2574.375,80.0
2026-08-10T05:51,J6,60deg_naik,821.2,2574.125,80.0
2026-08-10T05:51,J6,60deg_naik,822.4,2574.125,80.0
2026-08-10T05:51,J6,60deg_naik,823.6,2573.875,80.0
2026-08-10T05:51,J6,60deg_naik,824.7,2574.125,80.0
2026-08-10T05:51,J6,60deg_naik,825.9,2574.0,80.0
2026-08-10T05:51,J6,60deg_naik,827.0,2574.125,80.0
2026-08-10T05:51,J6,60deg_naik,828.2,2574.25,80.0
2026-08-10T05:51,J6,60deg_naik,829.4,2574.25,80.0
2026-08-10T05:51,J6,60deg_naik,830.5,2574.125,80.0
2026-08-10T05:51,J6,60deg_naik,831.7,2574.0,80.0
2026-08-10T05:51,J6,60deg_naik,832.8,2574.25,80.0
2026-08-10T05:51,J6,60deg_naik,834.0,2574.125,80.0
2026-08-10T05:51,J6,60deg_naik,835.2,2574.25,80.0
2026-08-10T05:51,J6,60deg_naik,836.3,2574.125,80.0
2026-08-10T05:51,J6,60deg_naik,837.5,2574.125,80.0
2026-08-10T05:51,J6,60deg_naik,838.6,2574.125,80.0
2026-08-10T05:51,J6,60deg_naik,839.8,2574.125,80.0
2026-08-10T05:51,J6,60deg_naik,841.0,2574.25,80.0
2026-08-10T05:51,J6,60deg_naik,842.1,2574.375,80.0
2026-08-10T05:51,J6,60deg_naik,843.3,2574.125,80.0
2026-08-10T05:51,J6,60deg_naik,844.4,2574.0,80.0
2026-08-10T05:51,J6,60deg_naik,845.6,2574.0,80.0
2026-08-10T05:51,J6,60deg_naik,846.8,2573.875,80.0
2026-08-10T05:51,J6,60deg_naik,847.9,2574.0,80.0
2026-08-10T05:51,J6,60deg_naik,849.1,2574.125,80.0
2026-08-10T05:51,J6,60deg_naik,850.2,2574.25,80.0
2026-08-10T05:51,J6,60deg_naik,851.4,2574.25,80.0
2026-08-10T05:51,J6,60deg_naik,852.6,2574.125,80.0
2026-08-10T05:51,J6,60deg_naik,853.7,2574.0,80.0
2026-08-10T05:51,J6,60deg_naik,854.9,2574.125,80.0
2026-08-10T05:51,J6,60deg_naik,856.0,2574.125,80.0
2026-08-10T05:51,J6,60deg_naik,857.2,2574.375,80.0
2026-08-10T05:51,J6,60deg_naik,858.4,2574.375,80.0
2026-08-10T05:51,J6,60deg_naik,859.5,2574.375,80.0
2026-08-10T05:51,J6,60deg_naik,860.7,2574.0,80.0
2026-08-10T05:51,J6,60deg_naik,861.8,2574.125,80.0
2026-08-10T05:51,J6,60deg_naik,863.0,2574.25,80.0
2026-08-10T05:51,J6,60deg_naik,864.2,2574.5,80.0
2026-08-10T05:51,J6,60deg_naik,865.3,2574.125,80.0
2026-08-10T05:51,J6,60deg_naik,866.5,2574.125,80.0
2026-08-10T05:51,J6,60deg_naik,867.6,2574.125,80.0
2026-08-10T05:51,J6,60deg_naik,868.8,2574.125,80.0
2026-08-10T05:51,J6,60deg_naik,870.0,2574.0,80.0
2026-08-10T05:51,J6,60deg_naik,871.1,2574.125,80.0
2026-08-10T05:51,J6,60deg_naik,872.3,2574.125,80.0
2026-08-10T05:51,J6,60deg_naik,873.4,2574.25,80.0
2026-08-10T05:51,J6,60deg_naik,874.6,2574.25,80.0
2026-08-10T05:51,J6,60deg_naik,875.8,2574.0,80.0
2026-08-10T05:51,J6,60deg_naik,876.9,2574.125,80.0
2026-08-10T05:51,J6,60deg_naik,878.1,2574.0,80.0
2026-08-10T05:51,J6,60deg_naik,879.2,2574.375,80.0
2026-08-10T05:51,J6,60deg_naik,880.4,2574.125,80.0
2026-08-10T05:51,J6,60deg_naik,881.6,2574.375,80.0
2026-08-10T05:51,J6,60deg_naik,882.7,2574.125,80.0
2026-08-10T05:51,J6,60deg_naik,883.9,2574.125,80.0
2026-08-10T05:51,J6,60deg_naik,885.0,2574.375,80.0
2026-08-10T05:51,J6,60deg_naik,886.2,2574.125,80.0
2026-08-10T05:51,J6,60deg_naik,887.4,2574.0,80.0
2026-08-10T05:51,J6,60deg_naik,888.5,2573.875,80.0
2026-08-10T05:51,J6,60deg_naik,889.7,2573.875,80.0
2026-08-10T05:51,J6,60deg_naik,890.8,2574.25,80.0
2026-08-10T05:51,J6,60deg_naik,892.0,2574.25,80.0
2026-08-10T05:51,J6,60deg_naik,893.2,2574.25,80.0
2026-08-10T05:51,J6,60deg_naik,894.3,2574.125,80.0
2026-08-10T05:51,J6,60deg_naik,895.5,2574.125,80.0
2026-08-10T05:51,J6,60deg_naik,896.6,2573.875,80.0
2026-08-10T05:51,J6,60deg_naik,897.8,2574.125,80.0
2026-08-10T05:51,J6,60deg_naik,899.0,2574.0,80.0
2026-08-10T05:51,J6,60deg_naik,900.1,2574.0,80.0
2026-08-10T05:51,J6,60deg_naik,901.3,2574.375,80.0
2026-08-10T05:51,J6,60deg_naik,902.4,2574.125,80.0
2026-08-10T05:51,J6,60deg_naik,903.6,2574.0,80.0
2026-08-10T05:51,J6,60deg_naik,904.8,2574.0,80.0
2026-08-10T05:51,J6,60deg_naik,905.9,2574.125,80.0
2026-08-10T05:51,J6,60deg_naik,907.1,2574.25,80.0
2026-08-10T05:51,J6,60deg_naik,908.2,2574.0,80.0
2026-08-10T05:51,J6,60deg_naik,909.4,2574.125,80.0
2026-08-10T05:51,J6,60deg_naik,910.6,2574.0,80.0
2026-08-10T05:51,J6,60deg_naik,911.7,2574.125,80.0
2026-08-10T05:51,J6,60deg_naik,912.9,2574.125,80.0
2026-08-10T05:51,J6,60deg_naik,914.0,2574.25,80.0
2026-08-10T05:51,J6,60deg_naik,915.2,2574.25,80.0
2026-08-10T05:51,J6,60deg_naik,916.4,2574.25,80.0
2026-08-10T05:51,J6,60deg_naik,917.5,2574.125,80.0
2026-08-10T05:51,J6,60deg_naik,918.7,2574.0,80.0
2026-08-10T05:51,J6,60deg_naik,919.8,2574.0,80.0
2026-08-10T05:51,J6,60deg_naik,921.0,2574.25,80.0
2026-08-10T05:51,J6,60deg_naik,922.2,2574.25,80.0
2026-08-10T05:51,J6,60deg_naik,923.3,2574.125,80.0
2026-08-10T05:51,J6,60deg_naik,924.5,2574.375,80.0
2026-08-10T05:51,J6,60deg_naik,925.6,2574.25,80.0
2026-08-10T05:51,J6,60deg_naik,926.8,2574.125,80.0
2026-08-10T05:51,J6,60deg_naik,928.0,2574.0,80.0
2026-08-10T05:51,J6,60deg_naik,929.1,2574.125,80.0
2026-08-10T05:51,J6,60deg_naik,930.3,2574.25,80.0
2026-08-10T05:51,J6,60deg_naik,931.4,2574.25,80.0
2026-08-10T05:51,J6,60deg_naik,932.6,2574.125,80.0
2026-08-10T05:51,J6,60deg_naik,933.8,2573.875,80.0
2026-08-10T05:51,J6,60deg_naik,934.9,2574.0,80.0
2026-08-10T05:51,J6,60deg_naik,936.1,2574.25,80.0
2026-08-10T05:51,J6,60deg_naik,937.2,2574.25,80.0
2026-08-10T05:51,J6,60deg_naik,938.4,2574.25,80.0
2026-08-10T05:51,J6,60deg_naik,939.6,2574.25,80.0
2026-08-10T05:51,J6,60deg_naik,940.7,2573.625,80.0
2026-08-10T05:51,J6,60deg_naik,941.9,2573.875,80.0
2026-08-10T05:51,J6,60deg_naik,943.0,2573.75,80.0
2026-08-10T05:51,J6,60deg_naik,944.2,2573.875,80.0
2026-08-10T05:51,J6,60deg_naik,945.4,2574.0,80.0
2026-08-10T05:51,J6,60deg_naik,946.5,2574.125,80.0
2026-08-10T05:51,J6,60deg_naik,947.7,2574.125,80.0
2026-08-10T05:51,J6,60deg_naik,948.8,2574.0,80.0
2026-08-10T05:51,J6,60deg_naik,950.0,2574.125,80.0
2026-08-10T05:51,J6,60deg_naik,951.2,2574.125,80.0
2026-08-10T05:51,J6,60deg_naik,952.3,2574.0,80.0
2026-08-10T05:51,J6,60deg_naik,953.5,2573.875,80.0
2026-08-10T05:51,J6,60deg_naik,954.6,2574.125,80.0
2026-08-10T05:51,J6,60deg_naik,955.8,2574.125,80.0
2026-08-10T05:51,J6,60deg_naik,957.0,2574.0,80.0
2026-08-10T05:51,J6,60deg_naik,958.1,2574.0,80.0
2026-08-10T05:51,J6,60deg_naik,959.3,2574.0,80.0
2026-08-10T05:51,J6,60deg_naik,960.4,2574.125,80.0
2026-08-10T05:51,J6,60deg_naik,961.6,2574.0,80.0
2026-08-10T05:51,J6,60deg_naik,962.8,2574.0,80.0
2026-08-10T05:51,J6,60deg_naik,963.9,2574.0,80.0
2026-08-10T05:51,J6,60deg_naik,965.1,2574.25,80.0
2026-08-10T05:51,J6,60deg_naik,966.2,2574.125,80.0
2026-08-10T05:51,J6,60deg_naik,967.4,2574.0,80.0
2026-08-10T05:51,J6,60deg_naik,968.6,2574.0,80.0
2026-08-10T05:51,J6,60deg_naik,969.7,2574.125,80.0
2026-08-10T05:51,J6,60deg_naik,970.9,2574.25,80.0
2026-08-10T05:51,J6,60deg_naik,972.0,2574.125,80.0
2026-08-10T05:51,J6,60deg_naik,973.2,2574.125,80.0
2026-08-10T05:51,J6,60deg_naik,974.4,2574.25,80.0
2026-08-10T05:51,J6,60deg_naik,975.5,2574.375,80.0
2026-08-10T05:51,J6,60deg_naik,976.7,2574.25,80.0
2026-08-10T05:51,J6,60deg_naik,977.8,2574.125,80.0
2026-08-10T05:51,J6,60deg_naik,979.0,2574.125,80.0
2026-08-10T05:51,J6,60deg_turun,0.0,1666.75,80.0
2026-08-10T05:51,J6,60deg_turun,1.1,1666.875,80.0
2026-08-10T05:51,J6,60deg_turun,2.3,1666.75,80.0
2026-08-10T05:51,J6,60deg_turun,3.4,1666.75,80.0
2026-08-10T05:51,J6,60deg_turun,4.6,1666.75,80.0
2026-08-10T05:51,J6,60deg_turun,5.8,1666.75,80.0
2026-08-10T05:51,J6,60deg_turun,6.9,1666.75,80.0
2026-08-10T05:51,J6,60deg_turun,8.1,1666.625,80.0
2026-08-10T05:51,J6,60deg_turun,9.2,1666.75,80.0
2026-08-10T05:51,J6,60deg_turun,10.4,1666.75,80.0
2026-08-10T05:51,J6,60deg_turun,11.6,1666.75,80.0
2026-08-10T05:51,J6,60deg_turun,12.7,1666.875,80.0
2026-08-10T05:51,J6,60deg_turun,13.9,1666.625,80.0
2026-08-10T05:51,J6,60deg_turun,15.0,1666.75,80.0
2026-08-10T05:51,J6,60deg_turun,16.2,1666.75,80.0
2026-08-10T05:51,J6,60deg_turun,17.4,1666.75,80.0
2026-08-10T05:51,J6,60deg_turun,18.5,1666.5,80.0
2026-08-10T05:51,J6,60deg_turun,19.7,1666.5,80.0
2026-08-10T05:51,J6,60deg_turun,20.8,1666.625,80.0
2026-08-10T05:51,J6,60deg_turun,22.0,1666.75,80.0
2026-08-10T05:51,J6,60deg_turun,23.2,1666.75,80.0
2026-08-10T05:51,J6,60deg_turun,24.3,1666.75,80.0
2026-08-10T05:51,J6,60deg_turun,25.5,1666.625,80.0
2026-08-10T05:51,J6,60deg_turun,26.6,1666.625,80.0
2026-08-10T05:51,J6,60deg_turun,27.8,1666.75,80.0
2026-08-10T05:51,J6,60deg_turun,29.0,1666.625,80.0
2026-08-10T05:51,J6,60deg_turun,30.1,1666.75,80.0
2026-08-10T05:51,J6,60deg_turun,31.3,1666.75,80.0
2026-08-10T05:51,J6,60deg_turun,32.4,1666.75,80.0
2026-08-10T05:51,J6,60deg_turun,33.6,1666.625,80.0
2026-08-10T05:51,J6,60deg_turun,34.8,1666.5,80.0
2026-08-10T05:51,J6,60deg_turun,35.9,1666.625,80.0
2026-08-10T05:51,J6,60deg_turun,37.1,1666.75,80.0
2026-08-10T05:51,J6,60deg_turun,38.2,1666.875,80.0
2026-08-10T05:51,J6,60deg_turun,39.4,1666.75,80.0
2026-08-10T05:51,J6,60deg_turun,40.6,1666.625,80.0
2026-08-10T05:51,J6,60deg_turun,41.7,1666.75,80.0
2026-08-10T05:51,J6,60deg_turun,42.9,1666.875,80.0
2026-08-10T05:51,J6,60deg_turun,44.0,1666.625,80.0
2026-08-10T05:51,J6,60deg_turun,45.2,1666.875,80.0
2026-08-10T05:51,J6,60deg_turun,46.4,1666.625,80.0
2026-08-10T05:51,J6,60deg_turun,47.5,1666.625,80.0
2026-08-10T05:51,J6,60deg_turun,48.7,1666.75,80.0
2026-08-10T05:51,J6,60deg_turun,49.8,1666.75,80.0
2026-08-10T05:51,J6,60deg_turun,51.0,1666.75,80.0
2026-08-10T05:51,J6,60deg_turun,52.2,1666.875,80.0
2026-08-10T05:51,J6,60deg_turun,53.3,1666.75,80.0
2026-08-10T05:51,J6,60deg_turun,54.5,1666.625,80.0
2026-08-10T05:51,J6,60deg_turun,55.6,1666.75,80.0
2026-08-10T05:51,J6,60deg_turun,56.8,1666.75,80.0
2026-08-10T05:51,J6,60deg_turun,58.0,1666.75,80.0
2026-08-10T05:51,J6,60deg_turun,59.1,1666.625,80.0
2026-08-10T05:51,J6,60deg_turun,60.3,1666.875,80.0
2026-08-10T05:51,J6,60deg_turun,61.4,1666.75,80.0
2026-08-10T05:51,J6,60deg_turun,62.6,1666.625,80.0
2026-08-10T05:51,J6,60deg_turun,63.8,1666.75,80.0
2026-08-10T05:51,J6,60deg_turun,64.9,1666.75,80.0
2026-08-10T05:51,J6,60deg_turun,66.1,1666.875,80.0
2026-08-10T05:51,J6,60deg_turun,67.2,1666.75,80.0
2026-08-10T05:51,J6,60deg_turun,68.4,1666.75,80.0
2026-08-10T05:51,J6,60deg_turun,69.6,1666.625,80.0
2026-08-10T05:51,J6,60deg_turun,70.7,1666.75,80.0
2026-08-10T05:51,J6,60deg_turun,71.9,1666.75,80.0
2026-08-10T05:51,J6,60deg_turun,73.0,1666.875,80.0
2026-08-10T05:51,J6,60deg_turun,74.2,1666.875,80.0
2026-08-10T05:51,J6,60deg_turun,75.4,1666.875,80.0
2026-08-10T05:51,J6,60deg_turun,76.5,1666.625,80.0
2026-08-10T05:51,J6,60deg_turun,77.7,1666.625,80.0
2026-08-10T05:51,J6,60deg_turun,78.8,1666.625,80.0
2026-08-10T05:51,J6,60deg_turun,80.0,1666.875,80.0
2026-08-10T05:51,J6,60deg_turun,81.2,1666.75,80.0
2026-08-10T05:51,J6,60deg_turun,82.3,1666.625,80.0
2026-08-10T05:51,J6,60deg_turun,83.5,1666.625,80.0
2026-08-10T05:51,J6,60deg_turun,84.6,1666.625,80.0
2026-08-10T05:51,J6,60deg_turun,85.8,1666.5,80.0
2026-08-10T05:51,J6,60deg_turun,87.0,1666.875,80.0
2026-08-10T05:51,J6,60deg_turun,88.1,1666.625,80.0
2026-08-10T05:51,J6,60deg_turun,89.3,1699.25,80.0
2026-08-10T05:51,J6,60deg_turun,90.4,1846.25,80.0
2026-08-10T05:51,J6,60deg_turun,91.6,1887.125,80.0
2026-08-10T05:51,J6,60deg_turun,92.8,1888.375,80.0
2026-08-10T05:51,J6,60deg_turun,93.9,1864.5,80.0
2026-08-10T05:51,J6,60deg_turun,95.1,1849.125,80.0
2026-08-10T05:51,J6,60deg_turun,96.2,1865.625,80.0
2026-08-10T05:51,J6,60deg_turun,97.4,1865.625,80.0
2026-08-10T05:51,J6,60deg_turun,98.6,1864.375,80.0
2026-08-10T05:51,J6,60deg_turun,99.7,1833.375,80.0
2026-08-10T05:51,J6,60deg_turun,100.9,1834.875,80.0
2026-08-10T05:51,J6,60deg_turun,102.0,1844.5,80.0
2026-08-10T05:51,J6,60deg_turun,103.2,1801.5,80.0
2026-08-10T05:51,J6,60deg_turun,104.4,1824.375,80.0
2026-08-10T05:51,J6,60deg_turun,105.5,1793.25,80.0
2026-08-10T05:51,J6,60deg_turun,106.7,1813.125,80.0
2026-08-10T05:51,J6,60deg_turun,107.8,1781.0,80.0
2026-08-10T05:51,J6,60deg_turun,109.0,1787.625,80.0
2026-08-10T05:51,J6,60deg_turun,110.2,1785.0,80.0
2026-08-10T05:51,J6,60deg_turun,111.3,1774.625,80.0
2026-08-10T05:51,J6,60deg_turun,112.5,1768.125,80.0
2026-08-10T05:51,J6,60deg_turun,113.6,1766.125,80.0
2026-08-10T05:51,J6,60deg_turun,114.8,1752.5,80.0
2026-08-10T05:51,J6,60deg_turun,116.0,1751.75,80.0
2026-08-10T05:51,J6,60deg_turun,117.1,1748.375,80.0
2026-08-10T05:51,J6,60deg_turun,118.3,1743.125,80.0
2026-08-10T05:51,J6,60deg_turun,119.4,1736.0,80.0
2026-08-10T05:51,J6,60deg_turun,120.6,1736.0,80.0
2026-08-10T05:51,J6,60deg_turun,121.8,1728.5,80.0
2026-08-10T05:51,J6,60deg_turun,122.9,1718.375,80.0
2026-08-10T05:51,J6,60deg_turun,124.1,1718.375,80.0
2026-08-10T05:51,J6,60deg_turun,125.2,1713.0,80.0
2026-08-10T05:51,J6,60deg_turun,126.4,1708.375,80.0
2026-08-10T05:51,J6,60deg_turun,127.6,1701.5,80.0
2026-08-10T05:51,J6,60deg_turun,128.7,1700.25,80.0
2026-08-10T05:51,J6,60deg_turun,129.9,1690.5,80.0
2026-08-10T05:51,J6,60deg_turun,131.0,1688.125,80.0
2026-08-10T05:51,J6,60deg_turun,132.2,1681.75,80.0
2026-08-10T05:51,J6,60deg_turun,133.4,1677.375,80.0
2026-08-10T05:51,J6,60deg_turun,134.5,1672.125,80.0
2026-08-10T05:51,J6,60deg_turun,135.7,1665.375,80.0
2026-08-10T05:51,J6,60deg_turun,136.8,1655.875,80.0
2026-08-10T05:51,J6,60deg_turun,138.0,1655.0,80.0
2026-08-10T05:51,J6,60deg_turun,139.2,1650.0,80.0
2026-08-10T05:51,J6,60deg_turun,140.3,1643.125,80.0
2026-08-10T05:51,J6,60deg_turun,141.5,1643.25,80.0
2026-08-10T05:51,J6,60deg_turun,142.6,1634.375,80.0
2026-08-10T05:51,J6,60deg_turun,143.8,1634.375,80.0
2026-08-10T05:51,J6,60deg_turun,145.0,1631.625,80.0
2026-08-10T05:51,J6,60deg_turun,146.1,1627.25,80.0
2026-08-10T05:51,J6,60deg_turun,147.3,1625.125,80.0
2026-08-10T05:51,J6,60deg_turun,148.4,1619.125,80.0
2026-08-10T05:51,J6,60deg_turun,149.6,1611.125,80.0
2026-08-10T05:51,J6,60deg_turun,150.8,1610.125,80.0
2026-08-10T05:51,J6,60deg_turun,151.9,1604.125,80.0
2026-08-10T05:51,J6,60deg_turun,153.1,1598.5,80.0
2026-08-10T05:51,J6,60deg_turun,154.2,1596.25,80.0
2026-08-10T05:51,J6,60deg_turun,155.4,1592.25,80.0
2026-08-10T05:51,J6,60deg_turun,156.6,1589.375,80.0
2026-08-10T05:51,J6,60deg_turun,157.7,1581.5,80.0
2026-08-10T05:51,J6,60deg_turun,158.9,1575.5,80.0
2026-08-10T05:51,J6,60deg_turun,160.0,1572.0,80.0
2026-08-10T05:51,J6,60deg_turun,161.2,1559.875,80.0
2026-08-10T05:51,J6,60deg_turun,162.4,1555.375,80.0
2026-08-10T05:51,J6,60deg_turun,163.5,1553.375,80.0
2026-08-10T05:51,J6,60deg_turun,164.7,1546.5,80.0
2026-08-10T05:51,J6,60deg_turun,165.8,1541.25,80.0
2026-08-10T05:51,J6,60deg_turun,167.0,1541.25,80.0
2026-08-10T05:51,J6,60deg_turun,168.2,1540.125,80.0
2026-08-10T05:51,J6,60deg_turun,169.3,1534.375,80.0
2026-08-10T05:51,J6,60deg_turun,170.5,1530.625,80.0
2026-08-10T05:51,J6,60deg_turun,171.6,1528.875,80.0
2026-08-10T05:51,J6,60deg_turun,172.8,1521.25,80.0
2026-08-10T05:51,J6,60deg_turun,174.0,1517.125,80.0
2026-08-10T05:51,J6,60deg_turun,175.1,1512.625,80.0
2026-08-10T05:51,J6,60deg_turun,176.3,1510.125,80.0
2026-08-10T05:51,J6,60deg_turun,177.4,1505.5,80.0
2026-08-10T05:51,J6,60deg_turun,178.6,1496.25,80.0
2026-08-10T05:51,J6,60deg_turun,179.8,1493.0,80.0
2026-08-10T05:51,J6,60deg_turun,180.9,1485.0,80.0
2026-08-10T05:51,J6,60deg_turun,182.1,1480.875,80.0
2026-08-10T05:51,J6,60deg_turun,183.2,1476.125,80.0
2026-08-10T05:51,J6,60deg_turun,184.4,1467.625,80.0
2026-08-10T05:51,J6,60deg_turun,185.6,1466.75,80.0
2026-08-10T05:51,J6,60deg_turun,186.7,1461.25,80.0
2026-08-10T05:51,J6,60deg_turun,187.9,1458.375,80.0
2026-08-10T05:51,J6,60deg_turun,189.0,1444.375,80.0
2026-08-10T05:51,J6,60deg_turun,190.2,1444.375,80.0
2026-08-10T05:51,J6,60deg_turun,191.4,1440.625,80.0
2026-08-10T05:51,J6,60deg_turun,192.5,1436.0,80.0
2026-08-10T05:51,J6,60deg_turun,193.7,1434.5,80.0
2026-08-10T05:51,J6,60deg_turun,194.8,1429.25,80.0
2026-08-10T05:51,J6,60deg_turun,196.0,1427.125,80.0
2026-08-10T05:51,J6,60deg_turun,197.2,1423.5,80.0
2026-08-10T05:51,J6,60deg_turun,198.3,1418.875,80.0
2026-08-10T05:51,J6,60deg_turun,199.5,1414.625,80.0
2026-08-10T05:51,J6,60deg_turun,200.6,1411.0,80.0
2026-08-10T05:51,J6,60deg_turun,201.8,1403.125,80.0
2026-08-10T05:51,J6,60deg_turun,203.0,1400.625,80.0
2026-08-10T05:51,J6,60deg_turun,204.1,1396.875,80.0
2026-08-10T05:51,J6,60deg_turun,205.3,1391.5,80.0
2026-08-10T05:51,J6,60deg_turun,206.4,1383.5,80.0
2026-08-10T05:51,J6,60deg_turun,207.6,1378.875,80.0
2026-08-10T05:51,J6,60deg_turun,208.8,1372.125,80.0
2026-08-10T05:51,J6,60deg_turun,209.9,1369.375,80.0
2026-08-10T05:51,J6,60deg_turun,211.1,1362.625,80.0
2026-08-10T05:51,J6,60deg_turun,212.2,1357.875,80.0
2026-08-10T05:51,J6,60deg_turun,213.4,1348.75,80.0
2026-08-10T05:51,J6,60deg_turun,214.6,1348.75,80.0
2026-08-10T05:51,J6,60deg_turun,215.7,1343.375,80.0
2026-08-10T05:51,J6,60deg_turun,216.9,1336.75,80.0
2026-08-10T05:51,J6,60deg_turun,218.0,1336.0,80.0
2026-08-10T05:51,J6,60deg_turun,219.2,1332.625,80.0
2026-08-10T05:51,J6,60deg_turun,220.4,1327.375,80.0
2026-08-10T05:51,J6,60deg_turun,221.5,1321.375,80.0
2026-08-10T05:51,J6,60deg_turun,222.7,1313.625,80.0
2026-08-10T05:51,J6,60deg_turun,223.8,1308.375,80.0
2026-08-10T05:51,J6,60deg_turun,225.0,1303.625,80.0
2026-08-10T05:51,J6,60deg_turun,226.2,1297.875,80.0
2026-08-10T05:51,J6,60deg_turun,227.3,1294.375,80.0
2026-08-10T05:51,J6,60deg_turun,228.5,1290.625,80.0
2026-08-10T05:51,J6,60deg_turun,229.6,1287.625,80.0
2026-08-10T05:51,J6,60deg_turun,230.8,1281.75,80.0
2026-08-10T05:51,J6,60deg_turun,232.0,1279.125,80.0
2026-08-10T05:51,J6,60deg_turun,233.1,1273.375,80.0
2026-08-10T05:51,J6,60deg_turun,234.3,1269.875,80.0
2026-08-10T05:51,J6,60deg_turun,235.4,1264.75,80.0
2026-08-10T05:51,J6,60deg_turun,236.6,1258.375,80.0
2026-08-10T05:51,J6,60deg_turun,237.8,1258.375,80.0
2026-08-10T05:51,J6,60deg_turun,238.9,1253.125,80.0
2026-08-10T05:51,J6,60deg_turun,240.1,1246.5,80.0
2026-08-10T05:51,J6,60deg_turun,241.2,1243.75,80.0
2026-08-10T05:51,J6,60deg_turun,242.4,1238.0,80.0
2026-08-10T05:51,J6,60deg_turun,243.6,1233.25,80.0
2026-08-10T05:51,J6,60deg_turun,244.7,1229.0,80.0
2026-08-10T05:51,J6,60deg_turun,245.9,1222.875,80.0
2026-08-10T05:51,J6,60deg_turun,247.0,1217.25,80.0
2026-08-10T05:51,J6,60deg_turun,248.2,1212.75,80.0
2026-08-10T05:51,J6,60deg_turun,249.4,1208.0,80.0
2026-08-10T05:51,J6,60deg_turun,250.5,1204.625,80.0
2026-08-10T05:51,J6,60deg_turun,251.7,1197.5,80.0
2026-08-10T05:51,J6,60deg_turun,252.8,1192.75,80.0
2026-08-10T05:51,J6,60deg_turun,254.0,1187.125,80.0
2026-08-10T05:51,J6,60deg_turun,255.2,1182.875,80.0
2026-08-10T05:51,J6,60deg_turun,256.3,1182.0,80.0
2026-08-10T05:51,J6,60deg_turun,257.5,1176.25,80.0
2026-08-10T05:51,J6,60deg_turun,258.6,1171.25,80.0
2026-08-10T05:51,J6,60deg_turun,259.8,1164.625,80.0
2026-08-10T05:51,J6,60deg_turun,261.0,1164.625,80.0
2026-08-10T05:51,J6,60deg_turun,262.1,1161.0,80.0
2026-08-10T05:51,J6,60deg_turun,263.3,1156.375,80.0
2026-08-10T05:51,J6,60deg_turun,264.4,1150.625,80.0
2026-08-10T05:51,J6,60deg_turun,265.6,1142.75,80.0
2026-08-10T05:51,J6,60deg_turun,266.8,1137.5,80.0
2026-08-10T05:51,J6,60deg_turun,267.9,1131.25,80.0
2026-08-10T05:51,J6,60deg_turun,269.1,1129.0,80.0
2026-08-10T05:51,J6,60deg_turun,270.2,1125.875,80.0
2026-08-10T05:51,J6,60deg_turun,271.4,1116.625,80.0
2026-08-10T05:51,J6,60deg_turun,272.6,1110.75,80.0
2026-08-10T05:51,J6,60deg_turun,273.7,1107.625,80.0
2026-08-10T05:51,J6,60deg_turun,274.9,1101.75,80.0
2026-08-10T05:51,J6,60deg_turun,276.0,1097.625,80.0
2026-08-10T05:51,J6,60deg_turun,277.2,1095.375,80.0
2026-08-10T05:51,J6,60deg_turun,278.4,1090.75,80.0
2026-08-10T05:51,J6,60deg_turun,279.5,1084.625,80.0
2026-08-10T05:51,J6,60deg_turun,280.7,1075.875,80.0
2026-08-10T05:51,J6,60deg_turun,281.8,1071.5,80.0
2026-08-10T05:51,J6,60deg_turun,283.0,1070.25,80.0
2026-08-10T05:51,J6,60deg_turun,284.2,1070.25,80.0
2026-08-10T05:51,J6,60deg_turun,285.3,1065.75,80.0
2026-08-10T05:51,J6,60deg_turun,286.5,1060.25,80.0
2026-08-10T05:51,J6,60deg_turun,287.6,1052.125,80.0
2026-08-10T05:51,J6,60deg_turun,288.8,1044.875,80.0
2026-08-10T05:51,J6,60deg_turun,290.0,1039.625,80.0
2026-08-10T05:51,J6,60deg_turun,291.1,1036.375,80.0
2026-08-10T05:51,J6,60deg_turun,292.3,1032.125,80.0
2026-08-10T05:51,J6,60deg_turun,293.4,1028.0,80.0
2026-08-10T05:51,J6,60deg_turun,294.6,1022.75,80.0
2026-08-10T05:51,J6,60deg_turun,295.8,1013.875,80.0
2026-08-10T05:51,J6,60deg_turun,296.9,1008.375,80.0
2026-08-10T05:51,J6,60deg_turun,298.1,1001.75,80.0
2026-08-10T05:51,J6,60deg_turun,299.2,986.875,80.0
2026-08-10T05:51,J6,60deg_turun,300.4,976.5,80.0
2026-08-10T05:51,J6,60deg_turun,301.6,968.625,80.0
2026-08-10T05:51,J6,60deg_turun,302.7,965.75,80.0
2026-08-10T05:51,J6,60deg_turun,303.9,962.75,80.0
2026-08-10T05:51,J6,60deg_turun,305.0,959.125,80.0
2026-08-10T05:51,J6,60deg_turun,306.2,952.5,80.0
2026-08-10T05:51,J6,60deg_turun,307.4,952.5,80.0
2026-08-10T05:51,J6,60deg_turun,308.5,945.875,80.0
2026-08-10T05:51,J6,60deg_turun,309.7,941.625,80.0
2026-08-10T05:51,J6,60deg_turun,310.8,938.5,80.0
2026-08-10T05:51,J6,60deg_turun,312.0,932.375,80.0
2026-08-10T05:51,J6,60deg_turun,313.2,927.125,80.0
2026-08-10T05:51,J6,60deg_turun,314.3,921.0,80.0
2026-08-10T05:51,J6,60deg_turun,315.5,915.75,80.0
2026-08-10T05:51,J6,60deg_turun,316.6,912.125,80.0
2026-08-10T05:51,J6,60deg_turun,317.8,908.125,80.0
2026-08-10T05:51,J6,60deg_turun,319.0,903.375,80.0
2026-08-10T05:51,J6,60deg_turun,320.1,899.125,80.0
2026-08-10T05:51,J6,60deg_turun,321.3,899.125,80.0
2026-08-10T05:51,J6,60deg_turun,322.4,866.25,80.0
2026-08-10T05:51,J6,60deg_turun,323.6,884.5,80.0
2026-08-10T05:51,J6,60deg_turun,324.8,898.625,80.0
2026-08-10T05:51,J6,60deg_turun,325.9,914.125,80.0
2026-08-10T05:51,J6,60deg_turun,327.1,919.375,80.0
2026-08-10T05:51,J6,60deg_turun,328.2,929.125,80.0
2026-08-10T05:51,J6,60deg_turun,329.4,936.75,80.0
2026-08-10T05:51,J6,60deg_turun,330.6,936.75,80.0
2026-08-10T05:51,J6,60deg_turun,331.7,1000.125,80.0
2026-08-10T05:51,J6,60deg_turun,332.9,985.0,80.0
2026-08-10T05:51,J6,60deg_turun,334.0,971.5,80.0
2026-08-10T05:51,J6,60deg_turun,335.2,980.0,80.0
2026-08-10T05:51,J6,60deg_turun,336.4,962.25,80.0
2026-08-10T05:51,J6,60deg_turun,337.5,890.875,80.0
2026-08-10T05:51,J6,60deg_turun,338.7,867.75,80.0
2026-08-10T05:51,J6,60deg_turun,339.8,855.5,80.0
2026-08-10T05:51,J6,60deg_turun,341.0,837.5,80.0
2026-08-10T05:51,J6,60deg_turun,342.2,836.0,80.0
2026-08-10T05:51,J6,60deg_turun,343.3,834.875,80.0
2026-08-10T05:51,J6,60deg_turun,344.5,836.75,80.0
2026-08-10T05:51,J6,60deg_turun,345.6,836.875,80.0
2026-08-10T05:51,J6,60deg_turun,346.8,838.125,80.0
2026-08-10T05:51,J6,60deg_turun,348.0,825.75,80.0
2026-08-10T05:51,J6,60deg_turun,349.1,819.125,80.0
2026-08-10T05:51,J6,60deg_turun,350.3,816.75,80.0
2026-08-10T05:51,J6,60deg_turun,351.4,817.5,80.0
2026-08-10T05:51,J6,60deg_turun,352.6,819.125,80.0
2026-08-10T05:51,J6,60deg_turun,353.8,819.125,80.0
2026-08-10T05:51,J6,60deg_turun,354.9,820.75,80.0
2026-08-10T05:51,J6,60deg_turun,356.1,808.125,80.0
2026-08-10T05:51,J6,60deg_turun,357.2,807.125,80.0
2026-08-10T05:51,J6,60deg_turun,358.4,803.875,80.0
2026-08-10T05:51,J6,60deg_turun,359.6,801.875,80.0
2026-08-10T05:51,J6,60deg_turun,360.7,799.875,80.0
2026-08-10T05:51,J6,60deg_turun,361.9,799.375,80.0
2026-08-10T05:51,J6,60deg_turun,363.0,799.125,80.0
2026-08-10T05:51,J6,60deg_turun,364.2,815.75,80.0
2026-08-10T05:51,J6,60deg_turun,365.4,821.375,80.0
2026-08-10T05:51,J6,60deg_turun,366.5,830.625,80.0
2026-08-10T05:51,J6,60deg_turun,367.7,827.125,80.0
2026-08-10T05:51,J6,60deg_turun,368.8,838.0,80.0
2026-08-10T05:51,J6,60deg_turun,370.0,825.75,80.0
2026-08-10T05:51,J6,60deg_turun,371.2,835.0,80.0
2026-08-10T05:51,J6,60deg_turun,372.3,835.5,80.0
2026-08-10T05:51,J6,60deg_turun,373.5,815.125,80.0
2026-08-10T05:51,J6,60deg_turun,374.6,805.75,80.0
2026-08-10T05:51,J6,60deg_turun,375.8,785.875,80.0
2026-08-10T05:51,J6,60deg_turun,377.0,783.0,80.0
2026-08-10T05:51,J6,60deg_turun,378.1,783.0,80.0
2026-08-10T05:51,J6,60deg_turun,379.3,783.625,80.0
2026-08-10T05:51,J6,60deg_turun,380.4,777.75,80.0
2026-08-10T05:51,J6,60deg_turun,381.6,780.125,80.0
2026-08-10T05:51,J6,60deg_turun,382.8,783.25,80.0
2026-08-10T05:51,J6,60deg_turun,383.9,783.5,80.0
2026-08-10T05:51,J6,60deg_turun,385.1,782.875,80.0
2026-08-10T05:51,J6,60deg_turun,386.2,781.75,80.0
2026-08-10T05:51,J6,60deg_turun,387.4,780.5,80.0
2026-08-10T05:51,J6,60deg_turun,388.6,779.375,80.0
2026-08-10T05:51,J6,60deg_turun,389.7,775.5,80.0
2026-08-10T05:51,J6,60deg_turun,390.9,775.25,80.0
2026-08-10T05:51,J6,60deg_turun,392.0,774.375,80.0
2026-08-10T05:51,J6,60deg_turun,393.2,773.625,80.0
2026-08-10T05:51,J6,60deg_turun,394.4,773.0,80.0
2026-08-10T05:51,J6,60deg_turun,395.5,771.75,80.0
2026-08-10T05:51,J6,60deg_turun,396.7,770.875,80.0
2026-08-10T05:51,J6,60deg_turun,397.8,770.0,80.0
2026-08-10T05:51,J6,60deg_turun,399.0,769.875,80.0
2026-08-10T05:51,J6,60deg_turun,400.2,769.0,80.0
2026-08-10T05:51,J6,60deg_turun,401.3,769.0,80.0
2026-08-10T05:51,J6,60deg_turun,402.5,768.75,80.0
2026-08-10T05:51,J6,60deg_turun,403.6,768.25,80.0
2026-08-10T05:51,J6,60deg_turun,404.8,768.375,80.0
2026-08-10T05:51,J6,60deg_turun,406.0,768.125,80.0
2026-08-10T05:51,J6,60deg_turun,407.1,767.75,80.0
2026-08-10T05:51,J6,60deg_turun,408.3,766.875,80.0
2026-08-10T05:51,J6,60deg_turun,409.4,765.75,80.0
2026-08-10T05:51,J6,60deg_turun,410.6,765.125,80.0
2026-08-10T05:51,J6,60deg_turun,411.8,764.75,80.0
2026-08-10T05:51,J6,60deg_turun,412.9,759.75,80.0
2026-08-10T05:51,J6,60deg_turun,414.1,757.875,80.0
2026-08-10T05:51,J6,60deg_turun,415.2,757.5,80.0
2026-08-10T05:51,J6,60deg_turun,416.4,757.375,80.0
2026-08-10T05:51,J6,60deg_turun,417.6,757.125,80.0
2026-08-10T05:51,J6,60deg_turun,418.7,756.75,80.0
2026-08-10T05:51,J6,60deg_turun,419.9,756.375,80.0
2026-08-10T05:51,J6,60deg_turun,421.0,756.0,80.0
2026-08-10T05:51,J6,60deg_turun,422.2,755.5,80.0
2026-08-10T05:51,J6,60deg_turun,423.4,755.25,80.0
2026-08-10T05:51,J6,60deg_turun,424.5,755.25,80.0
2026-08-10T05:51,J6,60deg_turun,425.7,754.875,80.0
2026-08-10T05:51,J6,60deg_turun,426.8,754.375,80.0
2026-08-10T05:51,J6,60deg_turun,428.0,754.125,80.0
2026-08-10T05:51,J6,60deg_turun,429.2,754.125,80.0
2026-08-10T05:51,J6,60deg_turun,430.3,753.75,80.0
2026-08-10T05:51,J6,60deg_turun,431.5,753.5,80.0
2026-08-10T05:51,J6,60deg_turun,432.6,753.375,80.0
2026-08-10T05:51,J6,60deg_turun,433.8,753.25,80.0
2026-08-10T05:51,J6,60deg_turun,435.0,752.875,80.0
2026-08-10T05:51,J6,60deg_turun,436.1,752.75,80.0
2026-08-10T05:51,J6,60deg_turun,437.3,752.75,80.0
2026-08-10T05:51,J6,60deg_turun,438.4,752.5,80.0
2026-08-10T05:51,J6,60deg_turun,439.6,752.5,80.0
2026-08-10T05:51,J6,60deg_turun,440.8,752.5,80.0
2026-08-10T05:51,J6,60deg_turun,441.9,752.5,80.0
2026-08-10T05:51,J6,60deg_turun,443.1,752.5,80.0
2026-08-10T05:51,J6,60deg_turun,444.2,752.375,80.0
2026-08-10T05:51,J6,60deg_turun,445.4,752.125,80.0
2026-08-10T05:51,J6,60deg_turun,446.6,752.25,80.0
2026-08-10T05:51,J6,60deg_turun,447.7,752.25,80.0
2026-08-10T05:51,J6,60deg_turun,448.9,752.125,80.0
2026-08-10T05:51,J6,60deg_turun,450.0,752.125,80.0
2026-08-10T05:51,J6,60deg_turun,451.2,752.125,80.0
2026-08-10T05:51,J6,60deg_turun,452.4,752.125,80.0
2026-08-10T05:51,J6,60deg_turun,453.5,752.0,80.0
2026-08-10T05:51,J6,60deg_turun,454.7,752.0,80.0
2026-08-10T05:51,J6,60deg_turun,455.8,752.25,80.0
2026-08-10T05:51,J6,60deg_turun,457.0,752.0,80.0
2026-08-10T05:51,J6,60deg_turun,458.2,752.0,80.0
2026-08-10T05:51,J6,60deg_turun,459.3,751.875,80.0
2026-08-10T05:51,J6,60deg_turun,460.5,752.125,80.0
2026-08-10T05:51,J6,60deg_turun,461.6,752.0,80.0
2026-08-10T05:51,J6,60deg_turun,462.8,751.75,80.0
2026-08-10T05:51,J6,60deg_turun,464.0,752.0,80.0
2026-08-10T05:51,J6,60deg_turun,465.1,751.875,80.0
2026-08-10T05:51,J6,60deg_turun,466.3,752.125,80.0
2026-08-10T05:51,J6,60deg_turun,467.4,752.0,80.0
2026-08-10T05:51,J6,60deg_turun,468.6,752.125,80.0
2026-08-10T05:51,J6,60deg_turun,469.8,752.0,80.0
2026-08-10T05:51,J6,60deg_turun,470.9,752.0,80.0
2026-08-10T05:51,J6,60deg_turun,472.1,752.0,80.0
2026-08-10T05:51,J6,60deg_turun,473.2,751.875,80.0
2026-08-10T05:51,J6,60deg_turun,474.4,751.75,80.0
2026-08-10T05:51,J6,60deg_turun,475.6,752.0,80.0
2026-08-10T05:51,J6,60deg_turun,476.7,752.125,80.0
2026-08-10T05:51,J6,60deg_turun,477.9,752.0,80.0
2026-08-10T05:51,J6,60deg_turun,479.0,751.75,80.0
2026-08-10T05:51,J6,60deg_turun,480.2,752.0,80.0
2026-08-10T05:51,J6,60deg_turun,481.4,751.75,80.0
2026-08-10T05:51,J6,60deg_turun,482.5,752.0,80.0
2026-08-10T05:51,J6,60deg_turun,483.7,752.0,80.0
2026-08-10T05:51,J6,60deg_turun,484.8,752.0,80.0
2026-08-10T05:51,J6,60deg_turun,486.0,752.0,80.0
2026-08-10T05:51,J6,60deg_turun,487.2,751.875,80.0
2026-08-10T05:51,J6,60deg_turun,488.3,752.0,80.0
2026-08-10T05:51,J6,60deg_turun,489.5,751.875,80.0
2026-08-10T05:51,J6,60deg_turun,490.6,751.875,80.0
2026-08-10T05:51,J6,60deg_turun,491.8,752.0,80.0
2026-08-10T05:51,J6,60deg_turun,493.0,751.75,80.0
2026-08-10T05:51,J6,60deg_turun,494.1,751.75,80.0
2026-08-10T05:51,J6,60deg_turun,495.3,751.875,80.0
2026-08-10T05:51,J6,60deg_turun,496.4,751.75,80.0
2026-08-10T05:51,J6,60deg_turun,497.6,751.875,80.0
2026-08-10T05:51,J6,60deg_turun,498.8,751.875,80.0
2026-08-10T05:51,J6,60deg_turun,499.9,751.875,80.0
2026-08-10T05:51,J6,60deg_turun,501.1,751.875,80.0
2026-08-10T05:51,J6,60deg_turun,502.2,751.875,80.0
2026-08-10T05:51,J6,60deg_turun,503.4,751.875,80.0
2026-08-10T05:51,J6,60deg_turun,504.6,752.125,80.0
2026-08-10T05:51,J6,60deg_turun,505.7,751.875,80.0
2026-08-10T05:51,J6,60deg_turun,506.9,752.0,80.0
2026-08-10T05:51,J6,60deg_turun,508.0,751.875,80.0
2026-08-10T05:51,J6,60deg_turun,509.2,752.0,80.0
2026-08-10T05:51,J6,60deg_turun,510.4,752.0,80.0
2026-08-10T05:51,J6,60deg_turun,511.5,752.0,80.0
2026-08-10T05:51,J6,60deg_turun,512.7,751.875,80.0
2026-08-10T05:51,J6,60deg_turun,513.8,751.875,80.0
2026-08-10T05:51,J6,60deg_turun,515.0,751.75,80.0
2026-08-10T05:51,J6,60deg_turun,516.2,751.875,80.0
2026-08-10T05:51,J6,60deg_turun,517.3,751.875,80.0
2026-08-10T05:51,J6,60deg_turun,518.5,751.875,80.0
2026-08-10T05:51,J6,60deg_turun,519.6,751.875,80.0
2026-08-10T05:51,J6,60deg_turun,520.8,751.75,80.0
2026-08-10T05:51,J6,60deg_turun,522.0,751.875,80.0
2026-08-10T05:51,J6,60deg_turun,523.1,751.875,80.0
2026-08-10T05:51,J6,60deg_turun,524.3,752.0,80.0
2026-08-10T05:51,J6,60deg_turun,525.4,751.75,80.0
2026-08-10T05:51,J6,60deg_turun,526.6,751.625,80.0
2026-08-10T05:51,J6,60deg_turun,527.8,751.75,80.0
2026-08-10T05:51,J6,60deg_turun,528.9,751.625,80.0
2026-08-10T05:51,J6,60deg_turun,530.1,751.875,80.0
2026-08-10T05:51,J6,60deg_turun,531.2,751.75,80.0
2026-08-10T05:51,J6,60deg_turun,532.4,752.0,80.0
2026-08-10T05:51,J6,60deg_turun,533.6,752.0,80.0
2026-08-10T05:51,J6,60deg_turun,534.7,752.0,80.0
2026-08-10T05:51,J6,60deg_turun,535.9,751.875,80.0
2026-08-10T05:51,J6,60deg_turun,537.0,751.875,80.0
2026-08-10T05:51,J6,60deg_turun,538.2,751.875,80.0
2026-08-10T05:51,J6,60deg_turun,539.4,751.75,80.0
2026-08-10T05:51,J6,60deg_turun,540.5,751.875,80.0
2026-08-10T05:51,J6,60deg_turun,541.7,751.875,80.0
2026-08-10T05:51,J6,60deg_turun,542.8,751.875,80.0
2026-08-10T05:51,J6,60deg_turun,544.0,752.0,80.0
2026-08-10T05:51,J6,60deg_turun,545.2,751.875,80.0
2026-08-10T05:51,J6,60deg_turun,546.3,752.0,80.0
2026-08-10T05:51,J6,60deg_turun,547.5,752.0,80.0
2026-08-10T05:51,J6,60deg_turun,548.6,751.875,80.0
2026-08-10T05:51,J6,60deg_turun,549.8,751.875,80.0
2026-08-10T05:51,J6,60deg_turun,551.0,752.125,80.0
2026-08-10T05:51,J6,60deg_turun,552.1,751.875,80.0
2026-08-10T05:51,J6,60deg_turun,553.3,751.875,80.0
2026-08-10T05:51,J6,60deg_turun,554.4,751.875,80.0
2026-08-10T05:51,J6,60deg_turun,555.6,752.0,80.0
2026-08-10T05:51,J6,60deg_turun,556.8,752.0,80.0
2026-08-10T05:51,J6,60deg_turun,557.9,752.0,80.0
2026-08-10T05:51,J6,60deg_turun,559.1,751.875,80.0
2026-08-10T05:51,J6,60deg_turun,560.2,751.875,80.0
2026-08-10T05:51,J6,60deg_turun,561.4,751.75,80.0
2026-08-10T05:51,J6,60deg_turun,562.6,751.875,80.0
2026-08-10T05:51,J6,60deg_turun,563.7,752.0,80.0
2026-08-10T05:51,J6,60deg_turun,564.9,752.0,80.0
2026-08-10T05:51,J6,60deg_turun,566.0,751.875,80.0
2026-08-10T05:51,J6,60deg_turun,567.2,751.875,80.0
2026-08-10T05:51,J6,60deg_turun,568.4,751.875,80.0
2026-08-10T05:51,J6,60deg_turun,569.5,751.75,80.0
2026-08-10T05:51,J6,60deg_turun,570.7,751.875,80.0
2026-08-10T05:51,J6,60deg_turun,571.8,752.0,80.0
2026-08-10T05:51,J6,60deg_turun,573.0,752.0,80.0
2026-08-10T05:51,J6,60deg_turun,574.2,751.875,80.0
2026-08-10T05:51,J6,60deg_turun,575.3,751.75,80.0
2026-08-10T05:51,J6,60deg_turun,576.5,751.75,80.0
2026-08-10T05:51,J6,60deg_turun,577.6,752.0,80.0
2026-08-10T05:51,J6,60deg_turun,578.8,752.0,80.0
2026-08-10T05:51,J6,60deg_turun,580.0,752.0,80.0
2026-08-10T05:51,J6,60deg_turun,581.1,752.0,80.0
2026-08-10T05:51,J6,60deg_turun,582.3,752.0,80.0
2026-08-10T05:51,J6,60deg_turun,583.4,752.0,80.0
2026-08-10T05:51,J6,60deg_turun,584.6,752.0,80.0
2026-08-10T05:51,J6,60deg_turun,585.8,752.125,80.0
2026-08-10T05:51,J6,60deg_turun,586.9,752.125,80.0
2026-08-10T05:51,J6,60deg_turun,588.1,752.125,80.0
2026-08-10T05:51,J6,60deg_turun,589.2,752.125,80.0
2026-08-10T05:51,J6,60deg_turun,590.4,751.875,80.0
2026-08-10T05:51,J6,60deg_turun,591.6,752.125,80.0
2026-08-10T05:51,J6,60deg_turun,592.7,752.0,80.0
2026-08-10T05:51,J6,60deg_turun,593.9,751.875,80.0
2026-08-10T05:51,J6,60deg_turun,595.0,752.25,80.0
2026-08-10T05:51,J6,60deg_turun,596.2,751.875,80.0
2026-08-10T05:51,J6,60deg_turun,597.4,752.0,80.0
2026-08-10T05:51,J6,60deg_turun,598.5,751.875,80.0
2026-08-10T05:51,J6,60deg_turun,599.7,752.0,80.0
2026-08-10T05:51,J6,60deg_turun,600.8,752.0,80.0
2026-08-10T05:51,J6,60deg_turun,602.0,752.125,80.0
2026-08-10T05:51,J6,60deg_turun,603.2,752.125,80.0
2026-08-10T05:51,J6,60deg_turun,604.3,752.0,80.0
2026-08-10T05:51,J6,60deg_turun,605.5,752.0,80.0
2026-08-10T05:51,J6,60deg_turun,606.6,752.125,80.0
2026-08-10T05:51,J6,60deg_turun,607.8,752.0,80.0
2026-08-10T05:51,J6,60deg_turun,609.0,752.0,80.0
2026-08-10T05:51,J6,60deg_turun,610.1,751.875,80.0
2026-08-10T05:51,J6,60deg_turun,611.3,751.875,80.0
2026-08-10T05:51,J6,60deg_turun,612.4,751.875,80.0
2026-08-10T05:51,J6,60deg_turun,613.6,751.875,80.0
2026-08-10T05:51,J6,60deg_turun,614.8,751.875,80.0
2026-08-10T05:51,J6,60deg_turun,615.9,751.875,80.0
2026-08-10T05:51,J6,60deg_turun,617.1,752.0,80.0
2026-08-10T05:51,J6,60deg_turun,618.2,751.75,80.0
2026-08-10T05:51,J6,60deg_turun,619.4,751.875,80.0
2026-08-10T05:51,J6,60deg_turun,620.6,751.875,80.0
2026-08-10T05:51,J6,60deg_turun,621.7,752.0,80.0
2026-08-10T05:51,J6,60deg_turun,622.9,751.875,80.0
2026-08-10T05:51,J6,60deg_turun,624.0,751.875,80.0
2026-08-10T05:51,J6,60deg_turun,625.2,752.0,80.0
2026-08-10T05:51,J6,60deg_turun,626.4,751.875,80.0
2026-08-10T05:51,J6,60deg_turun,627.5,752.0,80.0
2026-08-10T05:51,J6,60deg_turun,628.7,752.125,80.0
2026-08-10T05:51,J6,60deg_turun,629.8,752.125,80.0
2026-08-10T05:51,J6,60deg_turun,631.0,752.0,80.0
2026-08-10T05:51,J6,60deg_turun,632.2,751.875,80.0
2026-08-10T05:51,J6,60deg_turun,633.3,752.125,80.0
2026-08-10T05:51,J6,60deg_turun,634.5,752.125,80.0
2026-08-10T05:51,J6,60deg_turun,635.6,752.125,80.0
2026-08-10T05:51,J6,60deg_turun,636.8,751.875,80.0
2026-08-10T05:51,J6,60deg_turun,638.0,751.75,80.0
2026-08-10T05:51,J6,60deg_turun,639.1,751.875,80.0
2026-08-10T05:51,J6,60deg_turun,640.3,752.0,80.0
2026-08-10T05:51,J6,60deg_turun,641.4,751.875,80.0
2026-08-10T05:51,J6,60deg_turun,642.6,751.75,80.0
2026-08-10T05:51,J6,60deg_turun,643.8,752.0,80.0
2026-08-10T05:51,J6,60deg_turun,644.9,751.875,80.0
2026-08-10T05:51,J6,60deg_turun,646.1,751.875,80.0
2026-08-10T05:51,J6,60deg_turun,647.2,751.875,80.0
2026-08-10T05:51,J6,60deg_turun,648.4,751.875,80.0
2026-08-10T05:51,J6,60deg_turun,649.6,751.875,80.0
2026-08-10T05:51,J6,60deg_turun,650.7,751.875,80.0
2026-08-10T05:51,J6,60deg_turun,651.9,751.875,80.0
2026-08-10T05:51,J6,60deg_turun,653.0,751.875,80.0
2026-08-10T05:51,J6,60deg_turun,654.2,751.75,80.0
2026-08-10T05:51,J6,60deg_turun,655.4,752.0,80.0
2026-08-10T05:51,J6,60deg_turun,656.5,752.0,80.0
2026-08-10T05:51,J6,60deg_turun,657.7,752.0,80.0
2026-08-10T05:51,J6,60deg_turun,658.8,751.875,80.0
2026-08-10T05:51,J6,60deg_turun,660.0,751.875,80.0
2026-08-10T05:51,J6,60deg_turun,661.2,752.0,80.0
2026-08-10T05:51,J6,60deg_turun,662.3,751.875,80.0
2026-08-10T05:51,J6,60deg_turun,663.5,751.875,80.0
2026-08-10T05:51,J6,60deg_turun,664.6,751.875,80.0
2026-08-10T05:51,J6,60deg_turun,665.8,752.0,80.0
2026-08-10T05:51,J6,60deg_turun,667.0,752.0,80.0
2026-08-10T05:51,J6,60deg_turun,668.1,751.75,80.0
2026-08-10T05:51,J6,60deg_turun,669.3,751.875,80.0
2026-08-10T05:51,J6,60deg_turun,670.4,751.875,80.0
2026-08-10T05:51,J6,60deg_turun,671.6,752.0,80.0
2026-08-10T05:51,J6,60deg_turun,672.8,751.875,80.0
2026-08-10T05:51,J6,60deg_turun,673.9,751.875,80.0
2026-08-10T05:51,J6,60deg_turun,675.1,752.0,80.0
2026-08-10T05:51,J6,60deg_turun,676.2,752.125,80.0
2026-08-10T05:51,J6,60deg_turun,677.4,751.875,80.0
2026-08-10T05:51,J6,60deg_turun,678.6,751.875,80.0
2026-08-10T05:51,J6,60deg_turun,679.7,752.0,80.0
2026-08-10T05:51,J6,60deg_turun,680.9,752.125,80.0
2026-08-10T05:51,J6,60deg_turun,682.0,752.125,80.0
2026-08-10T05:51,J6,60deg_turun,683.2,752.0,80.0
2026-08-10T05:51,J6,60deg_turun,684.4,751.875,80.0
2026-08-10T05:51,J6,60deg_turun,685.5,751.875,80.0
2026-08-10T05:51,J6,60deg_turun,686.7,751.875,80.0
2026-08-10T05:51,J6,60deg_turun,687.8,751.875,80.0
2026-08-10T05:51,J6,60deg_turun,689.0,752.0,80.0
2026-08-10T05:51,J6,60deg_turun,690.2,752.0,80.0
2026-08-10T05:51,J6,60deg_turun,691.3,751.875,80.0
2026-08-10T05:51,J6,60deg_turun,692.5,751.875,80.0
2026-08-10T05:51,J6,60deg_turun,693.6,751.875,80.0
2026-08-10T05:51,J6,60deg_turun,694.8,751.75,80.0
2026-08-10T05:51,J6,60deg_turun,696.0,752.0,80.0
2026-08-10T05:51,J6,60deg_turun,697.1,751.875,80.0
2026-08-10T05:51,J6,60deg_turun,698.3,751.875,80.0
2026-08-10T05:51,J6,60deg_turun,699.4,751.75,80.0
2026-08-10T05:51,J6,60deg_turun,700.6,751.75,80.0
2026-08-10T05:51,J6,60deg_turun,701.8,751.875,80.0
2026-08-10T05:51,J6,60deg_turun,702.9,751.875,80.0
2026-08-10T05:51,J6,60deg_turun,704.1,752.0,80.0
2026-08-10T05:51,J6,60deg_turun,705.2,752.0,80.0
2026-08-10T05:51,J6,60deg_turun,706.4,751.75,80.0
2026-08-10T05:51,J6,60deg_turun,707.6,751.875,80.0
2026-08-10T05:51,J6,60deg_turun,708.7,751.875,80.0
2026-08-10T05:51,J6,60deg_turun,709.9,751.875,80.0
2026-08-10T05:51,J6,60deg_turun,711.0,752.0,80.0
2026-08-10T05:51,J6,60deg_turun,712.2,751.875,80.0
2026-08-10T05:51,J6,60deg_turun,713.4,751.875,80.0
2026-08-10T05:51,J6,60deg_turun,714.5,751.75,80.0
2026-08-10T05:51,J6,60deg_turun,715.7,751.875,80.0
2026-08-10T05:51,J6,60deg_turun,716.8,752.0,80.0
2026-08-10T05:51,J6,60deg_turun,718.0,751.875,80.0
2026-08-10T05:51,J6,60deg_turun,719.2,751.75,80.0
2026-08-10T05:51,J6,60deg_turun,720.3,752.0,80.0
2026-08-10T05:51,J6,60deg_turun,721.5,752.0,80.0
2026-08-10T05:51,J6,60deg_turun,722.6,751.875,80.0
2026-08-10T05:51,J6,60deg_turun,723.8,751.75,80.0
2026-08-10T05:51,J6,60deg_turun,725.0,752.0,80.0
2026-08-10T05:51,J6,60deg_turun,726.1,751.875,80.0
2026-08-10T05:51,J6,60deg_turun,727.3,752.0,80.0
2026-08-10T05:51,J6,60deg_turun,728.4,752.0,80.0
2026-08-10T05:51,J6,60deg_turun,729.6,751.875,80.0
2026-08-10T05:51,J6,60deg_turun,730.8,751.875,80.0
2026-08-10T05:51,J6,60deg_turun,731.9,751.75,80.0
2026-08-10T05:51,J6,60deg_turun,733.1,751.625,80.0
2026-08-10T05:51,J6,60deg_turun,734.2,751.75,80.0
2026-08-10T05:51,J6,60deg_turun,735.4,751.625,80.0
2026-08-10T05:51,J6,60deg_turun,736.6,752.0,80.0
2026-08-10T05:51,J6,60deg_turun,737.7,751.875,80.0
2026-08-10T05:51,J6,60deg_turun,738.9,752.0,80.0
2026-08-10T05:51,J6,60deg_turun,740.0,751.625,80.0
2026-08-10T05:51,J6,60deg_turun,741.2,751.875,80.0
2026-08-10T05:51,J6,60deg_turun,742.4,752.0,80.0
2026-08-10T05:51,J6,60deg_turun,743.5,752.0,80.0
2026-08-10T05:51,J6,60deg_turun,744.7,752.0,80.0
2026-08-10T05:51,J6,60deg_turun,745.8,751.75,80.0
2026-08-10T05:51,J6,60deg_turun,747.0,752.0,80.0
2026-08-10T05:51,J6,60deg_turun,748.2,751.875,80.0
2026-08-10T05:51,J6,60deg_turun,749.3,752.125,80.0
2026-08-10T05:51,J6,60deg_turun,750.5,751.875,80.0
2026-08-10T05:51,J6,60deg_turun,751.6,751.875,80.0
2026-08-10T05:51,J6,60deg_turun,752.8,751.875,80.0
2026-08-10T05:51,J6,60deg_turun,754.0,751.75,80.0
2026-08-10T05:51,J6,60deg_turun,755.1,752.0,80.0
2026-08-10T05:51,J6,60deg_turun,756.3,751.625,80.0
2026-08-10T05:51,J6,60deg_turun,757.4,751.75,80.0
2026-08-10T05:51,J6,60deg_turun,758.6,751.875,80.0
2026-08-10T05:51,J6,60deg_turun,759.8,751.75,80.0
2026-08-10T05:51,J6,60deg_turun,760.9,751.875,80.0
2026-08-10T05:51,J6,60deg_turun,762.1,751.875,80.0
2026-08-10T05:51,J6,60deg_turun,763.2,751.875,80.0
2026-08-10T05:51,J6,60deg_turun,764.4,751.75,80.0
2026-08-10T05:51,J6,60deg_turun,765.6,751.875,80.0
2026-08-10T05:51,J6,60deg_turun,766.7,751.75,80.0
2026-08-10T05:51,J6,60deg_turun,767.9,751.875,80.0
2026-08-10T05:51,J6,60deg_turun,769.0,752.0,80.0
2026-08-10T05:51,J6,60deg_turun,770.2,751.75,80.0
2026-08-10T05:51,J6,60deg_turun,771.4,751.875,80.0
2026-08-10T05:51,J6,60deg_turun,772.5,751.875,80.0
2026-08-10T05:51,J6,60deg_turun,773.7,752.25,80.0
2026-08-10T05:51,J6,60deg_turun,774.8,752.25,80.0
2026-08-10T05:51,J6,60deg_turun,776.0,752.0,80.0
2026-08-10T05:51,J6,60deg_turun,777.2,752.0,80.0
2026-08-10T05:51,J6,60deg_turun,778.3,751.875,80.0
2026-08-10T05:51,J6,60deg_turun,779.5,751.875,80.0
2026-08-10T05:51,J6,60deg_turun,780.6,751.875,80.0
2026-08-10T05:51,J6,60deg_turun,781.8,751.75,80.0
2026-08-10T05:51,J6,60deg_turun,783.0,751.875,80.0
2026-08-10T05:51,J6,60deg_turun,784.1,751.875,80.0
2026-08-10T05:51,J6,60deg_turun,785.3,751.875,80.0
2026-08-10T05:51,J6,60deg_turun,786.4,752.0,80.0
2026-08-10T05:51,J6,60deg_turun,787.6,751.875,80.0
2026-08-10T05:51,J6,60deg_turun,788.8,752.0,80.0
2026-08-10T05:51,J6,60deg_turun,789.9,752.0,80.0
2026-08-10T05:51,J6,60deg_turun,791.1,752.0,80.0
2026-08-10T05:51,J6,60deg_turun,792.2,751.75,80.0
2026-08-10T05:51,J6,60deg_turun,793.4,751.875,80.0
2026-08-10T05:51,J6,60deg_turun,794.6,751.75,80.0
2026-08-10T05:51,J6,60deg_turun,795.7,751.75,80.0
2026-08-10T05:51,J6,60deg_turun,796.9,751.75,80.0
2026-08-10T05:51,J6,60deg_turun,798.0,751.75,80.0
2026-08-10T05:51,J6,60deg_turun,799.2,751.875,80.0
2026-08-10T05:51,J6,60deg_turun,800.4,751.75,80.0
2026-08-10T05:51,J6,60deg_turun,801.5,751.875,80.0
2026-08-10T05:51,J6,60deg_turun,802.7,751.875,80.0
2026-08-10T05:51,J6,60deg_turun,803.8,751.75,80.0
2026-08-10T05:51,J6,60deg_turun,805.0,751.875,80.0
2026-08-10T05:51,J6,60deg_turun,806.2,751.875,80.0
2026-08-10T05:51,J6,60deg_turun,807.3,752.0,80.0
2026-08-10T05:51,J6,60deg_turun,808.5,752.125,80.0
2026-08-10T05:51,J6,60deg_turun,809.6,752.0,80.0
2026-08-10T05:51,J6,60deg_turun,810.8,752.0,80.0
2026-08-10T05:51,J6,60deg_turun,812.0,752.0,80.0
2026-08-10T05:51,J6,60deg_turun,813.1,751.75,80.0
2026-08-10T05:51,J6,60deg_turun,814.3,752.0,80.0
2026-08-10T05:51,J6,60deg_turun,815.4,751.875,80.0
2026-08-10T05:51,J6,60deg_turun,816.6,751.875,80.0
2026-08-10T05:51,J6,60deg_turun,817.8,751.875,80.0
2026-08-10T05:51,J6,60deg_turun,818.9,751.875,80.0
2026-08-10T05:51,J6,60deg_turun,820.1,751.875,80.0
2026-08-10T05:51,J6,60deg_turun,821.2,751.875,80.0
2026-08-10T05:51,J6,60deg_turun,822.4,751.75,80.0
2026-08-10T05:51,J6,60deg_turun,823.6,751.875,80.0
2026-08-10T05:51,J6,60deg_turun,824.7,752.0,80.0
2026-08-10T05:51,J6,60deg_turun,825.9,751.875,80.0
2026-08-10T05:51,J6,60deg_turun,827.0,751.875,80.0
2026-08-10T05:51,J6,60deg_turun,828.2,752.0,80.0
2026-08-10T05:51,J6,60deg_turun,829.4,751.875,80.0
2026-08-10T05:51,J6,60deg_turun,830.5,751.75,80.0
2026-08-10T05:51,J6,60deg_turun,831.7,752.0,80.0
2026-08-10T05:51,J6,60deg_turun,832.8,751.75,80.0
2026-08-10T05:51,J6,60deg_turun,834.0,752.0,80.0
2026-08-10T05:51,J6,60deg_turun,835.2,751.75,80.0
2026-08-10T05:51,J6,60deg_turun,836.3,751.875,80.0
2026-08-10T05:51,J6,60deg_turun,837.5,751.875,80.0
2026-08-10T05:51,J6,60deg_turun,838.6,751.875,80.0
2026-08-10T05:51,J6,60deg_turun,839.8,751.875,80.0
2026-08-10T05:51,J6,60deg_turun,841.0,751.75,80.0
2026-08-10T05:51,J6,60deg_turun,842.1,751.875,80.0
2026-08-10T05:51,J6,60deg_turun,843.3,751.875,80.0
2026-08-10T05:51,J6,60deg_turun,844.4,752.0,80.0
2026-08-10T05:51,J6,60deg_turun,845.6,752.0,80.0
2026-08-10T05:51,J6,60deg_turun,846.8,752.0,80.0
2026-08-10T05:51,J6,60deg_turun,847.9,752.0,80.0
2026-08-10T05:51,J6,60deg_turun,849.1,751.875,80.0
2026-08-10T05:51,J6,60deg_turun,850.2,751.875,80.0
2026-08-10T05:51,J6,60deg_turun,851.4,751.875,80.0
2026-08-10T05:51,J6,60deg_turun,852.6,752.125,80.0
2026-08-10T05:51,J6,60deg_turun,853.7,752.0,80.0
2026-08-10T05:51,J6,60deg_turun,854.9,752.0,80.0
2026-08-10T05:51,J6,60deg_turun,856.0,751.75,80.0
2026-08-10T05:51,J6,60deg_turun,857.2,751.875,80.0
2026-08-10T05:51,J6,60deg_turun,858.4,752.0,80.0
2026-08-10T05:51,J6,60deg_turun,859.5,752.0,80.0
2026-08-10T05:51,J6,60deg_turun,860.7,751.875,80.0
2026-08-10T05:51,J6,60deg_turun,861.8,752.0,80.0
2026-08-10T05:51,J6,60deg_turun,863.0,752.0,80.0
2026-08-10T05:51,J6,60deg_turun,864.2,751.75,80.0
2026-08-10T05:51,J6,60deg_turun,865.3,751.75,80.0
2026-08-10T05:51,J6,60deg_turun,866.5,752.0,80.0
2026-08-10T05:51,J6,60deg_turun,867.6,751.875,80.0
2026-08-10T05:51,J6,60deg_turun,868.8,751.875,80.0
2026-08-10T05:51,J6,60deg_turun,870.0,752.0,80.0
2026-08-10T05:51,J6,60deg_turun,871.1,751.875,80.0
2026-08-10T05:51,J6,60deg_turun,872.3,751.875,80.0
2026-08-10T05:51,J6,60deg_turun,873.4,751.75,80.0
2026-08-10T05:51,J6,60deg_turun,874.6,751.875,80.0
2026-08-10T05:51,J6,60deg_turun,875.8,751.875,80.0
2026-08-10T05:51,J6,60deg_turun,876.9,751.875,80.0
2026-08-10T05:51,J6,60deg_turun,878.1,752.0,80.0
2026-08-10T05:51,J6,60deg_turun,879.2,751.625,80.0
2026-08-10T05:51,J6,60deg_turun,880.4,751.75,80.0
2026-08-10T05:51,J6,60deg_turun,881.6,751.75,80.0
2026-08-10T05:51,J6,60deg_turun,882.7,751.875,80.0
2026-08-10T05:51,J6,60deg_turun,883.9,752.0,80.0
2026-08-10T05:51,J6,60deg_turun,885.0,751.875,80.0
2026-08-10T05:51,J6,60deg_turun,886.2,752.0,80.0
2026-08-10T05:51,J6,60deg_turun,887.4,751.875,80.0
2026-08-10T05:51,J6,60deg_turun,888.5,752.0,80.0
2026-08-10T05:51,J6,60deg_turun,889.7,751.875,80.0
2026-08-10T05:51,J6,60deg_turun,890.8,751.875,80.0
2026-08-10T05:51,J6,60deg_turun,892.0,751.875,80.0
2026-08-10T05:51,J6,60deg_turun,893.2,751.875,80.0
2026-08-10T05:51,J6,60deg_turun,894.3,751.875,80.0
2026-08-10T05:51,J6,60deg_turun,895.5,751.875,80.0
2026-08-10T05:51,J6,60deg_turun,896.6,752.0,80.0
2026-08-10T05:51,J6,60deg_turun,897.8,751.875,80.0
2026-08-10T05:51,J6,60deg_turun,899.0,752.0,80.0
2026-08-10T05:51,J6,60deg_turun,900.1,751.75,80.0
2026-08-10T05:51,J6,60deg_turun,901.3,751.875,80.0
2026-08-10T05:51,J6,60deg_turun,902.4,751.875,80.0
2026-08-10T05:51,J6,60deg_turun,903.6,752.0,80.0
2026-08-10T05:51,J6,60deg_turun,904.8,752.0,80.0
2026-08-10T05:51,J6,60deg_turun,905.9,751.875,80.0
2026-08-10T05:51,J6,60deg_turun,907.1,751.875,80.0
2026-08-10T05:51,J6,60deg_turun,908.2,751.875,80.0
2026-08-10T05:51,J6,60deg_turun,909.4,751.875,80.0
2026-08-10T05:51,J6,60deg_turun,910.6,752.0,80.0
2026-08-10T05:51,J6,60deg_turun,911.7,751.875,80.0
2026-08-10T05:51,J6,60deg_turun,912.9,751.875,80.0
2026-08-10T05:51,J6,60deg_turun,914.0,751.75,80.0
2026-08-10T05:51,J6,60deg_turun,915.2,751.75,80.0
2026-08-10T05:51,J6,60deg_turun,916.4,752.0,80.0
2026-08-10T05:51,J6,60deg_turun,917.5,751.875,80.0
2026-08-10T05:51,J6,60deg_turun,918.7,752.0,80.0
2026-08-10T05:51,J6,60deg_turun,919.8,751.75,80.0
2026-08-10T05:51,J6,60deg_turun,921.0,751.875,80.0
2026-08-10T05:51,J6,60deg_turun,922.2,751.75,80.0
2026-08-10T05:51,J6,60deg_turun,923.3,751.875,80.0
2026-08-10T05:51,J6,60deg_turun,924.5,751.875,80.0
2026-08-10T05:51,J6,60deg_turun,925.6,751.875,80.0
2026-08-10T05:51,J6,60deg_turun,926.8,752.0,80.0
2026-08-10T05:51,J6,60deg_turun,928.0,751.875,80.0
2026-08-10T05:51,J6,60deg_turun,929.1,752.0,80.0
2026-08-10T05:51,J6,60deg_turun,930.3,752.0,80.0
2026-08-10T05:51,J6,60deg_turun,931.4,751.75,80.0
2026-08-10T05:51,J6,60deg_turun,932.6,751.75,80.0
2026-08-10T05:51,J6,60deg_turun,933.8,752.0,80.0
2026-08-10T05:51,J6,60deg_turun,934.9,752.0,80.0
2026-08-10T05:51,J6,60deg_turun,936.1,751.625,80.0
2026-08-10T05:51,J6,60deg_turun,937.2,751.625,80.0
2026-08-10T05:51,J6,60deg_turun,938.4,751.625,80.0
2026-08-10T05:51,J6,60deg_turun,939.6,751.625,80.0
2026-08-10T05:51,J6,60deg_turun,940.7,751.5,80.0
2026-08-10T05:51,J6,60deg_turun,941.9,751.625,80.0
2026-08-10T05:51,J6,60deg_turun,943.0,752.0,80.0
2026-08-10T05:51,J6,60deg_turun,944.2,751.875,80.0
2026-08-10T05:51,J6,60deg_turun,945.4,751.75,80.0
2026-08-10T05:51,J6,60deg_turun,946.5,751.875,80.0
2026-08-10T05:51,J6,60deg_turun,947.7,751.75,80.0
2026-08-10T05:51,J6,60deg_turun,948.8,751.875,80.0
2026-08-10T05:51,J6,60deg_turun,950.0,751.875,80.0
2026-08-10T05:51,J6,60deg_turun,951.2,751.875,80.0
2026-08-10T05:51,J6,60deg_turun,952.3,752.0,80.0
2026-08-10T05:51,J6,60deg_turun,953.5,751.75,80.0
2026-08-10T05:51,J6,60deg_turun,954.6,751.875,80.0
2026-08-10T05:51,J6,60deg_turun,955.8,751.875,80.0
2026-08-10T05:51,J6,60deg_turun,957.0,751.875,80.0
2026-08-10T05:51,J6,60deg_turun,958.1,751.75,80.0
2026-08-10T05:51,J6,60deg_turun,959.3,751.625,80.0
2026-08-10T05:51,J6,60deg_turun,960.4,752.125,80.0
2026-08-10T05:51,J6,60deg_turun,961.6,752.125,80.0
2026-08-10T05:51,J6,60deg_turun,962.8,751.875,80.0
2026-08-10T05:51,J6,60deg_turun,963.9,751.875,80.0
2026-08-10T05:51,J6,60deg_turun,965.1,751.875,80.0
2026-08-10T05:51,J6,60deg_turun,966.2,752.0,80.0
2026-08-10T05:51,J6,60deg_turun,967.4,752.125,80.0
2026-08-10T05:51,J6,60deg_turun,968.6,752.0,80.0
2026-08-10T05:51,J6,60deg_turun,969.7,751.875,80.0
2026-08-10T05:51,J6,60deg_turun,970.9,751.875,80.0
2026-08-10T05:51,J6,60deg_turun,972.0,752.0,80.0
2026-08-10T05:51,J6,60deg_turun,973.2,751.875,80.0
2026-08-10T05:51,J6,60deg_turun,974.4,752.0,80.0
2026-08-10T05:51,J6,60deg_turun,975.5,751.75,80.0
2026-08-10T05:51,J6,60deg_turun,976.7,751.875,80.0
2026-08-10T05:51,J6,60deg_turun,977.8,751.75,80.0
2026-08-10T05:51,J6,60deg_turun,979.0,751.75,80.0
2026-08-10T05:52,GRIP,penuh_naik,0.0,198.75,80.0
2026-08-10T05:52,GRIP,penuh_naik,1.1,198.625,80.0
2026-08-10T05:52,GRIP,penuh_naik,2.3,198.75,80.0
2026-08-10T05:52,GRIP,penuh_naik,3.4,198.75,80.0
2026-08-10T05:52,GRIP,penuh_naik,4.6,198.625,80.0
2026-08-10T05:52,GRIP,penuh_naik,5.8,198.625,80.0
2026-08-10T05:52,GRIP,penuh_naik,6.9,198.75,80.0
2026-08-10T05:52,GRIP,penuh_naik,8.1,198.625,80.0
2026-08-10T05:52,GRIP,penuh_naik,9.2,198.75,80.0
2026-08-10T05:52,GRIP,penuh_naik,10.4,198.625,80.0
2026-08-10T05:52,GRIP,penuh_naik,11.6,198.625,80.0
2026-08-10T05:52,GRIP,penuh_naik,12.7,198.5,80.0
2026-08-10T05:52,GRIP,penuh_naik,13.9,198.625,80.0
2026-08-10T05:52,GRIP,penuh_naik,15.0,198.625,80.0
2026-08-10T05:52,GRIP,penuh_naik,16.2,198.5,80.0
2026-08-10T05:52,GRIP,penuh_naik,17.4,198.625,80.0
2026-08-10T05:52,GRIP,penuh_naik,18.5,198.625,80.0
2026-08-10T05:52,GRIP,penuh_naik,19.7,198.625,80.0
2026-08-10T05:52,GRIP,penuh_naik,20.8,198.75,80.0
2026-08-10T05:52,GRIP,penuh_naik,22.0,198.625,80.0
2026-08-10T05:52,GRIP,penuh_naik,23.2,198.625,80.0
2026-08-10T05:52,GRIP,penuh_naik,24.3,198.625,80.0
2026-08-10T05:52,GRIP,penuh_naik,25.5,198.875,80.0
2026-08-10T05:52,GRIP,penuh_naik,26.6,198.875,80.0
2026-08-10T05:52,GRIP,penuh_naik,27.8,198.75,80.0
2026-08-10T05:52,GRIP,penuh_naik,29.0,198.625,80.0
2026-08-10T05:52,GRIP,penuh_naik,30.1,198.75,80.0
2026-08-10T05:52,GRIP,penuh_naik,31.3,198.75,80.0
2026-08-10T05:52,GRIP,penuh_naik,32.4,198.625,80.0
2026-08-10T05:52,GRIP,penuh_naik,33.6,198.625,80.0
2026-08-10T05:52,GRIP,penuh_naik,34.8,198.75,80.0
2026-08-10T05:52,GRIP,penuh_naik,35.9,198.75,80.0
2026-08-10T05:52,GRIP,penuh_naik,37.1,198.625,80.0
2026-08-10T05:52,GRIP,penuh_naik,38.2,198.75,80.0
2026-08-10T05:52,GRIP,penuh_naik,39.4,198.75,80.0
2026-08-10T05:52,GRIP,penuh_naik,40.6,198.75,80.0
2026-08-10T05:52,GRIP,penuh_naik,41.7,198.75,80.0
2026-08-10T05:52,GRIP,penuh_naik,42.9,198.75,80.0
2026-08-10T05:52,GRIP,penuh_naik,44.0,198.75,80.0
2026-08-10T05:52,GRIP,penuh_naik,45.2,198.625,80.0
2026-08-10T05:52,GRIP,penuh_naik,46.4,198.75,80.0
2026-08-10T05:52,GRIP,penuh_naik,47.5,198.625,80.0
2026-08-10T05:52,GRIP,penuh_naik,48.7,198.625,80.0
2026-08-10T05:52,GRIP,penuh_naik,49.8,198.625,80.0
2026-08-10T05:52,GRIP,penuh_naik,51.0,198.625,80.0
2026-08-10T05:52,GRIP,penuh_naik,52.2,198.625,80.0
2026-08-10T05:52,GRIP,penuh_naik,53.3,198.625,80.0
2026-08-10T05:52,GRIP,penuh_naik,54.5,198.625,80.0
2026-08-10T05:52,GRIP,penuh_naik,55.6,198.625,80.0
2026-08-10T05:52,GRIP,penuh_naik,56.8,198.5,80.0
2026-08-10T05:52,GRIP,penuh_naik,58.0,198.625,80.0
2026-08-10T05:52,GRIP,penuh_naik,59.1,198.5,80.0
2026-08-10T05:52,GRIP,penuh_naik,60.3,198.75,80.0
2026-08-10T05:52,GRIP,penuh_naik,61.4,198.625,80.0
2026-08-10T05:52,GRIP,penuh_naik,62.6,198.625,80.0
2026-08-10T05:52,GRIP,penuh_naik,63.8,198.75,80.0
2026-08-10T05:52,GRIP,penuh_naik,64.9,198.5,80.0
2026-08-10T05:52,GRIP,penuh_naik,66.1,198.625,80.0
2026-08-10T05:52,GRIP,penuh_naik,67.2,198.625,80.0
2026-08-10T05:52,GRIP,penuh_naik,68.4,198.625,80.0
2026-08-10T05:52,GRIP,penuh_naik,69.6,198.625,80.0
2026-08-10T05:52,GRIP,penuh_naik,70.7,198.75,80.0
2026-08-10T05:52,GRIP,penuh_naik,71.9,198.625,80.0
2026-08-10T05:52,GRIP,penuh_naik,73.0,198.625,80.0
2026-08-10T05:52,GRIP,penuh_naik,74.2,198.625,80.0
2026-08-10T05:52,GRIP,penuh_naik,75.4,198.75,80.0
2026-08-10T05:52,GRIP,penuh_naik,76.5,198.75,80.0
2026-08-10T05:52,GRIP,penuh_naik,77.7,198.875,80.0
2026-08-10T05:52,GRIP,penuh_naik,78.8,198.625,80.0
2026-08-10T05:52,GRIP,penuh_naik,80.0,198.625,80.0
2026-08-10T05:52,GRIP,penuh_naik,81.2,198.75,80.0
2026-08-10T05:52,GRIP,penuh_naik,82.3,198.625,80.0
2026-08-10T05:52,GRIP,penuh_naik,83.5,198.75,80.0
2026-08-10T05:52,GRIP,penuh_naik,84.7,198.625,80.0
2026-08-10T05:52,GRIP,penuh_naik,85.8,198.625,80.0
2026-08-10T05:52,GRIP,penuh_naik,87.0,198.75,80.0
2026-08-10T05:52,GRIP,penuh_naik,88.1,198.75,80.0
2026-08-10T05:52,GRIP,penuh_naik,89.3,198.625,80.0
2026-08-10T05:52,GRIP,penuh_naik,90.5,198.75,80.0
2026-08-10T05:52,GRIP,penuh_naik,91.6,275.5,80.0
2026-08-10T05:52,GRIP,penuh_naik,92.8,347.625,80.0
2026-08-10T05:52,GRIP,penuh_naik,93.9,337.875,80.0
2026-08-10T05:52,GRIP,penuh_naik,95.1,335.0,80.0
2026-08-10T05:52,GRIP,penuh_naik,96.3,325.125,80.0
2026-08-10T05:52,GRIP,penuh_naik,97.4,325.125,80.0
2026-08-10T05:52,GRIP,penuh_naik,98.6,322.875,80.0
2026-08-10T05:52,GRIP,penuh_naik,99.7,323.375,80.0
2026-08-10T05:52,GRIP,penuh_naik,100.9,318.625,80.0
2026-08-10T05:52,GRIP,penuh_naik,102.1,320.5,80.0
2026-08-10T05:52,GRIP,penuh_naik,103.2,326.5,80.0
2026-08-10T05:52,GRIP,penuh_naik,104.4,322.25,80.0
2026-08-10T05:52,GRIP,penuh_naik,105.5,328.625,80.0
2026-08-10T05:52,GRIP,penuh_naik,106.7,324.25,80.0
2026-08-10T05:52,GRIP,penuh_naik,107.9,331.125,80.0
2026-08-10T05:52,GRIP,penuh_naik,109.0,336.625,80.0
2026-08-10T05:52,GRIP,penuh_naik,110.2,341.125,80.0
2026-08-10T05:52,GRIP,penuh_naik,111.3,345.25,80.0
2026-08-10T05:52,GRIP,penuh_naik,112.5,349.875,80.0
2026-08-10T05:52,GRIP,penuh_naik,113.7,355.5,80.0
2026-08-10T05:52,GRIP,penuh_naik,114.8,357.5,80.0
2026-08-10T05:52,GRIP,penuh_naik,116.0,366.375,80.0
2026-08-10T05:52,GRIP,penuh_naik,117.1,376.0,80.0
2026-08-10T05:52,GRIP,penuh_naik,118.3,383.375,80.0
2026-08-10T05:52,GRIP,penuh_naik,119.5,389.375,80.0
2026-08-10T05:52,GRIP,penuh_naik,120.6,389.375,80.0
2026-08-10T05:52,GRIP,penuh_naik,121.8,399.25,80.0
2026-08-10T05:52,GRIP,penuh_naik,122.9,411.5,80.0
2026-08-10T05:52,GRIP,penuh_naik,124.1,416.625,80.0
2026-08-10T05:52,GRIP,penuh_naik,125.3,424.875,80.0
2026-08-10T05:52,GRIP,penuh_naik,126.4,439.5,80.0
2026-08-10T05:52,GRIP,penuh_naik,127.6,440.375,80.0
2026-08-10T05:52,GRIP,penuh_naik,128.7,457.0,80.0
2026-08-10T05:52,GRIP,penuh_naik,129.9,465.625,80.0
2026-08-10T05:52,GRIP,penuh_naik,131.1,475.5,80.0
2026-08-10T05:52,GRIP,penuh_naik,132.2,490.25,80.0
2026-08-10T05:52,GRIP,penuh_naik,133.4,500.0,80.0
2026-08-10T05:52,GRIP,penuh_naik,134.5,509.25,80.0
2026-08-10T05:52,GRIP,penuh_naik,135.7,522.625,80.0
2026-08-10T05:52,GRIP,penuh_naik,136.9,527.875,80.0
2026-08-10T05:52,GRIP,penuh_naik,138.0,544.5,80.0
2026-08-10T05:52,GRIP,penuh_naik,139.2,553.625,80.0
2026-08-10T05:52,GRIP,penuh_naik,140.3,568.75,80.0
2026-08-10T05:52,GRIP,penuh_naik,141.5,575.375,80.0
2026-08-10T05:52,GRIP,penuh_naik,142.7,591.125,80.0
2026-08-10T05:52,GRIP,penuh_naik,143.8,591.125,80.0
2026-08-10T05:52,GRIP,penuh_naik,145.0,594.375,80.0
2026-08-10T05:52,GRIP,penuh_naik,146.1,613.875,80.0
2026-08-10T05:52,GRIP,penuh_naik,147.3,619.875,80.0
2026-08-10T05:52,GRIP,penuh_naik,148.5,637.25,80.0
2026-08-10T05:52,GRIP,penuh_naik,149.6,645.625,80.0
2026-08-10T05:52,GRIP,penuh_naik,150.8,664.25,80.0
2026-08-10T05:52,GRIP,penuh_naik,151.9,674.625,80.0
2026-08-10T05:52,GRIP,penuh_naik,153.1,681.5,80.0
2026-08-10T05:52,GRIP,penuh_naik,154.3,699.375,80.0
2026-08-10T05:52,GRIP,penuh_naik,155.4,703.875,80.0
2026-08-10T05:52,GRIP,penuh_naik,156.6,726.5,80.0
2026-08-10T05:52,GRIP,penuh_naik,157.7,731.625,80.0
2026-08-10T05:52,GRIP,penuh_naik,158.9,747.125,80.0
2026-08-10T05:52,GRIP,penuh_naik,160.1,758.875,80.0
2026-08-10T05:52,GRIP,penuh_naik,161.2,774.875,80.0
2026-08-10T05:52,GRIP,penuh_naik,162.4,788.25,80.0
2026-08-10T05:52,GRIP,penuh_naik,163.5,796.75,80.0
2026-08-10T05:52,GRIP,penuh_naik,164.7,819.75,80.0
2026-08-10T05:52,GRIP,penuh_naik,165.9,831.375,80.0
2026-08-10T05:52,GRIP,penuh_naik,167.0,831.375,80.0
2026-08-10T05:52,GRIP,penuh_naik,168.2,845.875,80.0
2026-08-10T05:52,GRIP,penuh_naik,169.3,852.25,80.0
2026-08-10T05:52,GRIP,penuh_naik,170.5,873.75,80.0
2026-08-10T05:52,GRIP,penuh_naik,171.7,883.125,80.0
2026-08-10T05:52,GRIP,penuh_naik,172.8,895.0,80.0
2026-08-10T05:52,GRIP,penuh_naik,174.0,911.625,80.0
2026-08-10T05:52,GRIP,penuh_naik,175.1,922.375,80.0
2026-08-10T05:52,GRIP,penuh_naik,176.3,934.75,80.0
2026-08-10T05:52,GRIP,penuh_naik,177.5,945.75,80.0
2026-08-10T05:52,GRIP,penuh_naik,178.6,963.25,80.0
2026-08-10T05:52,GRIP,penuh_naik,179.8,972.75,80.0
2026-08-10T05:52,GRIP,penuh_naik,180.9,983.5,80.0
2026-08-10T05:52,GRIP,penuh_naik,182.1,998.125,80.0
2026-08-10T05:52,GRIP,penuh_naik,183.3,1007.5,80.0
2026-08-10T05:52,GRIP,penuh_naik,184.4,1032.0,80.0
2026-08-10T05:52,GRIP,penuh_naik,185.6,1036.375,80.0
2026-08-10T05:52,GRIP,penuh_naik,186.7,1059.625,80.0
2026-08-10T05:52,GRIP,penuh_naik,187.9,1076.625,80.0
2026-08-10T05:52,GRIP,penuh_naik,189.1,1088.5,80.0
2026-08-10T05:52,GRIP,penuh_naik,190.2,1088.5,80.0
2026-08-10T05:52,GRIP,penuh_naik,191.4,1105.5,80.0
2026-08-10T05:52,GRIP,penuh_naik,192.5,1115.5,80.0
2026-08-10T05:52,GRIP,penuh_naik,193.7,1136.75,80.0
2026-08-10T05:52,GRIP,penuh_naik,194.9,1150.125,80.0
2026-08-10T05:52,GRIP,penuh_naik,196.0,1168.0,80.0
2026-08-10T05:52,GRIP,penuh_naik,197.2,1182.375,80.0
2026-08-10T05:52,GRIP,penuh_naik,198.3,1192.75,80.0
2026-08-10T05:52,GRIP,penuh_naik,199.5,1213.5,80.0
2026-08-10T05:52,GRIP,penuh_naik,200.7,1221.5,80.0
2026-08-10T05:52,GRIP,penuh_naik,201.8,1240.75,80.0
2026-08-10T05:52,GRIP,penuh_naik,203.0,1258.75,80.0
2026-08-10T05:52,GRIP,penuh_naik,204.1,1270.375,80.0
2026-08-10T05:52,GRIP,penuh_naik,205.3,1285.0,80.0
2026-08-10T05:52,GRIP,penuh_naik,206.5,1294.375,80.0
2026-08-10T05:52,GRIP,penuh_naik,207.6,1319.25,80.0
2026-08-10T05:52,GRIP,penuh_naik,208.8,1328.875,80.0
2026-08-10T05:52,GRIP,penuh_naik,209.9,1338.75,80.0
2026-08-10T05:52,GRIP,penuh_naik,211.1,1360.125,80.0
2026-08-10T05:52,GRIP,penuh_naik,212.3,1373.5,80.0
2026-08-10T05:52,GRIP,penuh_naik,213.4,1373.5,80.0
2026-08-10T05:52,GRIP,penuh_naik,214.6,1387.5,80.0
2026-08-10T05:52,GRIP,penuh_naik,215.7,1403.25,80.0
2026-08-10T05:52,GRIP,penuh_naik,216.9,1419.375,80.0
2026-08-10T05:52,GRIP,penuh_naik,218.1,1439.0,80.0
2026-08-10T05:52,GRIP,penuh_naik,219.2,1451.5,80.0
2026-08-10T05:52,GRIP,penuh_naik,220.4,1467.375,80.0
2026-08-10T05:52,GRIP,penuh_naik,221.5,1478.375,80.0
2026-08-10T05:52,GRIP,penuh_naik,222.7,1503.0,80.0
2026-08-10T05:52,GRIP,penuh_naik,223.9,1517.625,80.0
2026-08-10T05:52,GRIP,penuh_naik,225.0,1527.125,80.0
2026-08-10T05:52,GRIP,penuh_naik,226.2,1549.0,80.0
2026-08-10T05:52,GRIP,penuh_naik,227.3,1558.0,80.0
2026-08-10T05:52,GRIP,penuh_naik,228.5,1576.375,80.0
2026-08-10T05:52,GRIP,penuh_naik,229.7,1590.875,80.0
2026-08-10T05:52,GRIP,penuh_naik,230.8,1601.0,80.0
2026-08-10T05:52,GRIP,penuh_naik,232.0,1619.75,80.0
2026-08-10T05:52,GRIP,penuh_naik,233.1,1634.0,80.0
2026-08-10T05:52,GRIP,penuh_naik,234.3,1650.375,80.0
2026-08-10T05:52,GRIP,penuh_naik,235.5,1665.75,80.0
2026-08-10T05:52,GRIP,penuh_naik,236.6,1665.75,80.0
2026-08-10T05:52,GRIP,penuh_naik,237.8,1680.25,80.0
2026-08-10T05:52,GRIP,penuh_naik,238.9,1698.0,80.0
2026-08-10T05:52,GRIP,penuh_naik,240.1,1711.375,80.0
2026-08-10T05:52,GRIP,penuh_naik,241.3,1731.0,80.0
2026-08-10T05:52,GRIP,penuh_naik,242.4,1744.375,80.0
2026-08-10T05:52,GRIP,penuh_naik,243.6,1758.75,80.0
2026-08-10T05:52,GRIP,penuh_naik,244.7,1771.75,80.0
2026-08-10T05:52,GRIP,penuh_naik,245.9,1784.0,80.0
2026-08-10T05:52,GRIP,penuh_naik,247.1,1803.375,80.0
2026-08-10T05:52,GRIP,penuh_naik,248.2,1817.25,80.0
2026-08-10T05:52,GRIP,penuh_naik,249.4,1836.75,80.0
2026-08-10T05:52,GRIP,penuh_naik,250.5,1845.75,80.0
2026-08-10T05:52,GRIP,penuh_naik,251.7,1858.125,80.0
2026-08-10T05:52,GRIP,penuh_naik,252.9,1877.125,80.0
2026-08-10T05:52,GRIP,penuh_naik,254.0,1889.0,80.0
2026-08-10T05:52,GRIP,penuh_naik,255.2,1906.625,80.0
2026-08-10T05:52,GRIP,penuh_naik,256.3,1912.375,80.0
2026-08-10T05:52,GRIP,penuh_naik,257.5,1923.375,80.0
2026-08-10T05:52,GRIP,penuh_naik,258.7,1948.375,80.0
2026-08-10T05:52,GRIP,penuh_naik,259.8,1958.875,80.0
2026-08-10T05:52,GRIP,penuh_naik,261.0,1958.875,80.0
2026-08-10T05:52,GRIP,penuh_naik,262.1,1976.0,80.0
2026-08-10T05:52,GRIP,penuh_naik,263.3,1986.25,80.0
2026-08-10T05:52,GRIP,penuh_naik,264.5,2006.375,80.0
2026-08-10T05:52,GRIP,penuh_naik,265.6,2018.75,80.0
2026-08-10T05:52,GRIP,penuh_naik,266.8,2027.75,80.0
2026-08-10T05:52,GRIP,penuh_naik,267.9,2048.375,80.0
2026-08-10T05:52,GRIP,penuh_naik,269.1,2054.125,80.0
2026-08-10T05:52,GRIP,penuh_naik,270.3,2069.5,80.0
2026-08-10T05:52,GRIP,penuh_naik,271.4,2085.125,80.0
2026-08-10T05:52,GRIP,penuh_naik,272.6,2098.5,80.0
2026-08-10T05:52,GRIP,penuh_naik,273.7,2113.5,80.0
2026-08-10T05:52,GRIP,penuh_naik,274.9,2131.0,80.0
2026-08-10T05:52,GRIP,penuh_naik,276.1,2148.625,80.0
2026-08-10T05:52,GRIP,penuh_naik,277.2,2159.0,80.0
2026-08-10T05:52,GRIP,penuh_naik,278.4,2171.25,80.0
2026-08-10T05:52,GRIP,penuh_naik,279.5,2191.0,80.0
2026-08-10T05:52,GRIP,penuh_naik,280.7,2212.875,80.0
2026-08-10T05:52,GRIP,penuh_naik,281.9,2224.25,80.0
2026-08-10T05:52,GRIP,penuh_naik,283.0,2231.375,80.0
2026-08-10T05:52,GRIP,penuh_naik,284.2,2231.375,80.0
2026-08-10T05:52,GRIP,penuh_naik,285.3,2250.5,80.0
2026-08-10T05:52,GRIP,penuh_naik,286.5,2270.5,80.0
2026-08-10T05:52,GRIP,penuh_naik,287.7,2279.375,80.0
2026-08-10T05:52,GRIP,penuh_naik,288.8,2297.125,80.0
2026-08-10T05:52,GRIP,penuh_naik,290.0,2309.75,80.0
2026-08-10T05:52,GRIP,penuh_naik,291.1,2333.25,80.0
2026-08-10T05:52,GRIP,penuh_naik,292.3,2338.0,80.0
2026-08-10T05:52,GRIP,penuh_naik,293.5,2356.125,80.0
2026-08-10T05:52,GRIP,penuh_naik,294.6,2373.125,80.0
2026-08-10T05:52,GRIP,penuh_naik,295.8,2385.125,80.0
2026-08-10T05:52,GRIP,penuh_naik,296.9,2402.375,80.0
2026-08-10T05:52,GRIP,penuh_naik,298.1,2407.25,80.0
2026-08-10T05:52,GRIP,penuh_naik,299.3,2429.625,80.0
2026-08-10T05:52,GRIP,penuh_naik,300.4,2443.0,80.0
2026-08-10T05:52,GRIP,penuh_naik,301.6,2455.125,80.0
2026-08-10T05:52,GRIP,penuh_naik,302.7,2467.5,80.0
2026-08-10T05:52,GRIP,penuh_naik,303.9,2478.625,80.0
2026-08-10T05:52,GRIP,penuh_naik,305.1,2499.25,80.0
2026-08-10T05:52,GRIP,penuh_naik,306.2,2508.75,80.0
2026-08-10T05:52,GRIP,penuh_naik,307.4,2508.75,80.0
2026-08-10T05:52,GRIP,penuh_naik,308.5,2522.0,80.0
2026-08-10T05:52,GRIP,penuh_naik,309.7,2535.375,80.0
2026-08-10T05:52,GRIP,penuh_naik,310.9,2542.5,80.0
2026-08-10T05:52,GRIP,penuh_naik,312.0,2565.75,80.0
2026-08-10T05:52,GRIP,penuh_naik,313.2,2570.625,80.0
2026-08-10T05:52,GRIP,penuh_naik,314.3,2589.125,80.0
2026-08-10T05:52,GRIP,penuh_naik,315.5,2596.625,80.0
2026-08-10T05:52,GRIP,penuh_naik,316.7,2609.875,80.0
2026-08-10T05:52,GRIP,penuh_naik,317.8,2626.875,80.0
2026-08-10T05:52,GRIP,penuh_naik,319.0,2638.0,80.0
2026-08-10T05:52,GRIP,penuh_naik,320.1,2652.75,80.0
2026-08-10T05:52,GRIP,penuh_naik,321.3,2656.375,80.0
2026-08-10T05:52,GRIP,penuh_naik,322.5,2665.0,80.0
2026-08-10T05:52,GRIP,penuh_naik,323.6,2688.75,80.0
2026-08-10T05:52,GRIP,penuh_naik,324.8,2687.875,80.0
2026-08-10T05:52,GRIP,penuh_naik,325.9,2716.875,80.0
2026-08-10T05:52,GRIP,penuh_naik,327.1,2726.25,80.0
2026-08-10T05:52,GRIP,penuh_naik,328.3,2730.5,80.0
2026-08-10T05:52,GRIP,penuh_naik,329.4,2749.5,80.0
2026-08-10T05:52,GRIP,penuh_naik,330.6,2749.5,80.0
2026-08-10T05:52,GRIP,penuh_naik,331.7,2731.375,80.0
2026-08-10T05:52,GRIP,penuh_naik,332.9,2752.875,80.0
2026-08-10T05:52,GRIP,penuh_naik,334.1,2755.25,80.0
2026-08-10T05:52,GRIP,penuh_naik,335.2,2795.375,80.0
2026-08-10T05:52,GRIP,penuh_naik,336.4,2767.125,80.0
2026-08-10T05:52,GRIP,penuh_naik,337.5,2797.75,80.0
2026-08-10T05:52,GRIP,penuh_naik,338.7,2806.5,80.0
2026-08-10T05:52,GRIP,penuh_naik,339.9,2790.875,80.0
2026-08-10T05:52,GRIP,penuh_naik,341.0,2827.125,80.0
2026-08-10T05:52,GRIP,penuh_naik,342.2,2815.125,80.0
2026-08-10T05:52,GRIP,penuh_naik,343.3,2830.25,80.0
2026-08-10T05:52,GRIP,penuh_naik,344.5,2859.125,80.0
2026-08-10T05:52,GRIP,penuh_naik,345.7,2874.5,80.0
2026-08-10T05:52,GRIP,penuh_naik,346.8,2862.25,80.0
2026-08-10T05:52,GRIP,penuh_naik,348.0,2884.625,80.0
2026-08-10T05:52,GRIP,penuh_naik,349.1,2888.375,80.0
2026-08-10T05:52,GRIP,penuh_naik,350.3,2879.625,80.0
2026-08-10T05:52,GRIP,penuh_naik,351.5,2885.75,80.0
2026-08-10T05:52,GRIP,penuh_naik,352.6,2906.5,80.0
2026-08-10T05:52,GRIP,penuh_naik,353.8,2906.5,80.0
2026-08-10T05:52,GRIP,penuh_naik,354.9,2902.0,80.0
2026-08-10T05:52,GRIP,penuh_naik,356.1,2907.875,80.0
2026-08-10T05:52,GRIP,penuh_naik,357.3,2915.125,80.0
2026-08-10T05:52,GRIP,penuh_naik,358.4,2924.375,80.0
2026-08-10T05:52,GRIP,penuh_naik,359.6,2943.125,80.0
2026-08-10T05:52,GRIP,penuh_naik,360.7,2937.75,80.0
2026-08-10T05:52,GRIP,penuh_naik,361.9,2953.75,80.0
2026-08-10T05:52,GRIP,penuh_naik,363.1,2947.875,80.0
2026-08-10T05:52,GRIP,penuh_naik,364.2,2954.875,80.0
2026-08-10T05:52,GRIP,penuh_naik,365.4,2956.875,80.0
2026-08-10T05:52,GRIP,penuh_naik,366.5,2959.5,80.0
2026-08-10T05:52,GRIP,penuh_naik,367.7,2976.875,80.0
2026-08-10T05:52,GRIP,penuh_naik,368.9,2987.875,80.0
2026-08-10T05:52,GRIP,penuh_naik,370.0,2977.75,80.0
2026-08-10T05:52,GRIP,penuh_naik,371.2,3043.75,80.0
2026-08-10T05:52,GRIP,penuh_naik,372.3,2989.375,80.0
2026-08-10T05:52,GRIP,penuh_naik,373.5,3004.625,80.0
2026-08-10T05:52,GRIP,penuh_naik,374.7,3000.125,80.0
2026-08-10T05:52,GRIP,penuh_naik,375.8,2996.75,80.0
2026-08-10T05:52,GRIP,penuh_naik,377.0,2996.75,80.0
2026-08-10T05:52,GRIP,penuh_naik,378.1,2997.5,80.0
2026-08-10T05:52,GRIP,penuh_naik,379.3,3001.0,80.0
2026-08-10T05:52,GRIP,penuh_naik,380.5,3005.0,80.0
2026-08-10T05:52,GRIP,penuh_naik,381.6,3033.0,80.0
2026-08-10T05:52,GRIP,penuh_naik,382.8,3018.375,80.0
2026-08-10T05:52,GRIP,penuh_naik,383.9,3021.5,80.0
2026-08-10T05:52,GRIP,penuh_naik,385.1,3028.125,80.0
2026-08-10T05:52,GRIP,penuh_naik,386.3,3018.125,80.0
2026-08-10T05:52,GRIP,penuh_naik,387.4,3020.0,80.0
2026-08-10T05:52,GRIP,penuh_naik,388.6,3021.375,80.0
2026-08-10T05:52,GRIP,penuh_naik,389.7,3022.0,80.0
2026-08-10T05:52,GRIP,penuh_naik,390.9,3022.125,80.0
2026-08-10T05:52,GRIP,penuh_naik,392.1,3022.625,80.0
2026-08-10T05:52,GRIP,penuh_naik,393.2,3023.0,80.0
2026-08-10T05:52,GRIP,penuh_naik,394.4,3023.0,80.0
2026-08-10T05:52,GRIP,penuh_naik,395.5,3023.375,80.0
2026-08-10T05:52,GRIP,penuh_naik,396.7,3023.5,80.0
2026-08-10T05:52,GRIP,penuh_naik,397.9,3023.625,80.0
2026-08-10T05:52,GRIP,penuh_naik,399.0,3023.875,80.0
2026-08-10T05:52,GRIP,penuh_naik,400.2,3024.0,80.0
2026-08-10T05:52,GRIP,penuh_naik,401.3,3024.0,80.0
2026-08-10T05:52,GRIP,penuh_naik,402.5,3024.125,80.0
2026-08-10T05:52,GRIP,penuh_naik,403.7,3023.875,80.0
2026-08-10T05:52,GRIP,penuh_naik,404.8,3024.0,80.0
2026-08-10T05:52,GRIP,penuh_naik,406.0,3024.125,80.0
2026-08-10T05:52,GRIP,penuh_naik,407.1,3024.125,80.0
2026-08-10T05:52,GRIP,penuh_naik,408.3,3024.125,80.0
2026-08-10T05:52,GRIP,penuh_naik,409.5,3024.125,80.0
2026-08-10T05:52,GRIP,penuh_naik,410.6,3024.25,80.0
2026-08-10T05:52,GRIP,penuh_naik,411.8,3024.125,80.0
2026-08-10T05:52,GRIP,penuh_naik,412.9,3024.125,80.0
2026-08-10T05:52,GRIP,penuh_naik,414.1,3024.125,80.0
2026-08-10T05:52,GRIP,penuh_naik,415.3,3023.875,80.0
2026-08-10T05:52,GRIP,penuh_naik,416.4,3023.875,80.0
2026-08-10T05:52,GRIP,penuh_naik,417.6,3024.0,80.0
2026-08-10T05:52,GRIP,penuh_naik,418.7,3024.0,80.0
2026-08-10T05:52,GRIP,penuh_naik,419.9,3023.875,80.0
2026-08-10T05:52,GRIP,penuh_naik,421.1,3023.625,80.0
2026-08-10T05:52,GRIP,penuh_naik,422.2,3023.875,80.0
2026-08-10T05:52,GRIP,penuh_naik,423.4,3023.875,80.0
2026-08-10T05:52,GRIP,penuh_naik,424.5,3023.875,80.0
2026-08-10T05:52,GRIP,penuh_naik,425.7,3024.125,80.0
2026-08-10T05:52,GRIP,penuh_naik,426.9,3023.875,80.0
2026-08-10T05:52,GRIP,penuh_naik,428.0,3024.0,80.0
2026-08-10T05:52,GRIP,penuh_naik,429.2,3024.0,80.0
2026-08-10T05:52,GRIP,penuh_naik,430.3,3024.0,80.0
2026-08-10T05:52,GRIP,penuh_naik,431.5,3024.0,80.0
2026-08-10T05:52,GRIP,penuh_naik,432.7,3023.875,80.0
2026-08-10T05:52,GRIP,penuh_naik,433.8,3023.875,80.0
2026-08-10T05:52,GRIP,penuh_naik,435.0,3024.0,80.0
2026-08-10T05:52,GRIP,penuh_naik,436.1,3023.875,80.0
2026-08-10T05:52,GRIP,penuh_naik,437.3,3023.875,80.0
2026-08-10T05:52,GRIP,penuh_naik,438.5,3023.875,80.0
2026-08-10T05:52,GRIP,penuh_naik,439.6,3024.0,80.0
2026-08-10T05:52,GRIP,penuh_naik,440.8,3024.0,80.0
2026-08-10T05:52,GRIP,penuh_naik,441.9,3024.0,80.0
2026-08-10T05:52,GRIP,penuh_naik,443.1,3024.0,80.0
2026-08-10T05:52,GRIP,penuh_naik,444.3,3023.875,80.0
2026-08-10T05:52,GRIP,penuh_naik,445.4,3023.875,80.0
2026-08-10T05:52,GRIP,penuh_naik,446.6,3023.875,80.0
2026-08-10T05:52,GRIP,penuh_naik,447.7,3023.875,80.0
2026-08-10T05:52,GRIP,penuh_naik,448.9,3024.0,80.0
2026-08-10T05:52,GRIP,penuh_naik,450.1,3024.0,80.0
2026-08-10T05:52,GRIP,penuh_naik,451.2,3023.875,80.0
2026-08-10T05:52,GRIP,penuh_naik,452.4,3024.125,80.0
2026-08-10T05:52,GRIP,penuh_naik,453.5,3024.125,80.0
2026-08-10T05:52,GRIP,penuh_naik,454.7,3024.125,80.0
2026-08-10T05:52,GRIP,penuh_naik,455.9,3024.125,80.0
2026-08-10T05:52,GRIP,penuh_naik,457.0,3023.75,80.0
2026-08-10T05:52,GRIP,penuh_naik,458.2,3024.0,80.0
2026-08-10T05:52,GRIP,penuh_naik,459.3,3024.0,80.0
2026-08-10T05:52,GRIP,penuh_naik,460.5,3024.0,80.0
2026-08-10T05:52,GRIP,penuh_naik,461.7,3024.125,80.0
2026-08-10T05:52,GRIP,penuh_naik,462.8,3024.0,80.0
2026-08-10T05:52,GRIP,penuh_naik,464.0,3023.875,80.0
2026-08-10T05:52,GRIP,penuh_naik,465.1,3024.0,80.0
2026-08-10T05:52,GRIP,penuh_naik,466.3,3023.875,80.0
2026-08-10T05:52,GRIP,penuh_naik,467.5,3024.0,80.0
2026-08-10T05:52,GRIP,penuh_naik,468.6,3024.125,80.0
2026-08-10T05:52,GRIP,penuh_naik,469.8,3023.75,80.0
2026-08-10T05:52,GRIP,penuh_naik,470.9,3023.75,80.0
2026-08-10T05:52,GRIP,penuh_naik,472.1,3024.0,80.0
2026-08-10T05:52,GRIP,penuh_naik,473.3,3024.25,80.0
2026-08-10T05:52,GRIP,penuh_naik,474.4,3024.0,80.0
2026-08-10T05:52,GRIP,penuh_naik,475.6,3024.0,80.0
2026-08-10T05:52,GRIP,penuh_naik,476.7,3024.0,80.0
2026-08-10T05:52,GRIP,penuh_naik,477.9,3024.0,80.0
2026-08-10T05:52,GRIP,penuh_naik,479.1,3024.0,80.0
2026-08-10T05:52,GRIP,penuh_naik,480.2,3024.25,80.0
2026-08-10T05:52,GRIP,penuh_naik,481.4,3024.125,80.0
2026-08-10T05:52,GRIP,penuh_naik,482.5,3024.0,80.0
2026-08-10T05:52,GRIP,penuh_naik,483.7,3024.0,80.0
2026-08-10T05:52,GRIP,penuh_naik,484.9,3024.25,80.0
2026-08-10T05:52,GRIP,penuh_naik,486.0,3024.125,80.0
2026-08-10T05:52,GRIP,penuh_naik,487.2,3024.0,80.0
2026-08-10T05:52,GRIP,penuh_naik,488.3,3024.25,80.0
2026-08-10T05:52,GRIP,penuh_naik,489.5,3024.0,80.0
2026-08-10T05:52,GRIP,penuh_naik,490.7,3024.0,80.0
2026-08-10T05:52,GRIP,penuh_naik,491.8,3024.0,80.0
2026-08-10T05:52,GRIP,penuh_naik,493.0,3024.0,80.0
2026-08-10T05:52,GRIP,penuh_naik,494.1,3024.0,80.0
2026-08-10T05:52,GRIP,penuh_naik,495.3,3023.875,80.0
2026-08-10T05:52,GRIP,penuh_naik,496.5,3024.125,80.0
2026-08-10T05:52,GRIP,penuh_naik,497.6,3023.875,80.0
2026-08-10T05:52,GRIP,penuh_naik,498.8,3023.875,80.0
2026-08-10T05:52,GRIP,penuh_naik,499.9,3024.125,80.0
2026-08-10T05:52,GRIP,penuh_naik,501.1,3024.125,80.0
2026-08-10T05:52,GRIP,penuh_naik,502.3,3024.0,80.0
2026-08-10T05:52,GRIP,penuh_naik,503.4,3024.0,80.0
2026-08-10T05:52,GRIP,penuh_naik,504.6,3023.875,80.0
2026-08-10T05:52,GRIP,penuh_naik,505.7,3023.875,80.0
2026-08-10T05:52,GRIP,penuh_naik,506.9,3024.25,80.0
2026-08-10T05:52,GRIP,penuh_naik,508.1,3023.875,80.0
2026-08-10T05:52,GRIP,penuh_naik,509.2,3024.0,80.0
2026-08-10T05:52,GRIP,penuh_naik,510.4,3024.0,80.0
2026-08-10T05:52,GRIP,penuh_naik,511.5,3024.0,80.0
2026-08-10T05:52,GRIP,penuh_naik,512.7,3023.875,80.0
2026-08-10T05:52,GRIP,penuh_naik,513.9,3023.875,80.0
2026-08-10T05:52,GRIP,penuh_naik,515.0,3023.875,80.0
2026-08-10T05:52,GRIP,penuh_naik,516.2,3023.875,80.0
2026-08-10T05:52,GRIP,penuh_naik,517.3,3023.875,80.0
2026-08-10T05:52,GRIP,penuh_naik,518.5,3023.75,80.0
2026-08-10T05:52,GRIP,penuh_naik,519.7,3023.75,80.0
2026-08-10T05:52,GRIP,penuh_naik,520.8,3023.875,80.0
2026-08-10T05:52,GRIP,penuh_naik,522.0,3023.875,80.0
2026-08-10T05:52,GRIP,penuh_naik,523.1,3024.0,80.0
2026-08-10T05:52,GRIP,penuh_naik,524.3,3023.875,80.0
2026-08-10T05:52,GRIP,penuh_naik,525.5,3024.0,80.0
2026-08-10T05:52,GRIP,penuh_naik,526.6,3024.0,80.0
2026-08-10T05:52,GRIP,penuh_naik,527.8,3024.0,80.0
2026-08-10T05:52,GRIP,penuh_naik,528.9,3024.0,80.0
2026-08-10T05:52,GRIP,penuh_naik,530.1,3024.0,80.0
2026-08-10T05:52,GRIP,penuh_naik,531.3,3024.0,80.0
2026-08-10T05:52,GRIP,penuh_naik,532.4,3024.0,80.0
2026-08-10T05:52,GRIP,penuh_naik,533.6,3024.0,80.0
2026-08-10T05:52,GRIP,penuh_naik,534.7,3023.875,80.0
2026-08-10T05:52,GRIP,penuh_naik,535.9,3024.0,80.0
2026-08-10T05:52,GRIP,penuh_naik,537.1,3023.875,80.0
2026-08-10T05:52,GRIP,penuh_naik,538.2,3023.75,80.0
2026-08-10T05:52,GRIP,penuh_naik,539.4,3023.75,80.0
2026-08-10T05:52,GRIP,penuh_naik,540.5,3023.75,80.0
2026-08-10T05:52,GRIP,penuh_naik,541.7,3023.875,80.0
2026-08-10T05:52,GRIP,penuh_naik,542.9,3023.75,80.0
2026-08-10T05:52,GRIP,penuh_naik,544.0,3024.0,80.0
2026-08-10T05:52,GRIP,penuh_naik,545.2,3023.875,80.0
2026-08-10T05:52,GRIP,penuh_naik,546.3,3024.0,80.0
2026-08-10T05:52,GRIP,penuh_naik,547.5,3023.875,80.0
2026-08-10T05:52,GRIP,penuh_naik,548.7,3023.875,80.0
2026-08-10T05:52,GRIP,penuh_naik,549.8,3023.875,80.0
2026-08-10T05:52,GRIP,penuh_naik,551.0,3024.0,80.0
2026-08-10T05:52,GRIP,penuh_naik,552.1,3023.75,80.0
2026-08-10T05:52,GRIP,penuh_naik,553.3,3023.625,80.0
2026-08-10T05:52,GRIP,penuh_naik,554.5,3023.5,80.0
2026-08-10T05:52,GRIP,penuh_naik,555.6,3023.625,80.0
2026-08-10T05:52,GRIP,penuh_naik,556.8,3023.5,80.0
2026-08-10T05:52,GRIP,penuh_naik,557.9,3023.75,80.0
2026-08-10T05:52,GRIP,penuh_naik,559.1,3023.875,80.0
2026-08-10T05:52,GRIP,penuh_naik,560.3,3024.0,80.0
2026-08-10T05:52,GRIP,penuh_naik,561.4,3023.875,80.0
2026-08-10T05:52,GRIP,penuh_naik,562.6,3023.875,80.0
2026-08-10T05:52,GRIP,penuh_naik,563.7,3023.875,80.0
2026-08-10T05:52,GRIP,penuh_naik,564.9,3023.875,80.0
2026-08-10T05:52,GRIP,penuh_naik,566.1,3023.75,80.0
2026-08-10T05:52,GRIP,penuh_naik,567.2,3023.875,80.0
2026-08-10T05:52,GRIP,penuh_naik,568.4,3024.0,80.0
2026-08-10T05:52,GRIP,penuh_naik,569.5,3024.0,80.0
2026-08-10T05:52,GRIP,penuh_naik,570.7,3023.875,80.0
2026-08-10T05:52,GRIP,penuh_naik,571.9,3023.75,80.0
2026-08-10T05:52,GRIP,penuh_naik,573.0,3024.0,80.0
2026-08-10T05:52,GRIP,penuh_naik,574.2,3023.875,80.0
2026-08-10T05:52,GRIP,penuh_naik,575.3,3023.875,80.0
2026-08-10T05:52,GRIP,penuh_naik,576.5,3023.625,80.0
2026-08-10T05:52,GRIP,penuh_naik,577.7,3023.875,80.0
2026-08-10T05:52,GRIP,penuh_naik,578.8,3023.75,80.0
2026-08-10T05:52,GRIP,penuh_naik,580.0,3023.875,80.0
2026-08-10T05:52,GRIP,penuh_naik,581.1,3023.875,80.0
2026-08-10T05:52,GRIP,penuh_naik,582.3,3024.0,80.0
2026-08-10T05:52,GRIP,penuh_naik,583.5,3023.875,80.0
2026-08-10T05:52,GRIP,penuh_naik,584.6,3023.875,80.0
2026-08-10T05:52,GRIP,penuh_naik,585.8,3023.875,80.0
2026-08-10T05:52,GRIP,penuh_naik,586.9,3024.0,80.0
2026-08-10T05:52,GRIP,penuh_naik,588.1,3024.0,80.0
2026-08-10T05:52,GRIP,penuh_naik,589.3,3024.0,80.0
2026-08-10T05:52,GRIP,penuh_naik,590.4,3024.0,80.0
2026-08-10T05:52,GRIP,penuh_naik,591.6,3023.875,80.0
2026-08-10T05:52,GRIP,penuh_naik,592.7,3024.0,80.0
2026-08-10T05:52,GRIP,penuh_naik,593.9,3024.0,80.0
2026-08-10T05:52,GRIP,penuh_naik,595.1,3024.0,80.0
2026-08-10T05:52,GRIP,penuh_naik,596.2,3024.0,80.0
2026-08-10T05:52,GRIP,penuh_naik,597.4,3024.0,80.0
2026-08-10T05:52,GRIP,penuh_naik,598.5,3023.75,80.0
2026-08-10T05:52,GRIP,penuh_naik,599.7,3024.125,80.0
2026-08-10T05:52,GRIP,penuh_naik,600.9,3023.75,80.0
2026-08-10T05:52,GRIP,penuh_naik,602.0,3023.875,80.0
2026-08-10T05:52,GRIP,penuh_naik,603.2,3023.75,80.0
2026-08-10T05:52,GRIP,penuh_naik,604.3,3023.875,80.0
2026-08-10T05:52,GRIP,penuh_naik,605.5,3024.0,80.0
2026-08-10T05:52,GRIP,penuh_naik,606.7,3024.0,80.0
2026-08-10T05:52,GRIP,penuh_naik,607.8,3023.75,80.0
2026-08-10T05:52,GRIP,penuh_naik,609.0,3023.875,80.0
2026-08-10T05:52,GRIP,penuh_naik,610.1,3023.75,80.0
2026-08-10T05:52,GRIP,penuh_naik,611.3,3023.75,80.0
2026-08-10T05:52,GRIP,penuh_naik,612.5,3023.875,80.0
2026-08-10T05:52,GRIP,penuh_naik,613.6,3023.875,80.0
2026-08-10T05:52,GRIP,penuh_naik,614.8,3024.125,80.0
2026-08-10T05:52,GRIP,penuh_naik,615.9,3024.0,80.0
2026-08-10T05:52,GRIP,penuh_naik,617.1,3023.875,80.0
2026-08-10T05:52,GRIP,penuh_naik,618.3,3023.875,80.0
2026-08-10T05:52,GRIP,penuh_naik,619.4,3024.0,80.0
2026-08-10T05:52,GRIP,penuh_naik,620.6,3023.875,80.0
2026-08-10T05:52,GRIP,penuh_naik,621.7,3023.875,80.0
2026-08-10T05:52,GRIP,penuh_naik,622.9,3023.875,80.0
2026-08-10T05:52,GRIP,penuh_naik,624.1,3023.625,80.0
2026-08-10T05:52,GRIP,penuh_naik,625.2,3023.875,80.0
2026-08-10T05:52,GRIP,penuh_naik,626.4,3023.75,80.0
2026-08-10T05:52,GRIP,penuh_naik,627.5,3023.875,80.0
2026-08-10T05:52,GRIP,penuh_naik,628.7,3023.75,80.0
2026-08-10T05:52,GRIP,penuh_naik,629.9,3023.75,80.0
2026-08-10T05:52,GRIP,penuh_naik,631.0,3023.875,80.0
2026-08-10T05:52,GRIP,penuh_naik,632.2,3023.875,80.0
2026-08-10T05:52,GRIP,penuh_naik,633.3,3023.75,80.0
2026-08-10T05:52,GRIP,penuh_naik,634.5,3023.75,80.0
2026-08-10T05:52,GRIP,penuh_naik,635.7,3024.0,80.0
2026-08-10T05:52,GRIP,penuh_naik,636.8,3023.75,80.0
2026-08-10T05:52,GRIP,penuh_naik,638.0,3023.75,80.0
2026-08-10T05:52,GRIP,penuh_naik,639.1,3023.75,80.0
2026-08-10T05:52,GRIP,penuh_naik,640.3,3023.75,80.0
2026-08-10T05:52,GRIP,penuh_naik,641.5,3024.0,80.0
2026-08-10T05:52,GRIP,penuh_naik,642.6,3024.0,80.0
2026-08-10T05:52,GRIP,penuh_naik,643.8,3023.75,80.0
2026-08-10T05:52,GRIP,penuh_naik,644.9,3023.75,80.0
2026-08-10T05:52,GRIP,penuh_naik,646.1,3023.875,80.0
2026-08-10T05:52,GRIP,penuh_naik,647.3,3024.0,80.0
2026-08-10T05:52,GRIP,penuh_naik,648.4,3023.75,80.0
2026-08-10T05:52,GRIP,penuh_naik,649.6,3024.0,80.0
2026-08-10T05:52,GRIP,penuh_naik,650.7,3023.875,80.0
2026-08-10T05:52,GRIP,penuh_naik,651.9,3023.875,80.0
2026-08-10T05:52,GRIP,penuh_naik,653.1,3023.875,80.0
2026-08-10T05:52,GRIP,penuh_naik,654.2,3023.875,80.0
2026-08-10T05:52,GRIP,penuh_naik,655.4,3023.75,80.0
2026-08-10T05:52,GRIP,penuh_naik,656.5,3023.75,80.0
2026-08-10T05:52,GRIP,penuh_naik,657.7,3023.75,80.0
2026-08-10T05:52,GRIP,penuh_naik,658.9,3024.0,80.0
2026-08-10T05:52,GRIP,penuh_naik,660.0,3023.875,80.0
2026-08-10T05:52,GRIP,penuh_naik,661.2,3024.0,80.0
2026-08-10T05:52,GRIP,penuh_naik,662.3,3023.875,80.0
2026-08-10T05:52,GRIP,penuh_naik,663.5,3023.75,80.0
2026-08-10T05:52,GRIP,penuh_naik,664.7,3023.75,80.0
2026-08-10T05:52,GRIP,penuh_naik,665.8,3024.0,80.0
2026-08-10T05:52,GRIP,penuh_naik,667.0,3024.0,80.0
2026-08-10T05:52,GRIP,penuh_naik,668.1,3024.0,80.0
2026-08-10T05:52,GRIP,penuh_naik,669.3,3024.125,80.0
2026-08-10T05:52,GRIP,penuh_naik,670.5,3024.0,80.0
2026-08-10T05:52,GRIP,penuh_naik,671.6,3023.875,80.0
2026-08-10T05:52,GRIP,penuh_naik,672.8,3023.875,80.0
2026-08-10T05:52,GRIP,penuh_naik,673.9,3023.75,80.0
2026-08-10T05:52,GRIP,penuh_naik,675.1,3024.0,80.0
2026-08-10T05:52,GRIP,penuh_naik,676.3,3023.875,80.0
2026-08-10T05:52,GRIP,penuh_naik,677.4,3023.875,80.0
2026-08-10T05:52,GRIP,penuh_naik,678.6,3023.75,80.0
2026-08-10T05:52,GRIP,penuh_naik,679.7,3023.875,80.0
2026-08-10T05:52,GRIP,penuh_naik,680.9,3023.875,80.0
2026-08-10T05:52,GRIP,penuh_naik,682.1,3024.0,80.0
2026-08-10T05:52,GRIP,penuh_naik,683.2,3024.0,80.0
2026-08-10T05:52,GRIP,penuh_naik,684.4,3023.875,80.0
2026-08-10T05:52,GRIP,penuh_naik,685.5,3023.875,80.0
2026-08-10T05:52,GRIP,penuh_naik,686.7,3023.75,80.0
2026-08-10T05:52,GRIP,penuh_naik,687.9,3023.875,80.0
2026-08-10T05:52,GRIP,penuh_naik,689.0,3024.0,80.0
2026-08-10T05:52,GRIP,penuh_naik,690.2,3024.0,80.0
2026-08-10T05:52,GRIP,penuh_naik,691.3,3024.0,80.0
2026-08-10T05:52,GRIP,penuh_naik,692.5,3023.875,80.0
2026-08-10T05:52,GRIP,penuh_naik,693.7,3023.625,80.0
2026-08-10T05:52,GRIP,penuh_naik,694.8,3023.75,80.0
2026-08-10T05:52,GRIP,penuh_naik,696.0,3024.0,80.0
2026-08-10T05:52,GRIP,penuh_naik,697.1,3024.125,80.0
2026-08-10T05:52,GRIP,penuh_naik,698.3,3023.75,80.0
2026-08-10T05:52,GRIP,penuh_naik,699.5,3023.75,80.0
2026-08-10T05:52,GRIP,penuh_naik,700.6,3023.875,80.0
2026-08-10T05:52,GRIP,penuh_naik,701.8,3023.875,80.0
2026-08-10T05:52,GRIP,penuh_naik,702.9,3023.875,80.0
2026-08-10T05:52,GRIP,penuh_naik,704.1,3024.0,80.0
2026-08-10T05:52,GRIP,penuh_naik,705.3,3024.0,80.0
2026-08-10T05:52,GRIP,penuh_naik,706.4,3023.875,80.0
2026-08-10T05:52,GRIP,penuh_naik,707.6,3024.0,80.0
2026-08-10T05:52,GRIP,penuh_naik,708.7,3023.875,80.0
2026-08-10T05:52,GRIP,penuh_naik,709.9,3023.875,80.0
2026-08-10T05:52,GRIP,penuh_naik,711.1,3024.0,80.0
2026-08-10T05:52,GRIP,penuh_naik,712.2,3023.875,80.0
2026-08-10T05:52,GRIP,penuh_naik,713.4,3024.0,80.0
2026-08-10T05:52,GRIP,penuh_naik,714.5,3024.0,80.0
2026-08-10T05:52,GRIP,penuh_naik,715.7,3023.625,80.0
2026-08-10T05:52,GRIP,penuh_naik,716.9,3023.875,80.0
2026-08-10T05:52,GRIP,penuh_naik,718.0,3024.0,80.0
2026-08-10T05:52,GRIP,penuh_naik,719.2,3024.0,80.0
2026-08-10T05:52,GRIP,penuh_naik,720.3,3023.75,80.0
2026-08-10T05:52,GRIP,penuh_naik,721.5,3023.875,80.0
2026-08-10T05:52,GRIP,penuh_naik,722.7,3023.875,80.0
2026-08-10T05:52,GRIP,penuh_naik,723.8,3023.75,80.0
2026-08-10T05:52,GRIP,penuh_naik,725.0,3023.75,80.0
2026-08-10T05:52,GRIP,penuh_naik,726.1,3023.75,80.0
2026-08-10T05:52,GRIP,penuh_naik,727.3,3023.875,80.0
2026-08-10T05:52,GRIP,penuh_naik,728.5,3023.875,80.0
2026-08-10T05:52,GRIP,penuh_naik,729.6,3023.875,80.0
2026-08-10T05:52,GRIP,penuh_naik,730.8,3024.0,80.0
2026-08-10T05:52,GRIP,penuh_naik,731.9,3023.875,80.0
2026-08-10T05:52,GRIP,penuh_naik,733.1,3023.75,80.0
2026-08-10T05:52,GRIP,penuh_naik,734.3,3023.75,80.0
2026-08-10T05:52,GRIP,penuh_naik,735.4,3024.125,80.0
2026-08-10T05:52,GRIP,penuh_naik,736.6,3023.75,80.0
2026-08-10T05:52,GRIP,penuh_naik,737.7,3023.75,80.0
2026-08-10T05:52,GRIP,penuh_naik,738.9,3023.875,80.0
2026-08-10T05:52,GRIP,penuh_naik,740.1,3023.875,80.0
2026-08-10T05:52,GRIP,penuh_naik,741.2,3023.875,80.0
2026-08-10T05:52,GRIP,penuh_naik,742.4,3023.75,80.0
2026-08-10T05:52,GRIP,penuh_naik,743.5,3023.75,80.0
2026-08-10T05:52,GRIP,penuh_naik,744.7,3023.75,80.0
2026-08-10T05:52,GRIP,penuh_naik,745.9,3023.75,80.0
2026-08-10T05:52,GRIP,penuh_naik,747.0,3023.75,80.0
2026-08-10T05:52,GRIP,penuh_naik,748.2,3024.0,80.0
2026-08-10T05:52,GRIP,penuh_naik,749.3,3023.75,80.0
2026-08-10T05:52,GRIP,penuh_naik,750.5,3023.875,80.0
2026-08-10T05:52,GRIP,penuh_naik,751.7,3023.875,80.0
2026-08-10T05:52,GRIP,penuh_naik,752.8,3023.875,80.0
2026-08-10T05:52,GRIP,penuh_naik,754.0,3024.0,80.0
2026-08-10T05:52,GRIP,penuh_naik,755.1,3023.875,80.0
2026-08-10T05:52,GRIP,penuh_naik,756.3,3023.625,80.0
2026-08-10T05:52,GRIP,penuh_naik,757.5,3023.875,80.0
2026-08-10T05:52,GRIP,penuh_naik,758.6,3023.625,80.0
2026-08-10T05:52,GRIP,penuh_naik,759.8,3023.5,80.0
2026-08-10T05:52,GRIP,penuh_naik,760.9,3023.625,80.0
2026-08-10T05:52,GRIP,penuh_naik,762.1,3023.75,80.0
2026-08-10T05:52,GRIP,penuh_naik,763.3,3023.75,80.0
2026-08-10T05:52,GRIP,penuh_naik,764.4,3023.75,80.0
2026-08-10T05:52,GRIP,penuh_naik,765.6,3023.875,80.0
2026-08-10T05:52,GRIP,penuh_naik,766.7,3023.875,80.0
2026-08-10T05:52,GRIP,penuh_naik,767.9,3023.75,80.0
2026-08-10T05:52,GRIP,penuh_naik,769.1,3023.875,80.0
2026-08-10T05:52,GRIP,penuh_naik,770.2,3024.0,80.0
2026-08-10T05:52,GRIP,penuh_naik,771.4,3023.875,80.0
2026-08-10T05:52,GRIP,penuh_naik,772.5,3024.0,80.0
2026-08-10T05:52,GRIP,penuh_naik,773.7,3023.75,80.0
2026-08-10T05:52,GRIP,penuh_naik,774.9,3023.75,80.0
2026-08-10T05:52,GRIP,penuh_naik,776.0,3023.75,80.0
2026-08-10T05:52,GRIP,penuh_naik,777.2,3023.875,80.0
2026-08-10T05:52,GRIP,penuh_naik,778.3,3024.0,80.0
2026-08-10T05:52,GRIP,penuh_naik,779.5,3023.875,80.0
2026-08-10T05:52,GRIP,penuh_naik,780.7,3024.0,80.0
2026-08-10T05:52,GRIP,penuh_naik,781.8,3023.875,80.0
2026-08-10T05:52,GRIP,penuh_naik,783.0,3023.875,80.0
2026-08-10T05:52,GRIP,penuh_naik,784.1,3023.75,80.0
2026-08-10T05:52,GRIP,penuh_naik,785.3,3023.75,80.0
2026-08-10T05:52,GRIP,penuh_naik,786.5,3023.875,80.0
2026-08-10T05:52,GRIP,penuh_naik,787.6,3023.75,80.0
2026-08-10T05:52,GRIP,penuh_naik,788.8,3024.0,80.0
2026-08-10T05:52,GRIP,penuh_naik,789.9,3023.875,80.0
2026-08-10T05:52,GRIP,penuh_naik,791.1,3024.125,80.0
2026-08-10T05:52,GRIP,penuh_naik,792.3,3023.875,80.0
2026-08-10T05:52,GRIP,penuh_naik,793.4,3023.625,80.0
2026-08-10T05:52,GRIP,penuh_naik,794.6,3023.875,80.0
2026-08-10T05:52,GRIP,penuh_naik,795.7,3023.875,80.0
2026-08-10T05:52,GRIP,penuh_naik,796.9,3023.625,80.0
2026-08-10T05:52,GRIP,penuh_naik,798.1,3023.625,80.0
2026-08-10T05:52,GRIP,penuh_naik,799.2,3023.625,80.0
2026-08-10T05:52,GRIP,penuh_naik,800.4,3023.75,80.0
2026-08-10T05:52,GRIP,penuh_naik,801.5,3023.875,80.0
2026-08-10T05:52,GRIP,penuh_naik,802.7,3023.875,80.0
2026-08-10T05:52,GRIP,penuh_naik,803.9,3023.75,80.0
2026-08-10T05:52,GRIP,penuh_naik,805.0,3023.75,80.0
2026-08-10T05:52,GRIP,penuh_naik,806.2,3023.875,80.0
2026-08-10T05:52,GRIP,penuh_naik,807.3,3023.875,80.0
2026-08-10T05:52,GRIP,penuh_naik,808.5,3023.875,80.0
2026-08-10T05:52,GRIP,penuh_naik,809.7,3023.75,80.0
2026-08-10T05:52,GRIP,penuh_naik,810.8,3023.875,80.0
2026-08-10T05:52,GRIP,penuh_naik,812.0,3023.75,80.0
2026-08-10T05:52,GRIP,penuh_naik,813.1,3023.875,80.0
2026-08-10T05:52,GRIP,penuh_naik,814.3,3023.875,80.0
2026-08-10T05:52,GRIP,penuh_naik,815.5,3023.75,80.0
2026-08-10T05:52,GRIP,penuh_naik,816.6,3023.875,80.0
2026-08-10T05:52,GRIP,penuh_naik,817.8,3023.75,80.0
2026-08-10T05:52,GRIP,penuh_naik,818.9,3023.75,80.0
2026-08-10T05:52,GRIP,penuh_naik,820.1,3023.75,80.0
2026-08-10T05:52,GRIP,penuh_naik,821.3,3023.75,80.0
2026-08-10T05:52,GRIP,penuh_naik,822.4,3023.875,80.0
2026-08-10T05:52,GRIP,penuh_naik,823.6,3023.875,80.0
2026-08-10T05:52,GRIP,penuh_naik,824.7,3023.75,80.0
2026-08-10T05:52,GRIP,penuh_naik,825.9,3023.75,80.0
2026-08-10T05:52,GRIP,penuh_naik,827.1,3023.875,80.0
2026-08-10T05:52,GRIP,penuh_naik,828.2,3023.875,80.0
2026-08-10T05:52,GRIP,penuh_naik,829.4,3023.875,80.0
2026-08-10T05:52,GRIP,penuh_naik,830.5,3023.75,80.0
2026-08-10T05:52,GRIP,penuh_naik,831.7,3023.75,80.0
2026-08-10T05:52,GRIP,penuh_naik,832.9,3023.875,80.0
2026-08-10T05:52,GRIP,penuh_naik,834.0,3023.875,80.0
2026-08-10T05:52,GRIP,penuh_naik,835.2,3023.875,80.0
2026-08-10T05:52,GRIP,penuh_naik,836.3,3023.625,80.0
2026-08-10T05:52,GRIP,penuh_naik,837.5,3023.625,80.0
2026-08-10T05:52,GRIP,penuh_naik,838.7,3023.625,80.0
2026-08-10T05:52,GRIP,penuh_naik,839.8,3023.875,80.0
2026-08-10T05:52,GRIP,penuh_naik,841.0,3023.875,80.0
2026-08-10T05:52,GRIP,penuh_naik,842.1,3023.625,80.0
2026-08-10T05:52,GRIP,penuh_naik,843.3,3023.75,80.0
2026-08-10T05:52,GRIP,penuh_naik,844.5,3023.75,80.0
2026-08-10T05:52,GRIP,penuh_naik,845.6,3023.75,80.0
2026-08-10T05:52,GRIP,penuh_naik,846.8,3023.75,80.0
2026-08-10T05:52,GRIP,penuh_naik,847.9,3023.75,80.0
2026-08-10T05:52,GRIP,penuh_naik,849.1,3023.875,80.0
2026-08-10T05:52,GRIP,penuh_naik,850.3,3023.75,80.0
2026-08-10T05:52,GRIP,penuh_naik,851.4,3023.875,80.0
2026-08-10T05:52,GRIP,penuh_naik,852.6,3023.875,80.0
2026-08-10T05:52,GRIP,penuh_naik,853.7,3023.75,80.0
2026-08-10T05:52,GRIP,penuh_naik,854.9,3023.875,80.0
2026-08-10T05:52,GRIP,penuh_naik,856.1,3023.875,80.0
2026-08-10T05:52,GRIP,penuh_naik,857.2,3023.875,80.0
2026-08-10T05:52,GRIP,penuh_naik,858.4,3023.75,80.0
2026-08-10T05:52,GRIP,penuh_naik,859.5,3024.0,80.0
2026-08-10T05:52,GRIP,penuh_naik,860.7,3023.875,80.0
2026-08-10T05:52,GRIP,penuh_naik,861.9,3023.875,80.0
2026-08-10T05:52,GRIP,penuh_naik,863.0,3023.75,80.0
2026-08-10T05:52,GRIP,penuh_naik,864.2,3023.875,80.0
2026-08-10T05:52,GRIP,penuh_naik,865.3,3024.0,80.0
2026-08-10T05:52,GRIP,penuh_naik,866.5,3023.875,80.0
2026-08-10T05:52,GRIP,penuh_naik,867.7,3023.75,80.0
2026-08-10T05:52,GRIP,penuh_naik,868.8,3023.75,80.0
2026-08-10T05:52,GRIP,penuh_naik,870.0,3024.0,80.0
2026-08-10T05:52,GRIP,penuh_naik,871.1,3023.875,80.0
2026-08-10T05:52,GRIP,penuh_naik,872.3,3023.875,80.0
2026-08-10T05:52,GRIP,penuh_naik,873.5,3023.875,80.0
2026-08-10T05:52,GRIP,penuh_naik,874.6,3023.75,80.0
2026-08-10T05:52,GRIP,penuh_naik,875.8,3023.875,80.0
2026-08-10T05:52,GRIP,penuh_naik,876.9,3023.75,80.0
2026-08-10T05:52,GRIP,penuh_naik,878.1,3023.75,80.0
2026-08-10T05:52,GRIP,penuh_naik,879.3,3023.75,80.0
2026-08-10T05:52,GRIP,penuh_naik,880.4,3023.75,80.0
2026-08-10T05:52,GRIP,penuh_naik,881.6,3023.75,80.0
2026-08-10T05:52,GRIP,penuh_naik,882.7,3023.875,80.0
2026-08-10T05:52,GRIP,penuh_naik,883.9,3024.0,80.0
2026-08-10T05:52,GRIP,penuh_naik,885.1,3023.625,80.0
2026-08-10T05:52,GRIP,penuh_naik,886.2,3023.875,80.0
2026-08-10T05:52,GRIP,penuh_naik,887.4,3023.75,80.0
2026-08-10T05:52,GRIP,penuh_naik,888.5,3023.625,80.0
2026-08-10T05:52,GRIP,penuh_naik,889.7,3023.875,80.0
2026-08-10T05:52,GRIP,penuh_naik,890.9,3023.75,80.0
2026-08-10T05:52,GRIP,penuh_naik,892.0,3023.75,80.0
2026-08-10T05:52,GRIP,penuh_naik,893.2,3023.875,80.0
2026-08-10T05:52,GRIP,penuh_naik,894.3,3023.875,80.0
2026-08-10T05:52,GRIP,penuh_naik,895.5,3023.875,80.0
2026-08-10T05:52,GRIP,penuh_naik,896.7,3023.75,80.0
2026-08-10T05:52,GRIP,penuh_naik,897.8,3023.75,80.0
2026-08-10T05:52,GRIP,penuh_naik,899.0,3023.875,80.0
2026-08-10T05:52,GRIP,penuh_naik,900.1,3023.75,80.0
2026-08-10T05:52,GRIP,penuh_naik,901.3,3023.875,80.0
2026-08-10T05:52,GRIP,penuh_naik,902.5,3023.625,80.0
2026-08-10T05:52,GRIP,penuh_naik,903.6,3023.875,80.0
2026-08-10T05:52,GRIP,penuh_naik,904.8,3023.75,80.0
2026-08-10T05:52,GRIP,penuh_naik,905.9,3024.0,80.0
2026-08-10T05:52,GRIP,penuh_naik,907.1,3023.875,80.0
2026-08-10T05:52,GRIP,penuh_naik,908.3,3023.875,80.0
2026-08-10T05:52,GRIP,penuh_naik,909.4,3023.875,80.0
2026-08-10T05:52,GRIP,penuh_naik,910.6,3023.875,80.0
2026-08-10T05:52,GRIP,penuh_naik,911.7,3023.875,80.0
2026-08-10T05:52,GRIP,penuh_naik,912.9,3023.75,80.0
2026-08-10T05:52,GRIP,penuh_naik,914.1,3023.875,80.0
2026-08-10T05:52,GRIP,penuh_naik,915.2,3023.875,80.0
2026-08-10T05:52,GRIP,penuh_naik,916.4,3024.0,80.0
2026-08-10T05:52,GRIP,penuh_naik,917.5,3023.75,80.0
2026-08-10T05:52,GRIP,penuh_naik,918.7,3023.75,80.0
2026-08-10T05:52,GRIP,penuh_naik,919.9,3023.75,80.0
2026-08-10T05:52,GRIP,penuh_naik,921.0,3023.75,80.0
2026-08-10T05:52,GRIP,penuh_naik,922.2,3023.875,80.0
2026-08-10T05:52,GRIP,penuh_naik,923.3,3023.875,80.0
2026-08-10T05:52,GRIP,penuh_naik,924.5,3023.875,80.0
2026-08-10T05:52,GRIP,penuh_naik,925.7,3023.75,80.0
2026-08-10T05:52,GRIP,penuh_naik,926.8,3023.875,80.0
2026-08-10T05:52,GRIP,penuh_naik,928.0,3023.875,80.0
2026-08-10T05:52,GRIP,penuh_naik,929.1,3023.75,80.0
2026-08-10T05:52,GRIP,penuh_naik,930.3,3023.875,80.0
2026-08-10T05:52,GRIP,penuh_naik,931.5,3023.875,80.0
2026-08-10T05:52,GRIP,penuh_naik,932.6,3023.75,80.0
2026-08-10T05:52,GRIP,penuh_naik,933.8,3023.625,80.0
2026-08-10T05:52,GRIP,penuh_naik,934.9,3024.0,80.0
2026-08-10T05:52,GRIP,penuh_naik,936.1,3023.75,80.0
2026-08-10T05:52,GRIP,penuh_naik,937.3,3023.875,80.0
2026-08-10T05:52,GRIP,penuh_naik,938.4,3023.875,80.0
2026-08-10T05:52,GRIP,penuh_naik,939.6,3024.0,80.0
2026-08-10T05:52,GRIP,penuh_naik,940.7,3023.875,80.0
2026-08-10T05:52,GRIP,penuh_naik,941.9,3023.75,80.0
2026-08-10T05:52,GRIP,penuh_naik,943.1,3023.875,80.0
2026-08-10T05:52,GRIP,penuh_naik,944.2,3023.75,80.0
2026-08-10T05:52,GRIP,penuh_naik,945.4,3024.0,80.0
2026-08-10T05:52,GRIP,penuh_naik,946.5,3023.875,80.0
2026-08-10T05:52,GRIP,penuh_naik,947.7,3023.875,80.0
2026-08-10T05:52,GRIP,penuh_naik,948.9,3024.0,80.0
2026-08-10T05:52,GRIP,penuh_naik,950.0,3023.875,80.0
2026-08-10T05:52,GRIP,penuh_naik,951.2,3023.875,80.0
2026-08-10T05:52,GRIP,penuh_naik,952.3,3024.0,80.0
2026-08-10T05:52,GRIP,penuh_naik,953.5,3024.0,80.0
2026-08-10T05:52,GRIP,penuh_naik,954.7,3024.0,80.0
2026-08-10T05:52,GRIP,penuh_naik,955.8,3023.875,80.0
2026-08-10T05:52,GRIP,penuh_naik,957.0,3024.0,80.0
2026-08-10T05:52,GRIP,penuh_naik,958.1,3024.125,80.0
2026-08-10T05:52,GRIP,penuh_naik,959.3,3024.125,80.0
2026-08-10T05:52,GRIP,penuh_naik,960.5,3024.0,80.0
2026-08-10T05:52,GRIP,penuh_naik,961.6,3024.0,80.0
2026-08-10T05:52,GRIP,penuh_naik,962.8,3023.875,80.0
2026-08-10T05:52,GRIP,penuh_naik,963.9,3023.75,80.0
2026-08-10T05:52,GRIP,penuh_naik,965.1,3023.5,80.0
2026-08-10T05:52,GRIP,penuh_naik,966.3,3023.75,80.0
2026-08-10T05:52,GRIP,penuh_naik,967.4,3023.625,80.0
2026-08-10T05:52,GRIP,penuh_naik,968.6,3023.875,80.0
2026-08-10T05:52,GRIP,penuh_naik,969.7,3023.75,80.0
2026-08-10T05:52,GRIP,penuh_naik,970.9,3023.75,80.0
2026-08-10T05:52,GRIP,penuh_naik,972.1,3023.875,80.0
2026-08-10T05:52,GRIP,penuh_naik,973.2,3024.0,80.0
2026-08-10T05:52,GRIP,penuh_naik,974.4,3023.875,80.0
2026-08-10T05:52,GRIP,penuh_naik,975.5,3023.875,80.0
2026-08-10T05:52,GRIP,penuh_naik,976.7,3023.875,80.0
2026-08-10T05:52,GRIP,penuh_naik,977.9,3023.875,80.0
2026-08-10T05:52,GRIP,penuh_naik,979.0,3023.75,80.0
2026-08-10T05:52,GRIP,penuh_turun,0.0,3024.0,80.0
2026-08-10T05:52,GRIP,penuh_turun,1.1,3024.25,80.0
2026-08-10T05:52,GRIP,penuh_turun,2.3,3024.0,80.0
2026-08-10T05:52,GRIP,penuh_turun,3.4,3024.0,80.0
2026-08-10T05:52,GRIP,penuh_turun,4.6,3024.5,80.0
2026-08-10T05:52,GRIP,penuh_turun,5.8,3024.0,80.0
2026-08-10T05:52,GRIP,penuh_turun,6.9,3023.875,80.0
2026-08-10T05:52,GRIP,penuh_turun,8.1,3023.875,80.0
2026-08-10T05:52,GRIP,penuh_turun,9.2,3024.0,80.0
2026-08-10T05:52,GRIP,penuh_turun,10.4,3023.875,80.0
2026-08-10T05:52,GRIP,penuh_turun,11.6,3024.0,80.0
2026-08-10T05:52,GRIP,penuh_turun,12.7,3024.0,80.0
2026-08-10T05:52,GRIP,penuh_turun,13.9,3024.125,80.0
2026-08-10T05:52,GRIP,penuh_turun,15.0,3024.0,80.0
2026-08-10T05:52,GRIP,penuh_turun,16.2,3024.0,80.0
2026-08-10T05:52,GRIP,penuh_turun,17.4,3023.75,80.0
2026-08-10T05:52,GRIP,penuh_turun,18.5,3024.0,80.0
2026-08-10T05:52,GRIP,penuh_turun,19.7,3023.875,80.0
2026-08-10T05:52,GRIP,penuh_turun,20.8,3023.875,80.0
2026-08-10T05:52,GRIP,penuh_turun,22.0,3024.25,80.0
2026-08-10T05:52,GRIP,penuh_turun,23.2,3023.75,80.0
2026-08-10T05:52,GRIP,penuh_turun,24.3,3023.875,80.0
2026-08-10T05:52,GRIP,penuh_turun,25.5,3023.875,80.0
2026-08-10T05:52,GRIP,penuh_turun,26.6,3023.875,80.0
2026-08-10T05:52,GRIP,penuh_turun,27.8,3023.75,80.0
2026-08-10T05:52,GRIP,penuh_turun,29.0,3023.875,80.0
2026-08-10T05:52,GRIP,penuh_turun,30.1,3023.75,80.0
2026-08-10T05:52,GRIP,penuh_turun,31.3,3023.75,80.0
2026-08-10T05:52,GRIP,penuh_turun,32.4,3023.75,80.0
2026-08-10T05:52,GRIP,penuh_turun,33.6,3023.75,80.0
2026-08-10T05:52,GRIP,penuh_turun,34.8,3023.625,80.0
2026-08-10T05:52,GRIP,penuh_turun,35.9,3023.875,80.0
2026-08-10T05:52,GRIP,penuh_turun,37.1,3023.875,80.0
2026-08-10T05:52,GRIP,penuh_turun,38.2,3023.875,80.0
2026-08-10T05:52,GRIP,penuh_turun,39.4,3023.875,80.0
2026-08-10T05:52,GRIP,penuh_turun,40.6,3023.875,80.0
2026-08-10T05:52,GRIP,penuh_turun,41.7,3023.875,80.0
2026-08-10T05:52,GRIP,penuh_turun,42.9,3023.75,80.0
2026-08-10T05:52,GRIP,penuh_turun,44.0,3023.875,80.0
2026-08-10T05:52,GRIP,penuh_turun,45.2,3023.875,80.0
2026-08-10T05:52,GRIP,penuh_turun,46.4,3023.875,80.0
2026-08-10T05:52,GRIP,penuh_turun,47.5,3023.625,80.0
2026-08-10T05:52,GRIP,penuh_turun,48.7,3023.875,80.0
2026-08-10T05:52,GRIP,penuh_turun,49.8,3023.875,80.0
2026-08-10T05:52,GRIP,penuh_turun,51.0,3023.75,80.0
2026-08-10T05:52,GRIP,penuh_turun,52.2,3023.875,80.0
2026-08-10T05:52,GRIP,penuh_turun,53.3,3023.75,80.0
2026-08-10T05:52,GRIP,penuh_turun,54.5,3023.875,80.0
2026-08-10T05:52,GRIP,penuh_turun,55.6,3023.875,80.0
2026-08-10T05:52,GRIP,penuh_turun,56.8,3023.75,80.0
2026-08-10T05:52,GRIP,penuh_turun,58.0,3023.875,80.0
2026-08-10T05:52,GRIP,penuh_turun,59.1,3023.875,80.0
2026-08-10T05:52,GRIP,penuh_turun,60.3,3024.0,80.0
2026-08-10T05:52,GRIP,penuh_turun,61.4,3023.875,80.0
2026-08-10T05:52,GRIP,penuh_turun,62.6,3023.875,80.0
2026-08-10T05:52,GRIP,penuh_turun,63.8,3023.875,80.0
2026-08-10T05:52,GRIP,penuh_turun,64.9,3023.875,80.0
2026-08-10T05:52,GRIP,penuh_turun,66.1,3023.875,80.0
2026-08-10T05:52,GRIP,penuh_turun,67.2,3024.0,80.0
2026-08-10T05:52,GRIP,penuh_turun,68.4,3023.75,80.0
2026-08-10T05:52,GRIP,penuh_turun,69.6,3023.75,80.0
2026-08-10T05:52,GRIP,penuh_turun,70.7,3023.75,80.0
2026-08-10T05:52,GRIP,penuh_turun,71.9,3023.875,80.0
2026-08-10T05:52,GRIP,penuh_turun,73.0,3023.875,80.0
2026-08-10T05:52,GRIP,penuh_turun,74.2,3024.0,80.0
2026-08-10T05:52,GRIP,penuh_turun,75.4,3023.75,80.0
2026-08-10T05:52,GRIP,penuh_turun,76.5,3023.75,80.0
2026-08-10T05:52,GRIP,penuh_turun,77.7,3024.0,80.0
2026-08-10T05:52,GRIP,penuh_turun,78.8,3023.875,80.0
2026-08-10T05:52,GRIP,penuh_turun,80.0,3023.875,80.0
2026-08-10T05:52,GRIP,penuh_turun,81.2,3024.0,80.0
2026-08-10T05:52,GRIP,penuh_turun,82.3,3024.0,80.0
2026-08-10T05:52,GRIP,penuh_turun,83.5,3024.0,80.0
2026-08-10T05:52,GRIP,penuh_turun,84.6,3023.75,80.0
2026-08-10T05:52,GRIP,penuh_turun,85.8,3023.875,80.0
2026-08-10T05:52,GRIP,penuh_turun,87.0,3023.75,80.0
2026-08-10T05:52,GRIP,penuh_turun,88.1,3023.75,80.0
2026-08-10T05:52,GRIP,penuh_turun,89.3,3023.875,80.0
2026-08-10T05:52,GRIP,penuh_turun,90.4,3024.0,80.0
2026-08-10T05:52,GRIP,penuh_turun,91.6,3023.875,80.0
2026-08-10T05:52,GRIP,penuh_turun,92.8,3023.75,80.0
2026-08-10T05:52,GRIP,penuh_turun,93.9,3023.625,80.0
2026-08-10T05:52,GRIP,penuh_turun,95.1,3023.875,80.0
2026-08-10T05:52,GRIP,penuh_turun,96.2,3023.875,80.0
2026-08-10T05:52,GRIP,penuh_turun,97.4,3023.75,80.0
2026-08-10T05:52,GRIP,penuh_turun,98.6,3023.875,80.0
2026-08-10T05:52,GRIP,penuh_turun,99.7,3023.75,80.0
2026-08-10T05:52,GRIP,penuh_turun,100.9,3023.875,80.0
2026-08-10T05:52,GRIP,penuh_turun,102.0,3076.125,80.0
2026-08-10T05:52,GRIP,penuh_turun,103.2,3171.25,80.0
2026-08-10T05:52,GRIP,penuh_turun,104.4,3164.0,80.0
2026-08-10T05:52,GRIP,penuh_turun,105.5,3160.125,80.0
2026-08-10T05:52,GRIP,penuh_turun,106.7,3152.125,80.0
2026-08-10T05:52,GRIP,penuh_turun,107.8,3149.375,80.0
2026-08-10T05:52,GRIP,penuh_turun,109.0,3142.375,80.0
2026-08-10T05:52,GRIP,penuh_turun,110.2,3137.875,80.0
2026-08-10T05:52,GRIP,penuh_turun,111.3,3134.0,80.0
2026-08-10T05:52,GRIP,penuh_turun,112.5,3128.0,80.0
2026-08-10T05:52,GRIP,penuh_turun,113.6,3121.25,80.0
2026-08-10T05:52,GRIP,penuh_turun,114.8,3107.25,80.0
2026-08-10T05:52,GRIP,penuh_turun,116.0,3095.0,80.0
2026-08-10T05:52,GRIP,penuh_turun,117.1,3091.75,80.0
2026-08-10T05:52,GRIP,penuh_turun,118.3,3084.0,80.0
2026-08-10T05:52,GRIP,penuh_turun,119.4,3070.25,80.0
2026-08-10T05:52,GRIP,penuh_turun,120.6,3070.25,80.0
2026-08-10T05:52,GRIP,penuh_turun,121.8,3060.0,80.0
2026-08-10T05:52,GRIP,penuh_turun,122.9,3046.75,80.0
2026-08-10T05:52,GRIP,penuh_turun,124.1,3036.375,80.0
2026-08-10T05:52,GRIP,penuh_turun,125.2,3030.375,80.0
2026-08-10T05:52,GRIP,penuh_turun,126.4,3016.75,80.0
2026-08-10T05:52,GRIP,penuh_turun,127.6,3006.0,80.0
2026-08-10T05:52,GRIP,penuh_turun,128.7,2994.0,80.0
2026-08-10T05:52,GRIP,penuh_turun,129.9,2984.0,80.0
2026-08-10T05:52,GRIP,penuh_turun,131.0,2971.875,80.0
2026-08-10T05:52,GRIP,penuh_turun,132.2,2961.375,80.0
2026-08-10T05:52,GRIP,penuh_turun,133.4,2952.875,80.0
2026-08-10T05:52,GRIP,penuh_turun,134.5,2940.75,80.0
2026-08-10T05:52,GRIP,penuh_turun,135.7,2928.375,80.0
2026-08-10T05:52,GRIP,penuh_turun,136.8,2922.625,80.0
2026-08-10T05:52,GRIP,penuh_turun,138.0,2906.625,80.0
2026-08-10T05:52,GRIP,penuh_turun,139.2,2896.75,80.0
2026-08-10T05:52,GRIP,penuh_turun,140.3,2885.125,80.0
2026-08-10T05:52,GRIP,penuh_turun,141.5,2874.625,80.0
2026-08-10T05:52,GRIP,penuh_turun,142.6,2856.75,80.0
2026-08-10T05:52,GRIP,penuh_turun,143.8,2856.75,80.0
2026-08-10T05:52,GRIP,penuh_turun,145.0,2849.5,80.0
2026-08-10T05:52,GRIP,penuh_turun,146.1,2831.25,80.0
2026-08-10T05:52,GRIP,penuh_turun,147.3,2822.125,80.0
2026-08-10T05:52,GRIP,penuh_turun,148.4,2805.875,80.0
2026-08-10T05:52,GRIP,penuh_turun,149.6,2794.125,80.0
2026-08-10T05:52,GRIP,penuh_turun,150.8,2788.75,80.0
2026-08-10T05:52,GRIP,penuh_turun,151.9,2769.875,80.0
2026-08-10T05:52,GRIP,penuh_turun,153.1,2765.125,80.0
2026-08-10T05:52,GRIP,penuh_turun,154.2,2741.125,80.0
2026-08-10T05:52,GRIP,penuh_turun,155.4,2736.0,80.0
2026-08-10T05:52,GRIP,penuh_turun,156.6,2718.625,80.0
2026-08-10T05:52,GRIP,penuh_turun,157.7,2707.5,80.0
2026-08-10T05:52,GRIP,penuh_turun,158.9,2698.125,80.0
2026-08-10T05:52,GRIP,penuh_turun,160.0,2679.5,80.0
2026-08-10T05:52,GRIP,penuh_turun,161.2,2676.0,80.0
2026-08-10T05:52,GRIP,penuh_turun,162.4,2655.25,80.0
2026-08-10T05:52,GRIP,penuh_turun,163.5,2645.75,80.0
2026-08-10T05:52,GRIP,penuh_turun,164.7,2629.75,80.0
2026-08-10T05:52,GRIP,penuh_turun,165.8,2621.75,80.0
2026-08-10T05:52,GRIP,penuh_turun,167.0,2621.75,80.0
2026-08-10T05:52,GRIP,penuh_turun,168.2,2600.25,80.0
2026-08-10T05:52,GRIP,penuh_turun,169.3,2585.375,80.0
2026-08-10T05:52,GRIP,penuh_turun,170.5,2581.5,80.0
2026-08-10T05:52,GRIP,penuh_turun,171.6,2563.5,80.0
2026-08-10T05:52,GRIP,penuh_turun,172.8,2554.125,80.0
2026-08-10T05:52,GRIP,penuh_turun,174.0,2531.625,80.0
2026-08-10T05:52,GRIP,penuh_turun,175.1,2525.625,80.0
2026-08-10T05:52,GRIP,penuh_turun,176.3,2515.5,80.0
2026-08-10T05:52,GRIP,penuh_turun,177.4,2496.25,80.0
2026-08-10T05:52,GRIP,penuh_turun,178.6,2487.0,80.0
2026-08-10T05:52,GRIP,penuh_turun,179.8,2461.75,80.0
2026-08-10T05:52,GRIP,penuh_turun,180.9,2459.0,80.0
2026-08-10T05:52,GRIP,penuh_turun,182.1,2437.75,80.0
2026-08-10T05:52,GRIP,penuh_turun,183.2,2423.25,80.0
2026-08-10T05:52,GRIP,penuh_turun,184.4,2406.625,80.0
2026-08-10T05:52,GRIP,penuh_turun,185.6,2393.75,80.0
2026-08-10T05:52,GRIP,penuh_turun,186.7,2381.875,80.0
2026-08-10T05:52,GRIP,penuh_turun,187.9,2364.375,80.0
2026-08-10T05:52,GRIP,penuh_turun,189.0,2358.375,80.0
2026-08-10T05:52,GRIP,penuh_turun,190.2,2358.375,80.0
2026-08-10T05:52,GRIP,penuh_turun,191.4,2335.5,80.0
2026-08-10T05:52,GRIP,penuh_turun,192.5,2318.5,80.0
2026-08-10T05:52,GRIP,penuh_turun,193.7,2310.5,80.0
2026-08-10T05:52,GRIP,penuh_turun,194.8,2283.5,80.0
2026-08-10T05:52,GRIP,penuh_turun,196.0,2279.0,80.0
2026-08-10T05:52,GRIP,penuh_turun,197.2,2255.75,80.0
2026-08-10T05:52,GRIP,penuh_turun,198.3,2245.125,80.0
2026-08-10T05:52,GRIP,penuh_turun,199.5,2225.625,80.0
2026-08-10T05:52,GRIP,penuh_turun,200.6,2214.625,80.0
2026-08-10T05:52,GRIP,penuh_turun,201.8,2205.0,80.0
2026-08-10T05:52,GRIP,penuh_turun,203.0,2179.0,80.0
2026-08-10T05:52,GRIP,penuh_turun,204.1,2170.125,80.0
2026-08-10T05:52,GRIP,penuh_turun,205.3,2150.0,80.0
2026-08-10T05:52,GRIP,penuh_turun,206.4,2135.25,80.0
2026-08-10T05:52,GRIP,penuh_turun,207.6,2127.25,80.0
2026-08-10T05:52,GRIP,penuh_turun,208.8,2100.5,80.0
2026-08-10T05:52,GRIP,penuh_turun,209.9,2096.125,80.0
2026-08-10T05:52,GRIP,penuh_turun,211.1,2071.625,80.0
2026-08-10T05:52,GRIP,penuh_turun,212.2,2060.75,80.0
2026-08-10T05:52,GRIP,penuh_turun,213.4,2060.75,80.0
2026-08-10T05:52,GRIP,penuh_turun,214.6,2052.625,80.0
2026-08-10T05:52,GRIP,penuh_turun,215.7,2036.875,80.0
2026-08-10T05:52,GRIP,penuh_turun,216.9,2026.375,80.0
2026-08-10T05:52,GRIP,penuh_turun,218.0,2005.875,80.0
2026-08-10T05:52,GRIP,penuh_turun,219.2,1996.75,80.0
2026-08-10T05:52,GRIP,penuh_turun,220.4,1975.875,80.0
2026-08-10T05:52,GRIP,penuh_turun,221.5,1961.0,80.0
2026-08-10T05:52,GRIP,penuh_turun,222.7,1949.375,80.0
2026-08-10T05:52,GRIP,penuh_turun,223.8,1928.25,80.0
2026-08-10T05:52,GRIP,penuh_turun,225.0,1916.125,80.0
2026-08-10T05:52,GRIP,penuh_turun,226.2,1903.5,80.0
2026-08-10T05:52,GRIP,penuh_turun,227.3,1886.75,80.0
2026-08-10T05:52,GRIP,penuh_turun,228.5,1877.25,80.0
2026-08-10T05:52,GRIP,penuh_turun,229.6,1859.625,80.0
2026-08-10T05:52,GRIP,penuh_turun,230.8,1842.125,80.0
2026-08-10T05:52,GRIP,penuh_turun,232.0,1830.25,80.0
2026-08-10T05:52,GRIP,penuh_turun,233.1,1815.375,80.0
2026-08-10T05:52,GRIP,penuh_turun,234.3,1802.625,80.0
2026-08-10T05:52,GRIP,penuh_turun,235.4,1780.75,80.0
2026-08-10T05:52,GRIP,penuh_turun,236.6,1780.75,80.0
2026-08-10T05:52,GRIP,penuh_turun,237.8,1770.375,80.0
2026-08-10T05:52,GRIP,penuh_turun,238.9,1752.875,80.0
2026-08-10T05:52,GRIP,penuh_turun,240.1,1745.0,80.0
2026-08-10T05:52,GRIP,penuh_turun,241.2,1726.25,80.0
2026-08-10T05:52,GRIP,penuh_turun,242.4,1705.125,80.0
2026-08-10T05:52,GRIP,penuh_turun,243.6,1692.875,80.0
2026-08-10T05:52,GRIP,penuh_turun,244.7,1680.125,80.0
2026-08-10T05:52,GRIP,penuh_turun,245.9,1662.375,80.0
2026-08-10T05:52,GRIP,penuh_turun,247.0,1644.75,80.0
2026-08-10T05:52,GRIP,penuh_turun,248.2,1622.75,80.0
2026-08-10T05:52,GRIP,penuh_turun,249.4,1617.75,80.0
2026-08-10T05:52,GRIP,penuh_turun,250.5,1598.125,80.0
2026-08-10T05:52,GRIP,penuh_turun,251.7,1584.125,80.0
2026-08-10T05:52,GRIP,penuh_turun,252.8,1571.0,80.0
2026-08-10T05:52,GRIP,penuh_turun,254.0,1552.75,80.0
2026-08-10T05:52,GRIP,penuh_turun,255.2,1543.625,80.0
2026-08-10T05:52,GRIP,penuh_turun,256.3,1520.75,80.0
2026-08-10T05:52,GRIP,penuh_turun,257.5,1508.5,80.0
2026-08-10T05:52,GRIP,penuh_turun,258.6,1493.75,80.0
2026-08-10T05:52,GRIP,penuh_turun,259.8,1468.75,80.0
2026-08-10T05:52,GRIP,penuh_turun,261.0,1468.75,80.0
2026-08-10T05:52,GRIP,penuh_turun,262.1,1463.375,80.0
2026-08-10T05:52,GRIP,penuh_turun,263.3,1445.75,80.0
2026-08-10T05:52,GRIP,penuh_turun,264.4,1422.625,80.0
2026-08-10T05:52,GRIP,penuh_turun,265.6,1410.625,80.0
2026-08-10T05:52,GRIP,penuh_turun,266.8,1389.875,80.0
2026-08-10T05:52,GRIP,penuh_turun,267.9,1377.25,80.0
2026-08-10T05:52,GRIP,penuh_turun,269.1,1360.375,80.0
2026-08-10T05:52,GRIP,penuh_turun,270.2,1343.125,80.0
2026-08-10T05:52,GRIP,penuh_turun,271.4,1332.125,80.0
2026-08-10T05:52,GRIP,penuh_turun,272.6,1314.125,80.0
2026-08-10T05:52,GRIP,penuh_turun,273.7,1302.5,80.0
2026-08-10T05:52,GRIP,penuh_turun,274.9,1282.875,80.0
2026-08-10T05:52,GRIP,penuh_turun,276.0,1264.0,80.0
2026-08-10T05:52,GRIP,penuh_turun,277.2,1256.5,80.0
2026-08-10T05:52,GRIP,penuh_turun,278.4,1241.25,80.0
2026-08-10T05:52,GRIP,penuh_turun,279.5,1228.5,80.0
2026-08-10T05:52,GRIP,penuh_turun,280.7,1212.0,80.0
2026-08-10T05:52,GRIP,penuh_turun,281.8,1192.125,80.0
2026-08-10T05:52,GRIP,penuh_turun,283.0,1185.25,80.0
2026-08-10T05:52,GRIP,penuh_turun,284.2,1185.25,80.0
2026-08-10T05:52,GRIP,penuh_turun,285.3,1168.875,80.0
2026-08-10T05:52,GRIP,penuh_turun,286.5,1154.75,80.0
2026-08-10T05:52,GRIP,penuh_turun,287.6,1136.75,80.0
2026-08-10T05:52,GRIP,penuh_turun,288.8,1117.25,80.0
2026-08-10T05:52,GRIP,penuh_turun,290.0,1108.625,80.0
2026-08-10T05:52,GRIP,penuh_turun,291.1,1087.875,80.0
2026-08-10T05:52,GRIP,penuh_turun,292.3,1072.125,80.0
2026-08-10T05:52,GRIP,penuh_turun,293.4,1060.0,80.0
2026-08-10T05:52,GRIP,penuh_turun,294.6,1036.625,80.0
2026-08-10T05:52,GRIP,penuh_turun,295.8,1025.75,80.0
2026-08-10T05:52,GRIP,penuh_turun,296.9,1004.625,80.0
2026-08-10T05:52,GRIP,penuh_turun,298.1,993.5,80.0
2026-08-10T05:52,GRIP,penuh_turun,299.2,978.25,80.0
2026-08-10T05:52,GRIP,penuh_turun,300.4,964.125,80.0
2026-08-10T05:52,GRIP,penuh_turun,301.6,955.375,80.0
2026-08-10T05:52,GRIP,penuh_turun,302.7,932.375,80.0
2026-08-10T05:52,GRIP,penuh_turun,303.9,922.875,80.0
2026-08-10T05:52,GRIP,penuh_turun,305.0,909.875,80.0
2026-08-10T05:52,GRIP,penuh_turun,306.2,895.375,80.0
2026-08-10T05:52,GRIP,penuh_turun,307.4,895.375,80.0
2026-08-10T05:52,GRIP,penuh_turun,308.5,887.75,80.0
2026-08-10T05:52,GRIP,penuh_turun,309.7,867.75,80.0
2026-08-10T05:52,GRIP,penuh_turun,310.8,857.0,80.0
2026-08-10T05:52,GRIP,penuh_turun,312.0,839.5,80.0
2026-08-10T05:52,GRIP,penuh_turun,313.2,824.25,80.0
2026-08-10T05:52,GRIP,penuh_turun,314.3,818.625,80.0
2026-08-10T05:52,GRIP,penuh_turun,315.5,791.375,80.0
2026-08-10T05:52,GRIP,penuh_turun,316.6,778.25,80.0
2026-08-10T05:52,GRIP,penuh_turun,317.8,765.25,80.0
2026-08-10T05:52,GRIP,penuh_turun,319.0,747.875,80.0
2026-08-10T05:52,GRIP,penuh_turun,320.1,737.375,80.0
2026-08-10T05:52,GRIP,penuh_turun,321.3,721.875,80.0
2026-08-10T05:52,GRIP,penuh_turun,322.4,709.0,80.0
2026-08-10T05:52,GRIP,penuh_turun,323.6,694.125,80.0
2026-08-10T05:52,GRIP,penuh_turun,324.8,677.75,80.0
2026-08-10T05:52,GRIP,penuh_turun,325.9,670.125,80.0
2026-08-10T05:52,GRIP,penuh_turun,327.1,655.5,80.0
2026-08-10T05:52,GRIP,penuh_turun,328.2,639.5,80.0
2026-08-10T05:52,GRIP,penuh_turun,329.4,611.625,80.0
2026-08-10T05:52,GRIP,penuh_turun,330.6,611.625,80.0
2026-08-10T05:52,GRIP,penuh_turun,331.7,587.375,80.0
2026-08-10T05:52,GRIP,penuh_turun,332.9,586.875,80.0
2026-08-10T05:52,GRIP,penuh_turun,334.0,542.125,80.0
2026-08-10T05:52,GRIP,penuh_turun,335.2,558.75,80.0
2026-08-10T05:52,GRIP,penuh_turun,336.4,544.0,80.0
2026-08-10T05:52,GRIP,penuh_turun,337.5,514.625,80.0
2026-08-10T05:52,GRIP,penuh_turun,338.7,496.875,80.0
2026-08-10T05:52,GRIP,penuh_turun,339.8,469.625,80.0
2026-08-10T05:52,GRIP,penuh_turun,341.0,458.75,80.0
2026-08-10T05:52,GRIP,penuh_turun,342.2,448.375,80.0
2026-08-10T05:52,GRIP,penuh_turun,343.3,428.125,80.0
2026-08-10T05:52,GRIP,penuh_turun,344.5,419.375,80.0
2026-08-10T05:52,GRIP,penuh_turun,345.6,405.875,80.0
2026-08-10T05:52,GRIP,penuh_turun,346.8,391.375,80.0
2026-08-10T05:52,GRIP,penuh_turun,348.0,398.375,80.0
2026-08-10T05:52,GRIP,penuh_turun,349.1,373.375,80.0
2026-08-10T05:52,GRIP,penuh_turun,350.3,360.25,80.0
2026-08-10T05:52,GRIP,penuh_turun,351.4,356.375,80.0
2026-08-10T05:52,GRIP,penuh_turun,352.6,343.5,80.0
2026-08-10T05:52,GRIP,penuh_turun,353.8,343.5,80.0
2026-08-10T05:52,GRIP,penuh_turun,354.9,334.5,80.0
2026-08-10T05:52,GRIP,penuh_turun,356.1,334.5,80.0
2026-08-10T05:52,GRIP,penuh_turun,357.2,329.125,80.0
2026-08-10T05:52,GRIP,penuh_turun,358.4,317.5,80.0
2026-08-10T05:52,GRIP,penuh_turun,359.6,303.0,80.0
2026-08-10T05:52,GRIP,penuh_turun,360.7,298.875,80.0
2026-08-10T05:52,GRIP,penuh_turun,361.9,290.5,80.0
2026-08-10T05:52,GRIP,penuh_turun,363.0,288.75,80.0
2026-08-10T05:52,GRIP,penuh_turun,364.2,278.75,80.0
2026-08-10T05:52,GRIP,penuh_turun,365.4,270.375,80.0
2026-08-10T05:52,GRIP,penuh_turun,366.5,269.875,80.0
2026-08-10T05:52,GRIP,penuh_turun,367.7,275.875,80.0
2026-08-10T05:52,GRIP,penuh_turun,368.8,259.875,80.0
2026-08-10T05:52,GRIP,penuh_turun,370.0,259.5,80.0
2026-08-10T05:52,GRIP,penuh_turun,371.2,253.875,80.0
2026-08-10T05:52,GRIP,penuh_turun,372.3,252.25,80.0
2026-08-10T05:52,GRIP,penuh_turun,373.5,251.625,80.0
2026-08-10T05:52,GRIP,penuh_turun,374.6,242.875,80.0
2026-08-10T05:52,GRIP,penuh_turun,375.8,240.375,80.0
2026-08-10T05:52,GRIP,penuh_turun,377.0,240.375,80.0
2026-08-10T05:52,GRIP,penuh_turun,378.1,238.75,80.0
2026-08-10T05:52,GRIP,penuh_turun,379.3,237.5,80.0
2026-08-10T05:52,GRIP,penuh_turun,380.4,230.375,80.0
2026-08-10T05:52,GRIP,penuh_turun,381.6,229.375,80.0
2026-08-10T05:52,GRIP,penuh_turun,382.8,230.375,80.0
2026-08-10T05:52,GRIP,penuh_turun,383.9,222.75,80.0
2026-08-10T05:52,GRIP,penuh_turun,385.1,222.25,80.0
2026-08-10T05:52,GRIP,penuh_turun,386.2,221.75,80.0
2026-08-10T05:52,GRIP,penuh_turun,387.4,222.875,80.0
2026-08-10T05:52,GRIP,penuh_turun,388.6,218.625,80.0
2026-08-10T05:52,GRIP,penuh_turun,389.7,217.625,80.0
2026-08-10T05:52,GRIP,penuh_turun,390.9,217.75,80.0
2026-08-10T05:52,GRIP,penuh_turun,392.0,217.75,80.0
2026-08-10T05:52,GRIP,penuh_turun,393.2,217.5,80.0
2026-08-10T05:52,GRIP,penuh_turun,394.4,209.0,80.0
2026-08-10T05:52,GRIP,penuh_turun,395.5,209.75,80.0
2026-08-10T05:52,GRIP,penuh_turun,396.7,208.625,80.0
2026-08-10T05:52,GRIP,penuh_turun,397.8,203.0,80.0
2026-08-10T05:52,GRIP,penuh_turun,399.0,204.75,80.0
2026-08-10T05:52,GRIP,penuh_turun,400.2,204.75,80.0
2026-08-10T05:52,GRIP,penuh_turun,401.3,201.625,80.0
2026-08-10T05:52,GRIP,penuh_turun,402.5,201.0,80.0
2026-08-10T05:52,GRIP,penuh_turun,403.6,200.75,80.0
2026-08-10T05:52,GRIP,penuh_turun,404.8,200.25,80.0
2026-08-10T05:52,GRIP,penuh_turun,406.0,199.375,80.0
2026-08-10T05:52,GRIP,penuh_turun,407.1,199.0,80.0
2026-08-10T05:52,GRIP,penuh_turun,408.3,198.375,80.0
2026-08-10T05:52,GRIP,penuh_turun,409.4,198.0,80.0
2026-08-10T05:52,GRIP,penuh_turun,410.6,197.625,80.0
2026-08-10T05:52,GRIP,penuh_turun,411.8,197.625,80.0
2026-08-10T05:52,GRIP,penuh_turun,412.9,197.625,80.0
2026-08-10T05:52,GRIP,penuh_turun,414.1,197.875,80.0
2026-08-10T05:52,GRIP,penuh_turun,415.2,197.75,80.0
2026-08-10T05:52,GRIP,penuh_turun,416.4,197.75,80.0
2026-08-10T05:52,GRIP,penuh_turun,417.6,197.625,80.0
2026-08-10T05:52,GRIP,penuh_turun,418.7,197.75,80.0
2026-08-10T05:52,GRIP,penuh_turun,419.9,197.75,80.0
2026-08-10T05:52,GRIP,penuh_turun,421.0,198.0,80.0
2026-08-10T05:52,GRIP,penuh_turun,422.2,198.0,80.0
2026-08-10T05:52,GRIP,penuh_turun,423.4,197.875,80.0
2026-08-10T05:52,GRIP,penuh_turun,424.5,197.875,80.0
2026-08-10T05:52,GRIP,penuh_turun,425.7,197.875,80.0
2026-08-10T05:52,GRIP,penuh_turun,426.8,197.875,80.0
2026-08-10T05:52,GRIP,penuh_turun,428.0,197.75,80.0
2026-08-10T05:52,GRIP,penuh_turun,429.2,197.875,80.0
2026-08-10T05:52,GRIP,penuh_turun,430.3,197.875,80.0
2026-08-10T05:52,GRIP,penuh_turun,431.5,197.875,80.0
2026-08-10T05:52,GRIP,penuh_turun,432.6,197.875,80.0
2026-08-10T05:52,GRIP,penuh_turun,433.8,198.0,80.0
2026-08-10T05:52,GRIP,penuh_turun,435.0,197.875,80.0
2026-08-10T05:52,GRIP,penuh_turun,436.1,197.875,80.0
2026-08-10T05:52,GRIP,penuh_turun,437.3,197.875,80.0
2026-08-10T05:52,GRIP,penuh_turun,438.4,197.875,80.0
2026-08-10T05:52,GRIP,penuh_turun,439.6,198.0,80.0
2026-08-10T05:52,GRIP,penuh_turun,440.8,198.0,80.0
2026-08-10T05:52,GRIP,penuh_turun,441.9,198.0,80.0
2026-08-10T05:52,GRIP,penuh_turun,443.1,197.875,80.0
2026-08-10T05:52,GRIP,penuh_turun,444.2,198.0,80.0
2026-08-10T05:52,GRIP,penuh_turun,445.4,197.875,80.0
2026-08-10T05:52,GRIP,penuh_turun,446.6,197.875,80.0
2026-08-10T05:52,GRIP,penuh_turun,447.7,197.875,80.0
2026-08-10T05:52,GRIP,penuh_turun,448.9,197.75,80.0
2026-08-10T05:52,GRIP,penuh_turun,450.0,197.875,80.0
2026-08-10T05:52,GRIP,penuh_turun,451.2,197.875,80.0
2026-08-10T05:52,GRIP,penuh_turun,452.4,198.125,80.0
2026-08-10T05:52,GRIP,penuh_turun,453.5,197.75,80.0
2026-08-10T05:52,GRIP,penuh_turun,454.7,197.75,80.0
2026-08-10T05:52,GRIP,penuh_turun,455.8,197.875,80.0
2026-08-10T05:52,GRIP,penuh_turun,457.0,198.0,80.0
2026-08-10T05:52,GRIP,penuh_turun,458.2,197.875,80.0
2026-08-10T05:52,GRIP,penuh_turun,459.3,198.0,80.0
2026-08-10T05:52,GRIP,penuh_turun,460.5,197.875,80.0
2026-08-10T05:52,GRIP,penuh_turun,461.6,197.875,80.0
2026-08-10T05:52,GRIP,penuh_turun,462.8,198.125,80.0
2026-08-10T05:52,GRIP,penuh_turun,464.0,198.0,80.0
2026-08-10T05:52,GRIP,penuh_turun,465.1,198.0,80.0
2026-08-10T05:52,GRIP,penuh_turun,466.3,198.0,80.0
2026-08-10T05:52,GRIP,penuh_turun,467.4,197.875,80.0
2026-08-10T05:52,GRIP,penuh_turun,468.6,197.875,80.0
2026-08-10T05:52,GRIP,penuh_turun,469.8,198.0,80.0
2026-08-10T05:52,GRIP,penuh_turun,470.9,198.0,80.0
2026-08-10T05:52,GRIP,penuh_turun,472.1,197.875,80.0
2026-08-10T05:52,GRIP,penuh_turun,473.2,198.0,80.0
2026-08-10T05:52,GRIP,penuh_turun,474.4,198.0,80.0
2026-08-10T05:52,GRIP,penuh_turun,475.6,197.875,80.0
2026-08-10T05:52,GRIP,penuh_turun,476.7,197.875,80.0
2026-08-10T05:52,GRIP,penuh_turun,477.9,197.875,80.0
2026-08-10T05:52,GRIP,penuh_turun,479.0,198.0,80.0
2026-08-10T05:52,GRIP,penuh_turun,480.2,197.875,80.0
2026-08-10T05:52,GRIP,penuh_turun,481.4,198.0,80.0
2026-08-10T05:52,GRIP,penuh_turun,482.5,198.0,80.0
2026-08-10T05:52,GRIP,penuh_turun,483.7,197.875,80.0
2026-08-10T05:52,GRIP,penuh_turun,484.8,198.0,80.0
2026-08-10T05:52,GRIP,penuh_turun,486.0,197.875,80.0
2026-08-10T05:52,GRIP,penuh_turun,487.2,197.875,80.0
2026-08-10T05:52,GRIP,penuh_turun,488.3,197.75,80.0
2026-08-10T05:52,GRIP,penuh_turun,489.5,198.0,80.0
2026-08-10T05:52,GRIP,penuh_turun,490.6,198.0,80.0
2026-08-10T05:52,GRIP,penuh_turun,491.8,197.875,80.0
2026-08-10T05:52,GRIP,penuh_turun,493.0,197.875,80.0
2026-08-10T05:52,GRIP,penuh_turun,494.1,197.875,80.0
2026-08-10T05:52,GRIP,penuh_turun,495.3,197.875,80.0
2026-08-10T05:52,GRIP,penuh_turun,496.4,198.0,80.0
2026-08-10T05:52,GRIP,penuh_turun,497.6,198.0,80.0
2026-08-10T05:52,GRIP,penuh_turun,498.8,198.0,80.0
2026-08-10T05:52,GRIP,penuh_turun,499.9,198.125,80.0
2026-08-10T05:52,GRIP,penuh_turun,501.1,197.875,80.0
2026-08-10T05:52,GRIP,penuh_turun,502.2,198.125,80.0
2026-08-10T05:52,GRIP,penuh_turun,503.4,197.875,80.0
2026-08-10T05:52,GRIP,penuh_turun,504.6,198.0,80.0
2026-08-10T05:52,GRIP,penuh_turun,505.7,197.875,80.0
2026-08-10T05:52,GRIP,penuh_turun,506.9,197.75,80.0
2026-08-10T05:52,GRIP,penuh_turun,508.0,197.875,80.0
2026-08-10T05:52,GRIP,penuh_turun,509.2,198.0,80.0
2026-08-10T05:52,GRIP,penuh_turun,510.4,197.875,80.0
2026-08-10T05:52,GRIP,penuh_turun,511.5,197.875,80.0
2026-08-10T05:52,GRIP,penuh_turun,512.7,197.875,80.0
2026-08-10T05:52,GRIP,penuh_turun,513.8,198.0,80.0
2026-08-10T05:52,GRIP,penuh_turun,515.0,197.875,80.0
2026-08-10T05:52,GRIP,penuh_turun,516.2,197.875,80.0
2026-08-10T05:52,GRIP,penuh_turun,517.3,197.875,80.0
2026-08-10T05:52,GRIP,penuh_turun,518.5,198.0,80.0
2026-08-10T05:52,GRIP,penuh_turun,519.6,198.0,80.0
2026-08-10T05:52,GRIP,penuh_turun,520.8,197.875,80.0
2026-08-10T05:52,GRIP,penuh_turun,522.0,198.0,80.0
2026-08-10T05:52,GRIP,penuh_turun,523.1,198.0,80.0
2026-08-10T05:52,GRIP,penuh_turun,524.3,197.875,80.0
2026-08-10T05:52,GRIP,penuh_turun,525.4,198.0,80.0
2026-08-10T05:52,GRIP,penuh_turun,526.6,198.0,80.0
2026-08-10T05:52,GRIP,penuh_turun,527.8,197.875,80.0
2026-08-10T05:52,GRIP,penuh_turun,528.9,198.0,80.0
2026-08-10T05:52,GRIP,penuh_turun,530.1,197.875,80.0
2026-08-10T05:52,GRIP,penuh_turun,531.2,197.875,80.0
2026-08-10T05:52,GRIP,penuh_turun,532.4,198.0,80.0
2026-08-10T05:52,GRIP,penuh_turun,533.6,197.875,80.0
2026-08-10T05:52,GRIP,penuh_turun,534.7,198.0,80.0
2026-08-10T05:52,GRIP,penuh_turun,535.9,198.0,80.0
2026-08-10T05:52,GRIP,penuh_turun,537.0,197.875,80.0
2026-08-10T05:52,GRIP,penuh_turun,538.2,197.875,80.0
2026-08-10T05:52,GRIP,penuh_turun,539.4,198.0,80.0
2026-08-10T05:52,GRIP,penuh_turun,540.5,198.0,80.0
2026-08-10T05:52,GRIP,penuh_turun,541.7,198.0,80.0
2026-08-10T05:52,GRIP,penuh_turun,542.8,198.125,80.0
2026-08-10T05:52,GRIP,penuh_turun,544.0,198.0,80.0
2026-08-10T05:52,GRIP,penuh_turun,545.2,198.0,80.0
2026-08-10T05:52,GRIP,penuh_turun,546.3,198.0,80.0
2026-08-10T05:52,GRIP,penuh_turun,547.5,197.625,80.0
2026-08-10T05:52,GRIP,penuh_turun,548.6,197.75,80.0
2026-08-10T05:52,GRIP,penuh_turun,549.8,197.75,80.0
2026-08-10T05:52,GRIP,penuh_turun,551.0,197.75,80.0
2026-08-10T05:52,GRIP,penuh_turun,552.1,197.875,80.0
2026-08-10T05:52,GRIP,penuh_turun,553.3,198.125,80.0
2026-08-10T05:52,GRIP,penuh_turun,554.4,198.0,80.0
2026-08-10T05:52,GRIP,penuh_turun,555.6,197.875,80.0
2026-08-10T05:52,GRIP,penuh_turun,556.8,198.0,80.0
2026-08-10T05:52,GRIP,penuh_turun,557.9,198.0,80.0
2026-08-10T05:52,GRIP,penuh_turun,559.1,198.125,80.0
2026-08-10T05:52,GRIP,penuh_turun,560.2,198.125,80.0
2026-08-10T05:52,GRIP,penuh_turun,561.4,197.875,80.0
2026-08-10T05:52,GRIP,penuh_turun,562.6,198.0,80.0
2026-08-10T05:52,GRIP,penuh_turun,563.7,198.0,80.0
2026-08-10T05:52,GRIP,penuh_turun,564.9,198.0,80.0
2026-08-10T05:52,GRIP,penuh_turun,566.0,198.125,80.0
2026-08-10T05:52,GRIP,penuh_turun,567.2,198.0,80.0
2026-08-10T05:52,GRIP,penuh_turun,568.4,197.875,80.0
2026-08-10T05:52,GRIP,penuh_turun,569.5,198.125,80.0
2026-08-10T05:52,GRIP,penuh_turun,570.7,197.875,80.0
2026-08-10T05:52,GRIP,penuh_turun,571.8,198.0,80.0
2026-08-10T05:52,GRIP,penuh_turun,573.0,197.875,80.0
2026-08-10T05:52,GRIP,penuh_turun,574.2,198.0,80.0
2026-08-10T05:52,GRIP,penuh_turun,575.3,197.875,80.0
2026-08-10T05:52,GRIP,penuh_turun,576.5,198.0,80.0
2026-08-10T05:52,GRIP,penuh_turun,577.6,197.875,80.0
2026-08-10T05:52,GRIP,penuh_turun,578.8,197.875,80.0
2026-08-10T05:52,GRIP,penuh_turun,580.0,198.125,80.0
2026-08-10T05:52,GRIP,penuh_turun,581.1,198.0,80.0
2026-08-10T05:52,GRIP,penuh_turun,582.3,198.125,80.0
2026-08-10T05:52,GRIP,penuh_turun,583.4,198.0,80.0
2026-08-10T05:52,GRIP,penuh_turun,584.6,197.875,80.0
2026-08-10T05:52,GRIP,penuh_turun,585.8,197.875,80.0
2026-08-10T05:52,GRIP,penuh_turun,586.9,197.875,80.0
2026-08-10T05:52,GRIP,penuh_turun,588.1,197.875,80.0
2026-08-10T05:52,GRIP,penuh_turun,589.2,198.0,80.0
2026-08-10T05:52,GRIP,penuh_turun,590.4,198.0,80.0
2026-08-10T05:52,GRIP,penuh_turun,591.6,198.125,80.0
2026-08-10T05:52,GRIP,penuh_turun,592.7,198.0,80.0
2026-08-10T05:52,GRIP,penuh_turun,593.9,197.875,80.0
2026-08-10T05:52,GRIP,penuh_turun,595.0,198.0,80.0
2026-08-10T05:52,GRIP,penuh_turun,596.2,198.0,80.0
2026-08-10T05:52,GRIP,penuh_turun,597.4,198.0,80.0
2026-08-10T05:52,GRIP,penuh_turun,598.5,197.875,80.0
2026-08-10T05:52,GRIP,penuh_turun,599.7,197.875,80.0
2026-08-10T05:52,GRIP,penuh_turun,600.8,198.0,80.0
2026-08-10T05:52,GRIP,penuh_turun,602.0,197.875,80.0
2026-08-10T05:52,GRIP,penuh_turun,603.2,198.0,80.0
2026-08-10T05:52,GRIP,penuh_turun,604.3,198.125,80.0
2026-08-10T05:52,GRIP,penuh_turun,605.5,197.875,80.0
2026-08-10T05:52,GRIP,penuh_turun,606.6,198.0,80.0
2026-08-10T05:52,GRIP,penuh_turun,607.8,197.875,80.0
2026-08-10T05:52,GRIP,penuh_turun,609.0,197.875,80.0
2026-08-10T05:52,GRIP,penuh_turun,610.1,197.875,80.0
2026-08-10T05:52,GRIP,penuh_turun,611.3,197.875,80.0
2026-08-10T05:52,GRIP,penuh_turun,612.4,198.0,80.0
2026-08-10T05:52,GRIP,penuh_turun,613.6,198.125,80.0
2026-08-10T05:52,GRIP,penuh_turun,614.8,198.0,80.0
2026-08-10T05:52,GRIP,penuh_turun,615.9,198.0,80.0
2026-08-10T05:52,GRIP,penuh_turun,617.1,198.0,80.0
2026-08-10T05:52,GRIP,penuh_turun,618.2,198.0,80.0
2026-08-10T05:52,GRIP,penuh_turun,619.4,198.125,80.0
2026-08-10T05:52,GRIP,penuh_turun,620.6,197.875,80.0
2026-08-10T05:52,GRIP,penuh_turun,621.7,198.0,80.0
2026-08-10T05:52,GRIP,penuh_turun,622.9,197.875,80.0
2026-08-10T05:52,GRIP,penuh_turun,624.0,198.125,80.0
2026-08-10T05:52,GRIP,penuh_turun,625.2,198.0,80.0
2026-08-10T05:52,GRIP,penuh_turun,626.4,198.125,80.0
2026-08-10T05:52,GRIP,penuh_turun,627.5,197.875,80.0
2026-08-10T05:52,GRIP,penuh_turun,628.7,198.0,80.0
2026-08-10T05:52,GRIP,penuh_turun,629.8,197.875,80.0
2026-08-10T05:52,GRIP,penuh_turun,631.0,198.125,80.0
2026-08-10T05:52,GRIP,penuh_turun,632.2,198.125,80.0
2026-08-10T05:52,GRIP,penuh_turun,633.3,197.75,80.0
2026-08-10T05:52,GRIP,penuh_turun,634.5,197.75,80.0
2026-08-10T05:52,GRIP,penuh_turun,635.6,197.875,80.0
2026-08-10T05:52,GRIP,penuh_turun,636.8,198.0,80.0
2026-08-10T05:52,GRIP,penuh_turun,638.0,198.0,80.0
2026-08-10T05:52,GRIP,penuh_turun,639.1,198.125,80.0
2026-08-10T05:52,GRIP,penuh_turun,640.3,197.875,80.0
2026-08-10T05:52,GRIP,penuh_turun,641.4,198.0,80.0
2026-08-10T05:52,GRIP,penuh_turun,642.6,198.0,80.0
2026-08-10T05:52,GRIP,penuh_turun,643.8,198.0,80.0
2026-08-10T05:52,GRIP,penuh_turun,644.9,197.75,80.0
2026-08-10T05:52,GRIP,penuh_turun,646.1,198.0,80.0
2026-08-10T05:52,GRIP,penuh_turun,647.2,198.0,80.0
2026-08-10T05:52,GRIP,penuh_turun,648.4,198.0,80.0
2026-08-10T05:52,GRIP,penuh_turun,649.6,197.875,80.0
2026-08-10T05:52,GRIP,penuh_turun,650.7,198.0,80.0
2026-08-10T05:52,GRIP,penuh_turun,651.9,198.0,80.0
2026-08-10T05:52,GRIP,penuh_turun,653.0,198.0,80.0
2026-08-10T05:52,GRIP,penuh_turun,654.2,198.0,80.0
2026-08-10T05:52,GRIP,penuh_turun,655.4,198.0,80.0
2026-08-10T05:52,GRIP,penuh_turun,656.5,198.125,80.0
2026-08-10T05:52,GRIP,penuh_turun,657.7,198.125,80.0
2026-08-10T05:52,GRIP,penuh_turun,658.8,198.0,80.0
2026-08-10T05:52,GRIP,penuh_turun,660.0,198.0,80.0
2026-08-10T05:52,GRIP,penuh_turun,661.2,198.375,80.0
2026-08-10T05:52,GRIP,penuh_turun,662.3,197.875,80.0
2026-08-10T05:52,GRIP,penuh_turun,663.5,197.875,80.0
2026-08-10T05:52,GRIP,penuh_turun,664.6,197.875,80.0
2026-08-10T05:52,GRIP,penuh_turun,665.8,198.125,80.0
2026-08-10T05:52,GRIP,penuh_turun,667.0,197.875,80.0
2026-08-10T05:52,GRIP,penuh_turun,668.1,197.875,80.0
2026-08-10T05:52,GRIP,penuh_turun,669.3,197.875,80.0
2026-08-10T05:52,GRIP,penuh_turun,670.4,197.875,80.0
2026-08-10T05:52,GRIP,penuh_turun,671.6,198.0,80.0
2026-08-10T05:52,GRIP,penuh_turun,672.8,198.0,80.0
2026-08-10T05:52,GRIP,penuh_turun,673.9,198.0,80.0
2026-08-10T05:52,GRIP,penuh_turun,675.1,198.25,80.0
2026-08-10T05:52,GRIP,penuh_turun,676.2,198.0,80.0
2026-08-10T05:52,GRIP,penuh_turun,677.4,198.125,80.0
2026-08-10T05:52,GRIP,penuh_turun,678.6,198.0,80.0
2026-08-10T05:52,GRIP,penuh_turun,679.7,198.0,80.0
2026-08-10T05:52,GRIP,penuh_turun,680.9,198.0,80.0
2026-08-10T05:52,GRIP,penuh_turun,682.0,198.0,80.0
2026-08-10T05:52,GRIP,penuh_turun,683.2,198.0,80.0
2026-08-10T05:52,GRIP,penuh_turun,684.4,198.0,80.0
2026-08-10T05:52,GRIP,penuh_turun,685.5,198.0,80.0
2026-08-10T05:52,GRIP,penuh_turun,686.7,197.875,80.0
2026-08-10T05:52,GRIP,penuh_turun,687.8,197.875,80.0
2026-08-10T05:52,GRIP,penuh_turun,689.0,197.875,80.0
2026-08-10T05:52,GRIP,penuh_turun,690.2,198.0,80.0
2026-08-10T05:52,GRIP,penuh_turun,691.3,197.875,80.0
2026-08-10T05:52,GRIP,penuh_turun,692.5,198.0,80.0
2026-08-10T05:52,GRIP,penuh_turun,693.6,198.125,80.0
2026-08-10T05:52,GRIP,penuh_turun,694.8,198.125,80.0
2026-08-10T05:52,GRIP,penuh_turun,696.0,198.0,80.0
2026-08-10T05:52,GRIP,penuh_turun,697.1,198.125,80.0
2026-08-10T05:52,GRIP,penuh_turun,698.3,198.0,80.0
2026-08-10T05:52,GRIP,penuh_turun,699.4,198.125,80.0
2026-08-10T05:52,GRIP,penuh_turun,700.6,198.125,80.0
2026-08-10T05:52,GRIP,penuh_turun,701.8,198.125,80.0
2026-08-10T05:52,GRIP,penuh_turun,702.9,197.875,80.0
2026-08-10T05:52,GRIP,penuh_turun,704.1,197.875,80.0
2026-08-10T05:52,GRIP,penuh_turun,705.2,198.125,80.0
2026-08-10T05:52,GRIP,penuh_turun,706.4,198.0,80.0
2026-08-10T05:52,GRIP,penuh_turun,707.6,197.875,80.0
2026-08-10T05:52,GRIP,penuh_turun,708.7,198.0,80.0
2026-08-10T05:52,GRIP,penuh_turun,709.9,198.0,80.0
2026-08-10T05:52,GRIP,penuh_turun,711.0,197.875,80.0
2026-08-10T05:52,GRIP,penuh_turun,712.2,198.0,80.0
2026-08-10T05:52,GRIP,penuh_turun,713.4,198.0,80.0
2026-08-10T05:52,GRIP,penuh_turun,714.5,198.0,80.0
2026-08-10T05:52,GRIP,penuh_turun,715.7,198.0,80.0
2026-08-10T05:52,GRIP,penuh_turun,716.8,197.875,80.0
2026-08-10T05:52,GRIP,penuh_turun,718.0,198.0,80.0
2026-08-10T05:52,GRIP,penuh_turun,719.2,197.875,80.0
2026-08-10T05:52,GRIP,penuh_turun,720.3,198.25,80.0
2026-08-10T05:52,GRIP,penuh_turun,721.5,198.125,80.0
2026-08-10T05:52,GRIP,penuh_turun,722.6,198.0,80.0
2026-08-10T05:52,GRIP,penuh_turun,723.8,197.875,80.0
2026-08-10T05:52,GRIP,penuh_turun,725.0,197.875,80.0
2026-08-10T05:52,GRIP,penuh_turun,726.1,198.0,80.0
2026-08-10T05:52,GRIP,penuh_turun,727.3,198.0,80.0
2026-08-10T05:52,GRIP,penuh_turun,728.4,197.875,80.0
2026-08-10T05:52,GRIP,penuh_turun,729.6,197.875,80.0
2026-08-10T05:52,GRIP,penuh_turun,730.8,198.0,80.0
2026-08-10T05:52,GRIP,penuh_turun,731.9,198.0,80.0
2026-08-10T05:52,GRIP,penuh_turun,733.1,198.0,80.0
2026-08-10T05:52,GRIP,penuh_turun,734.2,197.875,80.0
2026-08-10T05:52,GRIP,penuh_turun,735.4,198.0,80.0
2026-08-10T05:52,GRIP,penuh_turun,736.6,198.0,80.0
2026-08-10T05:52,GRIP,penuh_turun,737.7,198.0,80.0
2026-08-10T05:52,GRIP,penuh_turun,738.9,197.875,80.0
2026-08-10T05:52,GRIP,penuh_turun,740.0,197.875,80.0
2026-08-10T05:52,GRIP,penuh_turun,741.2,198.0,80.0
2026-08-10T05:52,GRIP,penuh_turun,742.4,198.25,80.0
2026-08-10T05:52,GRIP,penuh_turun,743.5,198.125,80.0
2026-08-10T05:52,GRIP,penuh_turun,744.7,198.0,80.0
2026-08-10T05:52,GRIP,penuh_turun,745.8,198.0,80.0
2026-08-10T05:52,GRIP,penuh_turun,747.0,197.875,80.0
2026-08-10T05:52,GRIP,penuh_turun,748.2,198.0,80.0
2026-08-10T05:52,GRIP,penuh_turun,749.3,198.0,80.0
2026-08-10T05:52,GRIP,penuh_turun,750.5,197.875,80.0
2026-08-10T05:52,GRIP,penuh_turun,751.6,197.875,80.0
2026-08-10T05:52,GRIP,penuh_turun,752.8,198.0,80.0
2026-08-10T05:52,GRIP,penuh_turun,754.0,197.75,80.0
2026-08-10T05:52,GRIP,penuh_turun,755.1,197.75,80.0
2026-08-10T05:52,GRIP,penuh_turun,756.3,197.75,80.0
2026-08-10T05:52,GRIP,penuh_turun,757.4,197.875,80.0
2026-08-10T05:52,GRIP,penuh_turun,758.6,197.875,80.0
2026-08-10T05:52,GRIP,penuh_turun,759.8,198.125,80.0
2026-08-10T05:52,GRIP,penuh_turun,760.9,198.125,80.0
2026-08-10T05:52,GRIP,penuh_turun,762.1,198.125,80.0
2026-08-10T05:52,GRIP,penuh_turun,763.2,197.875,80.0
2026-08-10T05:52,GRIP,penuh_turun,764.4,198.125,80.0
2026-08-10T05:52,GRIP,penuh_turun,765.6,198.125,80.0
2026-08-10T05:52,GRIP,penuh_turun,766.7,198.25,80.0
2026-08-10T05:52,GRIP,penuh_turun,767.9,198.0,80.0
2026-08-10T05:52,GRIP,penuh_turun,769.0,198.0,80.0
2026-08-10T05:52,GRIP,penuh_turun,770.2,198.0,80.0
2026-08-10T05:52,GRIP,penuh_turun,771.4,198.125,80.0
2026-08-10T05:52,GRIP,penuh_turun,772.5,198.0,80.0
2026-08-10T05:52,GRIP,penuh_turun,773.7,198.0,80.0
2026-08-10T05:52,GRIP,penuh_turun,774.8,198.0,80.0
2026-08-10T05:52,GRIP,penuh_turun,776.0,198.0,80.0
2026-08-10T05:52,GRIP,penuh_turun,777.2,197.875,80.0
2026-08-10T05:52,GRIP,penuh_turun,778.3,198.0,80.0
2026-08-10T05:52,GRIP,penuh_turun,779.5,198.0,80.0
2026-08-10T05:52,GRIP,penuh_turun,780.6,198.0,80.0
2026-08-10T05:52,GRIP,penuh_turun,781.8,198.125,80.0
2026-08-10T05:52,GRIP,penuh_turun,783.0,198.125,80.0
2026-08-10T05:52,GRIP,penuh_turun,784.1,198.125,80.0
2026-08-10T05:52,GRIP,penuh_turun,785.3,198.125,80.0
2026-08-10T05:52,GRIP,penuh_turun,786.4,198.0,80.0
2026-08-10T05:52,GRIP,penuh_turun,787.6,197.875,80.0
2026-08-10T05:52,GRIP,penuh_turun,788.8,197.875,80.0
2026-08-10T05:52,GRIP,penuh_turun,789.9,197.875,80.0
2026-08-10T05:52,GRIP,penuh_turun,791.1,197.875,80.0
2026-08-10T05:52,GRIP,penuh_turun,792.2,198.0,80.0
2026-08-10T05:52,GRIP,penuh_turun,793.4,198.0,80.0
2026-08-10T05:52,GRIP,penuh_turun,794.6,198.0,80.0
2026-08-10T05:52,GRIP,penuh_turun,795.7,197.875,80.0
2026-08-10T05:52,GRIP,penuh_turun,796.9,197.875,80.0
2026-08-10T05:52,GRIP,penuh_turun,798.0,197.875,80.0
2026-08-10T05:52,GRIP,penuh_turun,799.2,198.0,80.0
2026-08-10T05:52,GRIP,penuh_turun,800.4,198.125,80.0
2026-08-10T05:52,GRIP,penuh_turun,801.5,198.0,80.0
2026-08-10T05:52,GRIP,penuh_turun,802.7,198.125,80.0
2026-08-10T05:52,GRIP,penuh_turun,803.8,198.125,80.0
2026-08-10T05:52,GRIP,penuh_turun,805.0,198.0,80.0
2026-08-10T05:52,GRIP,penuh_turun,806.2,198.0,80.0
2026-08-10T05:52,GRIP,penuh_turun,807.3,197.75,80.0
2026-08-10T05:52,GRIP,penuh_turun,808.5,197.875,80.0
2026-08-10T05:52,GRIP,penuh_turun,809.6,198.0,80.0
2026-08-10T05:52,GRIP,penuh_turun,810.8,198.0,80.0
2026-08-10T05:52,GRIP,penuh_turun,812.0,198.125,80.0
2026-08-10T05:52,GRIP,penuh_turun,813.1,198.0,80.0
2026-08-10T05:52,GRIP,penuh_turun,814.3,198.0,80.0
2026-08-10T05:52,GRIP,penuh_turun,815.4,198.0,80.0
2026-08-10T05:52,GRIP,penuh_turun,816.6,197.875,80.0
2026-08-10T05:52,GRIP,penuh_turun,817.8,198.0,80.0
2026-08-10T05:52,GRIP,penuh_turun,818.9,198.0,80.0
2026-08-10T05:52,GRIP,penuh_turun,820.1,198.0,80.0
2026-08-10T05:52,GRIP,penuh_turun,821.2,198.0,80.0
2026-08-10T05:52,GRIP,penuh_turun,822.4,197.875,80.0
2026-08-10T05:52,GRIP,penuh_turun,823.6,198.0,80.0
2026-08-10T05:52,GRIP,penuh_turun,824.7,198.0,80.0
2026-08-10T05:52,GRIP,penuh_turun,825.9,198.125,80.0
2026-08-10T05:52,GRIP,penuh_turun,827.0,198.0,80.0
2026-08-10T05:52,GRIP,penuh_turun,828.2,197.875,80.0
2026-08-10T05:52,GRIP,penuh_turun,829.4,197.875,80.0
2026-08-10T05:52,GRIP,penuh_turun,830.5,198.125,80.0
2026-08-10T05:52,GRIP,penuh_turun,831.7,198.0,80.0
2026-08-10T05:52,GRIP,penuh_turun,832.8,198.0,80.0
2026-08-10T05:52,GRIP,penuh_turun,834.0,197.875,80.0
2026-08-10T05:52,GRIP,penuh_turun,835.2,198.0,80.0
2026-08-10T05:52,GRIP,penuh_turun,836.3,198.0,80.0
2026-08-10T05:52,GRIP,penuh_turun,837.5,198.0,80.0
2026-08-10T05:52,GRIP,penuh_turun,838.6,198.0,80.0
2026-08-10T05:52,GRIP,penuh_turun,839.8,197.875,80.0
2026-08-10T05:52,GRIP,penuh_turun,841.0,198.0,80.0
2026-08-10T05:52,GRIP,penuh_turun,842.1,197.875,80.0
2026-08-10T05:52,GRIP,penuh_turun,843.3,197.875,80.0
2026-08-10T05:52,GRIP,penuh_turun,844.4,197.875,80.0
2026-08-10T05:52,GRIP,penuh_turun,845.6,198.0,80.0
2026-08-10T05:52,GRIP,penuh_turun,846.8,198.125,80.0
2026-08-10T05:52,GRIP,penuh_turun,847.9,198.0,80.0
2026-08-10T05:52,GRIP,penuh_turun,849.1,198.0,80.0
2026-08-10T05:52,GRIP,penuh_turun,850.2,198.0,80.0
2026-08-10T05:52,GRIP,penuh_turun,851.4,197.875,80.0
2026-08-10T05:52,GRIP,penuh_turun,852.6,198.125,80.0
2026-08-10T05:52,GRIP,penuh_turun,853.7,197.875,80.0
2026-08-10T05:52,GRIP,penuh_turun,854.9,198.0,80.0
2026-08-10T05:52,GRIP,penuh_turun,856.0,198.0,80.0
2026-08-10T05:52,GRIP,penuh_turun,857.2,198.0,80.0
2026-08-10T05:52,GRIP,penuh_turun,858.4,198.0,80.0
2026-08-10T05:52,GRIP,penuh_turun,859.5,197.875,80.0
2026-08-10T05:52,GRIP,penuh_turun,860.7,198.0,80.0
2026-08-10T05:52,GRIP,penuh_turun,861.8,198.0,80.0
2026-08-10T05:52,GRIP,penuh_turun,863.0,197.875,80.0
2026-08-10T05:52,GRIP,penuh_turun,864.2,198.125,80.0
2026-08-10T05:52,GRIP,penuh_turun,865.3,197.875,80.0
2026-08-10T05:52,GRIP,penuh_turun,866.5,197.875,80.0
2026-08-10T05:52,GRIP,penuh_turun,867.6,197.875,80.0
2026-08-10T05:52,GRIP,penuh_turun,868.8,198.0,80.0
2026-08-10T05:52,GRIP,penuh_turun,870.0,198.0,80.0
2026-08-10T05:52,GRIP,penuh_turun,871.1,198.0,80.0
2026-08-10T05:52,GRIP,penuh_turun,872.3,198.0,80.0
2026-08-10T05:52,GRIP,penuh_turun,873.4,198.0,80.0
2026-08-10T05:52,GRIP,penuh_turun,874.6,198.125,80.0
2026-08-10T05:52,GRIP,penuh_turun,875.8,198.125,80.0
2026-08-10T05:52,GRIP,penuh_turun,876.9,197.75,80.0
2026-08-10T05:52,GRIP,penuh_turun,878.1,198.0,80.0
2026-08-10T05:52,GRIP,penuh_turun,879.2,198.25,80.0
2026-08-10T05:52,GRIP,penuh_turun,880.4,198.125,80.0
2026-08-10T05:52,GRIP,penuh_turun,881.6,198.0,80.0
2026-08-10T05:52,GRIP,penuh_turun,882.7,197.875,80.0
2026-08-10T05:52,GRIP,penuh_turun,883.9,198.0,80.0
2026-08-10T05:52,GRIP,penuh_turun,885.0,198.0,80.0
2026-08-10T05:52,GRIP,penuh_turun,886.2,198.0,80.0
2026-08-10T05:52,GRIP,penuh_turun,887.4,197.875,80.0
2026-08-10T05:52,GRIP,penuh_turun,888.5,198.0,80.0
2026-08-10T05:52,GRIP,penuh_turun,889.7,198.0,80.0
2026-08-10T05:52,GRIP,penuh_turun,890.8,198.0,80.0
2026-08-10T05:52,GRIP,penuh_turun,892.0,198.125,80.0
2026-08-10T05:52,GRIP,penuh_turun,893.2,197.875,80.0
2026-08-10T05:52,GRIP,penuh_turun,894.3,198.125,80.0
2026-08-10T05:52,GRIP,penuh_turun,895.5,198.125,80.0
2026-08-10T05:52,GRIP,penuh_turun,896.6,198.0,80.0
2026-08-10T05:52,GRIP,penuh_turun,897.8,198.0,80.0
2026-08-10T05:52,GRIP,penuh_turun,899.0,198.0,80.0
2026-08-10T05:52,GRIP,penuh_turun,900.1,198.125,80.0
2026-08-10T05:52,GRIP,penuh_turun,901.3,198.125,80.0
2026-08-10T05:52,GRIP,penuh_turun,902.4,198.125,80.0
2026-08-10T05:52,GRIP,penuh_turun,903.6,198.125,80.0
2026-08-10T05:52,GRIP,penuh_turun,904.8,198.125,80.0
2026-08-10T05:52,GRIP,penuh_turun,905.9,198.125,80.0
2026-08-10T05:52,GRIP,penuh_turun,907.1,198.125,80.0
2026-08-10T05:52,GRIP,penuh_turun,908.2,198.0,80.0
2026-08-10T05:52,GRIP,penuh_turun,909.4,197.875,80.0
2026-08-10T05:52,GRIP,penuh_turun,910.6,198.125,80.0
2026-08-10T05:52,GRIP,penuh_turun,911.7,198.0,80.0
2026-08-10T05:52,GRIP,penuh_turun,912.9,198.0,80.0
2026-08-10T05:52,GRIP,penuh_turun,914.0,197.75,80.0
2026-08-10T05:52,GRIP,penuh_turun,915.2,197.75,80.0
2026-08-10T05:52,GRIP,penuh_turun,916.4,197.875,80.0
2026-08-10T05:52,GRIP,penuh_turun,917.5,198.0,80.0
2026-08-10T05:52,GRIP,penuh_turun,918.7,198.25,80.0
2026-08-10T05:52,GRIP,penuh_turun,919.8,198.0,80.0
2026-08-10T05:52,GRIP,penuh_turun,921.0,198.125,80.0
2026-08-10T05:52,GRIP,penuh_turun,922.2,198.0,80.0
2026-08-10T05:52,GRIP,penuh_turun,923.3,197.875,80.0
2026-08-10T05:52,GRIP,penuh_turun,924.5,197.875,80.0
2026-08-10T05:52,GRIP,penuh_turun,925.6,198.125,80.0
2026-08-10T05:52,GRIP,penuh_turun,926.8,198.125,80.0
2026-08-10T05:52,GRIP,penuh_turun,928.0,198.125,80.0
2026-08-10T05:52,GRIP,penuh_turun,929.1,198.0,80.0
2026-08-10T05:52,GRIP,penuh_turun,930.3,197.875,80.0
2026-08-10T05:52,GRIP,penuh_turun,931.4,198.125,80.0
2026-08-10T05:52,GRIP,penuh_turun,932.6,198.125,80.0
2026-08-10T05:52,GRIP,penuh_turun,933.8,197.75,80.0
2026-08-10T05:52,GRIP,penuh_turun,934.9,198.0,80.0
2026-08-10T05:52,GRIP,penuh_turun,936.1,197.875,80.0
2026-08-10T05:52,GRIP,penuh_turun,937.2,198.125,80.0
2026-08-10T05:52,GRIP,penuh_turun,938.4,198.125,80.0
2026-08-10T05:52,GRIP,penuh_turun,939.6,198.0,80.0
2026-08-10T05:52,GRIP,penuh_turun,940.7,198.0,80.0
2026-08-10T05:52,GRIP,penuh_turun,941.9,198.0,80.0
2026-08-10T05:52,GRIP,penuh_turun,943.0,197.875,80.0
2026-08-10T05:52,GRIP,penuh_turun,944.2,198.0,80.0
2026-08-10T05:52,GRIP,penuh_turun,945.4,198.0,80.0
2026-08-10T05:52,GRIP,penuh_turun,946.5,198.0,80.0
2026-08-10T05:52,GRIP,penuh_turun,947.7,198.125,80.0
2026-08-10T05:52,GRIP,penuh_turun,948.8,197.875,80.0
2026-08-10T05:52,GRIP,penuh_turun,950.0,198.0,80.0
2026-08-10T05:52,GRIP,penuh_turun,951.2,198.0,80.0
2026-08-10T05:52,GRIP,penuh_turun,952.3,198.0,80.0
2026-08-10T05:52,GRIP,penuh_turun,953.5,198.125,80.0
2026-08-10T05:52,GRIP,penuh_turun,954.6,197.875,80.0
2026-08-10T05:52,GRIP,penuh_turun,955.8,197.875,80.0
2026-08-10T05:52,GRIP,penuh_turun,957.0,198.0,80.0
2026-08-10T05:52,GRIP,penuh_turun,958.1,197.625,80.0
2026-08-10T05:52,GRIP,penuh_turun,959.3,197.75,80.0
2026-08-10T05:52,GRIP,penuh_turun,960.4,197.75,80.0
2026-08-10T05:52,GRIP,penuh_turun,961.6,197.75,80.0
2026-08-10T05:52,GRIP,penuh_turun,962.8,197.875,80.0
2026-08-10T05:52,GRIP,penuh_turun,963.9,197.75,80.0
2026-08-10T05:52,GRIP,penuh_turun,965.1,198.0,80.0
2026-08-10T05:52,GRIP,penuh_turun,966.2,198.125,80.0
2026-08-10T05:52,GRIP,penuh_turun,967.4,198.0,80.0
2026-08-10T05:52,GRIP,penuh_turun,968.6,197.875,80.0
2026-08-10T05:52,GRIP,penuh_turun,969.7,198.0,80.0
2026-08-10T05:52,GRIP,penuh_turun,970.9,198.125,80.0
2026-08-10T05:52,GRIP,penuh_turun,972.0,198.0,80.0
2026-08-10T05:52,GRIP,penuh_turun,973.2,198.0,80.0
2026-08-10T05:52,GRIP,penuh_turun,974.4,197.875,80.0
2026-08-10T05:52,GRIP,penuh_turun,975.5,198.125,80.0
2026-08-10T05:52,GRIP,penuh_turun,976.7,198.0,80.0
2026-08-10T05:52,GRIP,penuh_turun,977.8,198.0,80.0
2026-08-10T05:52,GRIP,penuh_turun,979.0,197.875,80.0
2026-08-10T05:52,GRIP,setengah_naik,0.0,1591.875,80.0
2026-08-10T05:52,GRIP,setengah_naik,1.1,1591.5,80.0
2026-08-10T05:52,GRIP,setengah_naik,2.3,1591.75,80.0
2026-08-10T05:52,GRIP,setengah_naik,3.4,1591.75,80.0
2026-08-10T05:52,GRIP,setengah_naik,4.6,1591.5,80.0
2026-08-10T05:52,GRIP,setengah_naik,5.8,1591.75,80.0
2026-08-10T05:52,GRIP,setengah_naik,6.9,1591.75,80.0
2026-08-10T05:52,GRIP,setengah_naik,8.1,1591.75,80.0
2026-08-10T05:52,GRIP,setengah_naik,9.2,1591.875,80.0
2026-08-10T05:52,GRIP,setengah_naik,10.4,1591.75,80.0
2026-08-10T05:52,GRIP,setengah_naik,11.6,1592.0,80.0
2026-08-10T05:52,GRIP,setengah_naik,12.7,1591.75,80.0
2026-08-10T05:52,GRIP,setengah_naik,13.9,1591.625,80.0
2026-08-10T05:52,GRIP,setengah_naik,15.0,1591.875,80.0
2026-08-10T05:52,GRIP,setengah_naik,16.2,1591.75,80.0
2026-08-10T05:52,GRIP,setengah_naik,17.4,1591.625,80.0
2026-08-10T05:52,GRIP,setengah_naik,18.5,1591.625,80.0
2026-08-10T05:52,GRIP,setengah_naik,19.7,1591.625,80.0
2026-08-10T05:52,GRIP,setengah_naik,20.8,1591.75,80.0
2026-08-10T05:52,GRIP,setengah_naik,22.0,1591.875,80.0
2026-08-10T05:52,GRIP,setengah_naik,23.2,1591.875,80.0
2026-08-10T05:52,GRIP,setengah_naik,24.3,1591.75,80.0
2026-08-10T05:52,GRIP,setengah_naik,25.5,1591.625,80.0
2026-08-10T05:52,GRIP,setengah_naik,26.6,1591.625,80.0
2026-08-10T05:52,GRIP,setengah_naik,27.8,1591.75,80.0
2026-08-10T05:52,GRIP,setengah_naik,29.0,1591.75,80.0
2026-08-10T05:52,GRIP,setengah_naik,30.1,1592.0,80.0
2026-08-10T05:52,GRIP,setengah_naik,31.3,1591.875,80.0
2026-08-10T05:52,GRIP,setengah_naik,32.4,1591.625,80.0
2026-08-10T05:52,GRIP,setengah_naik,33.6,1591.625,80.0
2026-08-10T05:52,GRIP,setengah_naik,34.8,1591.75,80.0
2026-08-10T05:52,GRIP,setengah_naik,35.9,1591.625,80.0
2026-08-10T05:52,GRIP,setengah_naik,37.1,1591.5,80.0
2026-08-10T05:52,GRIP,setengah_naik,38.2,1591.625,80.0
2026-08-10T05:52,GRIP,setengah_naik,39.4,1591.625,80.0
2026-08-10T05:52,GRIP,setengah_naik,40.6,1591.75,80.0
2026-08-10T05:52,GRIP,setengah_naik,41.7,1591.75,80.0
2026-08-10T05:52,GRIP,setengah_naik,42.9,1591.75,80.0
2026-08-10T05:52,GRIP,setengah_naik,44.0,1591.625,80.0
2026-08-10T05:52,GRIP,setengah_naik,45.2,1591.625,80.0
2026-08-10T05:52,GRIP,setengah_naik,46.4,1591.875,80.0
2026-08-10T05:52,GRIP,setengah_naik,47.5,1591.75,80.0
2026-08-10T05:52,GRIP,setengah_naik,48.7,1592.0,80.0
2026-08-10T05:52,GRIP,setengah_naik,49.8,1591.875,80.0
2026-08-10T05:52,GRIP,setengah_naik,51.0,1591.875,80.0
2026-08-10T05:52,GRIP,setengah_naik,52.2,1591.875,80.0
2026-08-10T05:52,GRIP,setengah_naik,53.3,1591.625,80.0
2026-08-10T05:52,GRIP,setengah_naik,54.5,1591.75,80.0
2026-08-10T05:52,GRIP,setengah_naik,55.6,1591.75,80.0
2026-08-10T05:52,GRIP,setengah_naik,56.8,1591.625,80.0
2026-08-10T05:52,GRIP,setengah_naik,58.0,1591.625,80.0
2026-08-10T05:52,GRIP,setengah_naik,59.1,1591.625,80.0
2026-08-10T05:52,GRIP,setengah_naik,60.3,1591.75,80.0
2026-08-10T05:52,GRIP,setengah_naik,61.4,1591.625,80.0
2026-08-10T05:52,GRIP,setengah_naik,62.6,1591.75,80.0
2026-08-10T05:52,GRIP,setengah_naik,63.8,1591.75,80.0
2026-08-10T05:52,GRIP,setengah_naik,64.9,1591.75,80.0
2026-08-10T05:52,GRIP,setengah_naik,66.1,1591.75,80.0
2026-08-10T05:52,GRIP,setengah_naik,67.2,1591.75,80.0
2026-08-10T05:52,GRIP,setengah_naik,68.4,1591.75,80.0
2026-08-10T05:52,GRIP,setengah_naik,69.6,1591.875,80.0
2026-08-10T05:52,GRIP,setengah_naik,70.7,1591.75,80.0
2026-08-10T05:52,GRIP,setengah_naik,71.9,1591.625,80.0
2026-08-10T05:52,GRIP,setengah_naik,73.0,1591.875,80.0
2026-08-10T05:52,GRIP,setengah_naik,74.2,1591.875,80.0
2026-08-10T05:52,GRIP,setengah_naik,75.4,1591.75,80.0
2026-08-10T05:52,GRIP,setengah_naik,76.5,1591.75,80.0
2026-08-10T05:52,GRIP,setengah_naik,77.7,1591.625,80.0
2026-08-10T05:52,GRIP,setengah_naik,78.8,1591.625,80.0
2026-08-10T05:52,GRIP,setengah_naik,80.0,1591.875,80.0
2026-08-10T05:52,GRIP,setengah_naik,81.2,1591.625,80.0
2026-08-10T05:52,GRIP,setengah_naik,82.3,1591.75,80.0
2026-08-10T05:52,GRIP,setengah_naik,83.5,1591.75,80.0
2026-08-10T05:52,GRIP,setengah_naik,84.6,1591.75,80.0
2026-08-10T05:52,GRIP,setengah_naik,85.8,1591.875,80.0
2026-08-10T05:52,GRIP,setengah_naik,87.0,1591.75,80.0
2026-08-10T05:52,GRIP,setengah_naik,88.1,1591.875,80.0
2026-08-10T05:52,GRIP,setengah_naik,89.3,1591.875,80.0
2026-08-10T05:52,GRIP,setengah_naik,90.4,1591.875,80.0
2026-08-10T05:52,GRIP,setengah_naik,91.6,1591.75,80.0
2026-08-10T05:52,GRIP,setengah_naik,92.8,1630.625,80.0
2026-08-10T05:52,GRIP,setengah_naik,93.9,1704.0,80.0
2026-08-10T05:52,GRIP,setengah_naik,95.1,1739.75,80.0
2026-08-10T05:52,GRIP,setengah_naik,96.2,1729.375,80.0
2026-08-10T05:52,GRIP,setengah_naik,97.4,1729.375,80.0
2026-08-10T05:52,GRIP,setengah_naik,98.6,1727.75,80.0
2026-08-10T05:52,GRIP,setengah_naik,99.7,1722.875,80.0
2026-08-10T05:52,GRIP,setengah_naik,100.9,1725.125,80.0
2026-08-10T05:52,GRIP,setengah_naik,102.0,1723.5,80.0
2026-08-10T05:52,GRIP,setengah_naik,103.2,1723.75,80.0
2026-08-10T05:52,GRIP,setengah_naik,104.4,1730.875,80.0
2026-08-10T05:52,GRIP,setengah_naik,105.5,1731.625,80.0
2026-08-10T05:52,GRIP,setengah_naik,106.7,1732.375,80.0
2026-08-10T05:52,GRIP,setengah_naik,107.8,1737.0,80.0
2026-08-10T05:52,GRIP,setengah_naik,109.0,1737.625,80.0
2026-08-10T05:52,GRIP,setengah_naik,110.2,1742.25,80.0
2026-08-10T05:52,GRIP,setengah_naik,111.3,1748.75,80.0
2026-08-10T05:52,GRIP,setengah_naik,112.5,1756.0,80.0
2026-08-10T05:52,GRIP,setengah_naik,113.6,1760.5,80.0
2026-08-10T05:52,GRIP,setengah_naik,114.8,1771.875,80.0
2026-08-10T05:52,GRIP,setengah_naik,116.0,1781.125,80.0
2026-08-10T05:52,GRIP,setengah_naik,117.1,1786.625,80.0
2026-08-10T05:52,GRIP,setengah_naik,118.3,1786.0,80.0
2026-08-10T05:52,GRIP,setengah_naik,119.4,1798.5,80.0
2026-08-10T05:52,GRIP,setengah_naik,120.6,1798.5,80.0
2026-08-10T05:52,GRIP,setengah_naik,121.8,1810.125,80.0
2026-08-10T05:52,GRIP,setengah_naik,122.9,1816.375,80.0
2026-08-10T05:52,GRIP,setengah_naik,124.1,1829.5,80.0
2026-08-10T05:52,GRIP,setengah_naik,125.2,1837.5,80.0
2026-08-10T05:52,GRIP,setengah_naik,126.4,1852.875,80.0
2026-08-10T05:52,GRIP,setengah_naik,127.6,1854.75,80.0
2026-08-10T05:52,GRIP,setengah_naik,128.7,1869.5,80.0
2026-08-10T05:52,GRIP,setengah_naik,129.9,1877.75,80.0
2026-08-10T05:52,GRIP,setengah_naik,131.0,1893.625,80.0
2026-08-10T05:52,GRIP,setengah_naik,132.2,1899.125,80.0
2026-08-10T05:52,GRIP,setengah_naik,133.4,1915.75,80.0
2026-08-10T05:52,GRIP,setengah_naik,134.5,1919.125,80.0
2026-08-10T05:52,GRIP,setengah_naik,135.7,1932.75,80.0
2026-08-10T05:52,GRIP,setengah_naik,136.8,1941.625,80.0
2026-08-10T05:52,GRIP,setengah_naik,138.0,1960.625,80.0
2026-08-10T05:52,GRIP,setengah_naik,139.2,1968.375,80.0
2026-08-10T05:52,GRIP,setengah_naik,140.3,1966.625,80.0
2026-08-10T05:52,GRIP,setengah_naik,141.5,1988.25,80.0
2026-08-10T05:52,GRIP,setengah_naik,142.6,1986.0,80.0
2026-08-10T05:52,GRIP,setengah_naik,143.8,1986.0,80.0
2026-08-10T05:52,GRIP,setengah_naik,145.0,2004.25,80.0
2026-08-10T05:52,GRIP,setengah_naik,146.1,2033.0,80.0
2026-08-10T05:52,GRIP,setengah_naik,147.3,2025.625,80.0
2026-08-10T05:52,GRIP,setengah_naik,148.4,2008.0,80.0
2026-08-10T05:52,GRIP,setengah_naik,149.6,2058.75,80.0
2026-08-10T05:52,GRIP,setengah_naik,150.8,2073.0,80.0
2026-08-10T05:52,GRIP,setengah_naik,151.9,2045.375,80.0
2026-08-10T05:52,GRIP,setengah_naik,153.1,2045.875,80.0
2026-08-10T05:52,GRIP,setengah_naik,154.2,2082.875,80.0
2026-08-10T05:52,GRIP,setengah_naik,155.4,2099.5,80.0
2026-08-10T05:52,GRIP,setengah_naik,156.6,2089.75,80.0
2026-08-10T05:52,GRIP,setengah_naik,157.7,2106.625,80.0
2026-08-10T05:52,GRIP,setengah_naik,158.9,2113.25,80.0
2026-08-10T05:52,GRIP,setengah_naik,160.0,2118.5,80.0
2026-08-10T05:52,GRIP,setengah_naik,161.2,2133.0,80.0
2026-08-10T05:52,GRIP,setengah_naik,162.4,2142.25,80.0
2026-08-10T05:52,GRIP,setengah_naik,163.5,2190.875,80.0
2026-08-10T05:52,GRIP,setengah_naik,164.7,2220.625,80.0
2026-08-10T05:52,GRIP,setengah_naik,165.8,2187.5,80.0
2026-08-10T05:52,GRIP,setengah_naik,167.0,2187.5,80.0
2026-08-10T05:52,GRIP,setengah_naik,168.2,2178.875,80.0
2026-08-10T05:52,GRIP,setengah_naik,169.3,2189.125,80.0
2026-08-10T05:52,GRIP,setengah_naik,170.5,2199.375,80.0
2026-08-10T05:52,GRIP,setengah_naik,171.6,2206.25,80.0
2026-08-10T05:52,GRIP,setengah_naik,172.8,2217.125,80.0
2026-08-10T05:52,GRIP,setengah_naik,174.0,2219.375,80.0
2026-08-10T05:52,GRIP,setengah_naik,175.1,2225.375,80.0
2026-08-10T05:52,GRIP,setengah_naik,176.3,2231.375,80.0
2026-08-10T05:52,GRIP,setengah_naik,177.4,2236.125,80.0
2026-08-10T05:52,GRIP,setengah_naik,178.6,2239.25,80.0
2026-08-10T05:52,GRIP,setengah_naik,179.8,2245.375,80.0
2026-08-10T05:52,GRIP,setengah_naik,180.9,2249.125,80.0
2026-08-10T05:52,GRIP,setengah_naik,182.1,2270.875,80.0
2026-08-10T05:52,GRIP,setengah_naik,183.2,2279.25,80.0
2026-08-10T05:52,GRIP,setengah_naik,184.4,2270.0,80.0
2026-08-10T05:52,GRIP,setengah_naik,185.6,2285.0,80.0
2026-08-10T05:52,GRIP,setengah_naik,186.7,2286.75,80.0
2026-08-10T05:52,GRIP,setengah_naik,187.9,2283.375,80.0
2026-08-10T05:52,GRIP,setengah_naik,189.0,2281.875,80.0
2026-08-10T05:52,GRIP,setengah_naik,190.2,2282.625,80.0
2026-08-10T05:52,GRIP,setengah_naik,191.4,2282.625,80.0
2026-08-10T05:52,GRIP,setengah_naik,192.5,2283.375,80.0
2026-08-10T05:52,GRIP,setengah_naik,193.7,2285.75,80.0
2026-08-10T05:52,GRIP,setengah_naik,194.8,2285.25,80.0
2026-08-10T05:52,GRIP,setengah_naik,196.0,2285.875,80.0
2026-08-10T05:52,GRIP,setengah_naik,197.2,2288.0,80.0
2026-08-10T05:52,GRIP,setengah_naik,198.3,2288.375,80.0
2026-08-10T05:52,GRIP,setengah_naik,199.5,2289.375,80.0
2026-08-10T05:52,GRIP,setengah_naik,200.6,2298.875,80.0
2026-08-10T05:52,GRIP,setengah_naik,201.8,2299.375,80.0
2026-08-10T05:52,GRIP,setengah_naik,203.0,2299.125,80.0
2026-08-10T05:52,GRIP,setengah_naik,204.1,2298.875,80.0
2026-08-10T05:52,GRIP,setengah_naik,205.3,2300.5,80.0
2026-08-10T05:52,GRIP,setengah_naik,206.4,2302.625,80.0
2026-08-10T05:52,GRIP,setengah_naik,207.6,2304.625,80.0
2026-08-10T05:52,GRIP,setengah_naik,208.8,2305.375,80.0
2026-08-10T05:52,GRIP,setengah_naik,209.9,2305.75,80.0
2026-08-10T05:52,GRIP,setengah_naik,211.1,2305.75,80.0
2026-08-10T05:52,GRIP,setengah_naik,212.2,2306.25,80.0
2026-08-10T05:52,GRIP,setengah_naik,213.4,2306.25,80.0
2026-08-10T05:52,GRIP,setengah_naik,214.6,2306.25,80.0
2026-08-10T05:52,GRIP,setengah_naik,215.7,2306.5,80.0
2026-08-10T05:52,GRIP,setengah_naik,216.9,2306.25,80.0
2026-08-10T05:52,GRIP,setengah_naik,218.0,2306.5,80.0
2026-08-10T05:52,GRIP,setengah_naik,219.2,2306.5,80.0
2026-08-10T05:52,GRIP,setengah_naik,220.4,2306.625,80.0
2026-08-10T05:52,GRIP,setengah_naik,221.5,2306.75,80.0
2026-08-10T05:52,GRIP,setengah_naik,222.7,2307.0,80.0
2026-08-10T05:52,GRIP,setengah_naik,223.8,2306.875,80.0
2026-08-10T05:52,GRIP,setengah_naik,225.0,2306.75,80.0
2026-08-10T05:52,GRIP,setengah_naik,226.2,2306.875,80.0
2026-08-10T05:52,GRIP,setengah_naik,227.3,2307.125,80.0
2026-08-10T05:52,GRIP,setengah_naik,228.5,2307.125,80.0
2026-08-10T05:52,GRIP,setengah_naik,229.6,2307.0,80.0
2026-08-10T05:52,GRIP,setengah_naik,230.8,2307.0,80.0
2026-08-10T05:52,GRIP,setengah_naik,232.0,2307.0,80.0
2026-08-10T05:52,GRIP,setengah_naik,233.1,2307.0,80.0
2026-08-10T05:52,GRIP,setengah_naik,234.3,2307.125,80.0
2026-08-10T05:52,GRIP,setengah_naik,235.4,2307.0,80.0
2026-08-10T05:52,GRIP,setengah_naik,236.6,2307.0,80.0
2026-08-10T05:52,GRIP,setengah_naik,237.8,2307.0,80.0
2026-08-10T05:52,GRIP,setengah_naik,238.9,2306.875,80.0
2026-08-10T05:52,GRIP,setengah_naik,240.1,2307.125,80.0
2026-08-10T05:52,GRIP,setengah_naik,241.2,2307.0,80.0
2026-08-10T05:52,GRIP,setengah_naik,242.4,2307.125,80.0
2026-08-10T05:52,GRIP,setengah_naik,243.6,2307.25,80.0
2026-08-10T05:52,GRIP,setengah_naik,244.7,2307.125,80.0
2026-08-10T05:52,GRIP,setengah_naik,245.9,2307.0,80.0
2026-08-10T05:52,GRIP,setengah_naik,247.0,2307.125,80.0
2026-08-10T05:52,GRIP,setengah_naik,248.2,2307.25,80.0
2026-08-10T05:52,GRIP,setengah_naik,249.4,2307.375,80.0
2026-08-10T05:52,GRIP,setengah_naik,250.5,2307.375,80.0
2026-08-10T05:52,GRIP,setengah_naik,251.7,2307.25,80.0
2026-08-10T05:52,GRIP,setengah_naik,252.8,2307.375,80.0
2026-08-10T05:52,GRIP,setengah_naik,254.0,2307.25,80.0
2026-08-10T05:52,GRIP,setengah_naik,255.2,2307.375,80.0
2026-08-10T05:52,GRIP,setengah_naik,256.3,2307.125,80.0
2026-08-10T05:52,GRIP,setengah_naik,257.5,2307.125,80.0
2026-08-10T05:52,GRIP,setengah_naik,258.6,2307.125,80.0
2026-08-10T05:52,GRIP,setengah_naik,259.8,2307.25,80.0
2026-08-10T05:52,GRIP,setengah_naik,261.0,2307.25,80.0
2026-08-10T05:52,GRIP,setengah_naik,262.1,2307.125,80.0
2026-08-10T05:52,GRIP,setengah_naik,263.3,2307.125,80.0
2026-08-10T05:52,GRIP,setengah_naik,264.4,2307.25,80.0
2026-08-10T05:52,GRIP,setengah_naik,265.6,2307.375,80.0
2026-08-10T05:52,GRIP,setengah_naik,266.8,2307.375,80.0
2026-08-10T05:52,GRIP,setengah_naik,267.9,2307.25,80.0
2026-08-10T05:52,GRIP,setengah_naik,269.1,2307.5,80.0
2026-08-10T05:52,GRIP,setengah_naik,270.2,2307.5,80.0
2026-08-10T05:52,GRIP,setengah_naik,271.4,2307.375,80.0
2026-08-10T05:52,GRIP,setengah_naik,272.6,2307.25,80.0
2026-08-10T05:52,GRIP,setengah_naik,273.7,2307.25,80.0
2026-08-10T05:52,GRIP,setengah_naik,274.9,2307.375,80.0
2026-08-10T05:52,GRIP,setengah_naik,276.0,2307.25,80.0
2026-08-10T05:52,GRIP,setengah_naik,277.2,2307.125,80.0
2026-08-10T05:52,GRIP,setengah_naik,278.4,2307.25,80.0
2026-08-10T05:52,GRIP,setengah_naik,279.5,2307.25,80.0
2026-08-10T05:52,GRIP,setengah_naik,280.7,2307.25,80.0
2026-08-10T05:52,GRIP,setengah_naik,281.8,2307.375,80.0
2026-08-10T05:52,GRIP,setengah_naik,283.0,2307.25,80.0
2026-08-10T05:52,GRIP,setengah_naik,284.2,2307.25,80.0
2026-08-10T05:52,GRIP,setengah_naik,285.3,2307.25,80.0
2026-08-10T05:52,GRIP,setengah_naik,286.5,2307.5,80.0
2026-08-10T05:52,GRIP,setengah_naik,287.6,2307.25,80.0
2026-08-10T05:52,GRIP,setengah_naik,288.8,2307.5,80.0
2026-08-10T05:52,GRIP,setengah_naik,290.0,2307.5,80.0
2026-08-10T05:52,GRIP,setengah_naik,291.1,2307.375,80.0
2026-08-10T05:52,GRIP,setengah_naik,292.3,2307.25,80.0
2026-08-10T05:52,GRIP,setengah_naik,293.4,2307.375,80.0
2026-08-10T05:52,GRIP,setengah_naik,294.6,2307.25,80.0
2026-08-10T05:52,GRIP,setengah_naik,295.8,2307.25,80.0
2026-08-10T05:52,GRIP,setengah_naik,296.9,2307.125,80.0
2026-08-10T05:52,GRIP,setengah_naik,298.1,2307.25,80.0
2026-08-10T05:52,GRIP,setengah_naik,299.2,2307.125,80.0
2026-08-10T05:52,GRIP,setengah_naik,300.4,2307.375,80.0
2026-08-10T05:52,GRIP,setengah_naik,301.6,2307.0,80.0
2026-08-10T05:52,GRIP,setengah_naik,302.7,2307.25,80.0
2026-08-10T05:52,GRIP,setengah_naik,303.9,2307.25,80.0
2026-08-10T05:52,GRIP,setengah_naik,305.0,2307.25,80.0
2026-08-10T05:52,GRIP,setengah_naik,306.2,2307.375,80.0
2026-08-10T05:52,GRIP,setengah_naik,307.4,2307.375,80.0
2026-08-10T05:52,GRIP,setengah_naik,308.5,2307.375,80.0
2026-08-10T05:52,GRIP,setengah_naik,309.7,2307.375,80.0
2026-08-10T05:52,GRIP,setengah_naik,310.8,2307.25,80.0
2026-08-10T05:52,GRIP,setengah_naik,312.0,2307.125,80.0
2026-08-10T05:52,GRIP,setengah_naik,313.2,2307.125,80.0
2026-08-10T05:52,GRIP,setengah_naik,314.3,2307.25,80.0
2026-08-10T05:52,GRIP,setengah_naik,315.5,2307.25,80.0
2026-08-10T05:52,GRIP,setengah_naik,316.6,2307.0,80.0
2026-08-10T05:52,GRIP,setengah_naik,317.8,2307.125,80.0
2026-08-10T05:52,GRIP,setengah_naik,319.0,2307.125,80.0
2026-08-10T05:52,GRIP,setengah_naik,320.1,2307.125,80.0
2026-08-10T05:52,GRIP,setengah_naik,321.3,2307.375,80.0
2026-08-10T05:52,GRIP,setengah_naik,322.4,2307.25,80.0
2026-08-10T05:52,GRIP,setengah_naik,323.6,2307.25,80.0
2026-08-10T05:52,GRIP,setengah_naik,324.8,2307.25,80.0
2026-08-10T05:52,GRIP,setengah_naik,325.9,2307.25,80.0
2026-08-10T05:52,GRIP,setengah_naik,327.1,2307.125,80.0
2026-08-10T05:52,GRIP,setengah_naik,328.2,2307.375,80.0
2026-08-10T05:52,GRIP,setengah_naik,329.4,2307.375,80.0
2026-08-10T05:52,GRIP,setengah_naik,330.6,2307.5,80.0
2026-08-10T05:52,GRIP,setengah_naik,331.7,2307.5,80.0
2026-08-10T05:52,GRIP,setengah_naik,332.9,2307.125,80.0
2026-08-10T05:52,GRIP,setengah_naik,334.0,2307.375,80.0
2026-08-10T05:52,GRIP,setengah_naik,335.2,2307.5,80.0
2026-08-10T05:52,GRIP,setengah_naik,336.4,2307.375,80.0
2026-08-10T05:52,GRIP,setengah_naik,337.5,2307.125,80.0
2026-08-10T05:52,GRIP,setengah_naik,338.7,2307.0,80.0
2026-08-10T05:52,GRIP,setengah_naik,339.8,2307.125,80.0
2026-08-10T05:52,GRIP,setengah_naik,341.0,2307.0,80.0
2026-08-10T05:52,GRIP,setengah_naik,342.2,2307.25,80.0
2026-08-10T05:52,GRIP,setengah_naik,343.3,2307.375,80.0
2026-08-10T05:52,GRIP,setengah_naik,344.5,2307.375,80.0
2026-08-10T05:52,GRIP,setengah_naik,345.6,2307.625,80.0
2026-08-10T05:52,GRIP,setengah_naik,346.8,2307.5,80.0
2026-08-10T05:52,GRIP,setengah_naik,348.0,2307.5,80.0
2026-08-10T05:52,GRIP,setengah_naik,349.1,2307.625,80.0
2026-08-10T05:52,GRIP,setengah_naik,350.3,2307.5,80.0
2026-08-10T05:52,GRIP,setengah_naik,351.4,2307.375,80.0
2026-08-10T05:52,GRIP,setengah_naik,352.6,2307.5,80.0
2026-08-10T05:52,GRIP,setengah_naik,353.8,2307.375,80.0
2026-08-10T05:52,GRIP,setengah_naik,354.9,2307.375,80.0
2026-08-10T05:52,GRIP,setengah_naik,356.1,2307.5,80.0
2026-08-10T05:52,GRIP,setengah_naik,357.2,2307.25,80.0
2026-08-10T05:52,GRIP,setengah_naik,358.4,2307.25,80.0
2026-08-10T05:52,GRIP,setengah_naik,359.6,2307.375,80.0
2026-08-10T05:52,GRIP,setengah_naik,360.7,2307.375,80.0
2026-08-10T05:52,GRIP,setengah_naik,361.9,2307.375,80.0
2026-08-10T05:52,GRIP,setengah_naik,363.0,2307.375,80.0
2026-08-10T05:52,GRIP,setengah_naik,364.2,2307.375,80.0
2026-08-10T05:52,GRIP,setengah_naik,365.4,2307.375,80.0
2026-08-10T05:52,GRIP,setengah_naik,366.5,2307.375,80.0
2026-08-10T05:52,GRIP,setengah_naik,367.7,2307.375,80.0
2026-08-10T05:52,GRIP,setengah_naik,368.8,2307.5,80.0
2026-08-10T05:52,GRIP,setengah_naik,370.0,2307.375,80.0
2026-08-10T05:52,GRIP,setengah_naik,371.2,2307.625,80.0
2026-08-10T05:52,GRIP,setengah_naik,372.3,2307.25,80.0
2026-08-10T05:52,GRIP,setengah_naik,373.5,2307.375,80.0
2026-08-10T05:52,GRIP,setengah_naik,374.6,2307.375,80.0
2026-08-10T05:52,GRIP,setengah_naik,375.8,2307.25,80.0
2026-08-10T05:52,GRIP,setengah_naik,377.0,2307.125,80.0
2026-08-10T05:52,GRIP,setengah_naik,378.1,2307.125,80.0
2026-08-10T05:52,GRIP,setengah_naik,379.3,2307.25,80.0
2026-08-10T05:52,GRIP,setengah_naik,380.4,2307.5,80.0
2026-08-10T05:52,GRIP,setengah_naik,381.6,2307.375,80.0
2026-08-10T05:52,GRIP,setengah_naik,382.8,2307.375,80.0
2026-08-10T05:52,GRIP,setengah_naik,383.9,2307.375,80.0
2026-08-10T05:52,GRIP,setengah_naik,385.1,2307.375,80.0
2026-08-10T05:52,GRIP,setengah_naik,386.2,2307.375,80.0
2026-08-10T05:52,GRIP,setengah_naik,387.4,2307.5,80.0
2026-08-10T05:52,GRIP,setengah_naik,388.6,2307.5,80.0
2026-08-10T05:52,GRIP,setengah_naik,389.7,2307.5,80.0
2026-08-10T05:52,GRIP,setengah_naik,390.9,2307.5,80.0
2026-08-10T05:52,GRIP,setengah_naik,392.0,2307.375,80.0
2026-08-10T05:52,GRIP,setengah_naik,393.2,2307.5,80.0
2026-08-10T05:52,GRIP,setengah_naik,394.4,2307.5,80.0
2026-08-10T05:52,GRIP,setengah_naik,395.5,2307.375,80.0
2026-08-10T05:52,GRIP,setengah_naik,396.7,2307.375,80.0
2026-08-10T05:52,GRIP,setengah_naik,397.8,2307.375,80.0
2026-08-10T05:52,GRIP,setengah_naik,399.0,2307.375,80.0
2026-08-10T05:52,GRIP,setengah_naik,400.2,2307.375,80.0
2026-08-10T05:52,GRIP,setengah_naik,401.3,2307.375,80.0
2026-08-10T05:52,GRIP,setengah_naik,402.5,2307.5,80.0
2026-08-10T05:52,GRIP,setengah_naik,403.6,2307.375,80.0
2026-08-10T05:52,GRIP,setengah_naik,404.8,2307.375,80.0
2026-08-10T05:52,GRIP,setengah_naik,406.0,2307.375,80.0
2026-08-10T05:52,GRIP,setengah_naik,407.1,2307.5,80.0
2026-08-10T05:52,GRIP,setengah_naik,408.3,2307.375,80.0
2026-08-10T05:52,GRIP,setengah_naik,409.4,2307.375,80.0
2026-08-10T05:52,GRIP,setengah_naik,410.6,2307.625,80.0
2026-08-10T05:52,GRIP,setengah_naik,411.8,2307.5,80.0
2026-08-10T05:52,GRIP,setengah_naik,412.9,2307.5,80.0
2026-08-10T05:52,GRIP,setengah_naik,414.1,2307.375,80.0
2026-08-10T05:52,GRIP,setengah_naik,415.2,2307.25,80.0
2026-08-10T05:52,GRIP,setengah_naik,416.4,2307.375,80.0
2026-08-10T05:52,GRIP,setengah_naik,417.6,2307.5,80.0
2026-08-10T05:52,GRIP,setengah_naik,418.7,2307.25,80.0
2026-08-10T05:52,GRIP,setengah_naik,419.9,2307.375,80.0
2026-08-10T05:52,GRIP,setengah_naik,421.0,2307.625,80.0
2026-08-10T05:52,GRIP,setengah_naik,422.2,2307.5,80.0
2026-08-10T05:52,GRIP,setengah_naik,423.4,2307.625,80.0
2026-08-10T05:52,GRIP,setengah_naik,424.5,2307.625,80.0
2026-08-10T05:52,GRIP,setengah_naik,425.7,2307.625,80.0
2026-08-10T05:52,GRIP,setengah_naik,426.8,2307.5,80.0
2026-08-10T05:52,GRIP,setengah_naik,428.0,2307.5,80.0
2026-08-10T05:52,GRIP,setengah_naik,429.2,2307.625,80.0
2026-08-10T05:52,GRIP,setengah_naik,430.3,2307.625,80.0
2026-08-10T05:52,GRIP,setengah_naik,431.5,2307.5,80.0
2026-08-10T05:52,GRIP,setengah_naik,432.6,2307.375,80.0
2026-08-10T05:52,GRIP,setengah_naik,433.8,2307.375,80.0
2026-08-10T05:52,GRIP,setengah_naik,435.0,2307.375,80.0
2026-08-10T05:52,GRIP,setengah_naik,436.1,2307.5,80.0
2026-08-10T05:52,GRIP,setengah_naik,437.3,2307.375,80.0
2026-08-10T05:52,GRIP,setengah_naik,438.4,2307.25,80.0
2026-08-10T05:52,GRIP,setengah_naik,439.6,2307.5,80.0
2026-08-10T05:52,GRIP,setengah_naik,440.8,2307.5,80.0
2026-08-10T05:52,GRIP,setengah_naik,441.9,2307.25,80.0
2026-08-10T05:52,GRIP,setengah_naik,443.1,2307.625,80.0
2026-08-10T05:52,GRIP,setengah_naik,444.2,2307.375,80.0
2026-08-10T05:52,GRIP,setengah_naik,445.4,2307.375,80.0
2026-08-10T05:52,GRIP,setengah_naik,446.6,2307.625,80.0
2026-08-10T05:52,GRIP,setengah_naik,447.7,2307.625,80.0
2026-08-10T05:52,GRIP,setengah_naik,448.9,2307.625,80.0
2026-08-10T05:52,GRIP,setengah_naik,450.0,2307.625,80.0
2026-08-10T05:52,GRIP,setengah_naik,451.2,2307.375,80.0
2026-08-10T05:52,GRIP,setengah_naik,452.4,2307.625,80.0
2026-08-10T05:52,GRIP,setengah_naik,453.5,2307.25,80.0
2026-08-10T05:52,GRIP,setengah_naik,454.7,2307.375,80.0
2026-08-10T05:52,GRIP,setengah_naik,455.8,2307.375,80.0
2026-08-10T05:52,GRIP,setengah_naik,457.0,2307.25,80.0
2026-08-10T05:52,GRIP,setengah_naik,458.2,2307.25,80.0
2026-08-10T05:52,GRIP,setengah_naik,459.3,2307.125,80.0
2026-08-10T05:52,GRIP,setengah_naik,460.5,2307.25,80.0
2026-08-10T05:52,GRIP,setengah_naik,461.6,2307.375,80.0
2026-08-10T05:52,GRIP,setengah_naik,462.8,2307.25,80.0
2026-08-10T05:52,GRIP,setengah_naik,464.0,2307.375,80.0
2026-08-10T05:52,GRIP,setengah_naik,465.1,2307.25,80.0
2026-08-10T05:52,GRIP,setengah_naik,466.3,2307.375,80.0
2026-08-10T05:52,GRIP,setengah_naik,467.4,2307.625,80.0
2026-08-10T05:52,GRIP,setengah_naik,468.6,2307.375,80.0
2026-08-10T05:52,GRIP,setengah_naik,469.8,2307.625,80.0
2026-08-10T05:52,GRIP,setengah_naik,470.9,2307.5,80.0
2026-08-10T05:52,GRIP,setengah_naik,472.1,2307.5,80.0
2026-08-10T05:52,GRIP,setengah_naik,473.2,2307.375,80.0
2026-08-10T05:52,GRIP,setengah_naik,474.4,2307.25,80.0
2026-08-10T05:52,GRIP,setengah_naik,475.6,2307.375,80.0
2026-08-10T05:52,GRIP,setengah_naik,476.7,2307.375,80.0
2026-08-10T05:52,GRIP,setengah_naik,477.9,2307.25,80.0
2026-08-10T05:52,GRIP,setengah_naik,479.0,2307.25,80.0
2026-08-10T05:52,GRIP,setengah_naik,480.2,2307.375,80.0
2026-08-10T05:52,GRIP,setengah_naik,481.4,2307.5,80.0
2026-08-10T05:52,GRIP,setengah_naik,482.5,2307.5,80.0
2026-08-10T05:52,GRIP,setengah_naik,483.7,2307.375,80.0
2026-08-10T05:52,GRIP,setengah_naik,484.8,2307.375,80.0
2026-08-10T05:52,GRIP,setengah_naik,486.0,2307.5,80.0
2026-08-10T05:52,GRIP,setengah_naik,487.2,2307.375,80.0
2026-08-10T05:52,GRIP,setengah_naik,488.3,2307.375,80.0
2026-08-10T05:52,GRIP,setengah_naik,489.5,2307.5,80.0
2026-08-10T05:52,GRIP,setengah_naik,490.6,2307.375,80.0
2026-08-10T05:52,GRIP,setengah_naik,491.8,2307.25,80.0
2026-08-10T05:52,GRIP,setengah_naik,493.0,2307.5,80.0
2026-08-10T05:52,GRIP,setengah_naik,494.1,2307.25,80.0
2026-08-10T05:52,GRIP,setengah_naik,495.3,2307.25,80.0
2026-08-10T05:52,GRIP,setengah_naik,496.4,2307.25,80.0
2026-08-10T05:52,GRIP,setengah_naik,497.6,2307.25,80.0
2026-08-10T05:52,GRIP,setengah_naik,498.8,2307.25,80.0
2026-08-10T05:52,GRIP,setengah_naik,499.9,2307.375,80.0
2026-08-10T05:52,GRIP,setengah_naik,501.1,2307.5,80.0
2026-08-10T05:52,GRIP,setengah_naik,502.2,2307.5,80.0
2026-08-10T05:52,GRIP,setengah_naik,503.4,2307.375,80.0
2026-08-10T05:52,GRIP,setengah_naik,504.6,2307.625,80.0
2026-08-10T05:52,GRIP,setengah_naik,505.7,2307.5,80.0
2026-08-10T05:52,GRIP,setengah_naik,506.9,2307.5,80.0
2026-08-10T05:52,GRIP,setengah_naik,508.0,2307.625,80.0
2026-08-10T05:52,GRIP,setengah_naik,509.2,2307.625,80.0
2026-08-10T05:52,GRIP,setengah_naik,510.4,2307.375,80.0
2026-08-10T05:52,GRIP,setengah_naik,511.5,2307.5,80.0
2026-08-10T05:52,GRIP,setengah_naik,512.7,2307.25,80.0
2026-08-10T05:52,GRIP,setengah_naik,513.8,2307.375,80.0
2026-08-10T05:52,GRIP,setengah_naik,515.0,2307.125,80.0
2026-08-10T05:52,GRIP,setengah_naik,516.2,2307.5,80.0
2026-08-10T05:52,GRIP,setengah_naik,517.3,2307.25,80.0
2026-08-10T05:52,GRIP,setengah_naik,518.5,2307.25,80.0
2026-08-10T05:52,GRIP,setengah_naik,519.6,2307.375,80.0
2026-08-10T05:52,GRIP,setengah_naik,520.8,2307.375,80.0
2026-08-10T05:52,GRIP,setengah_naik,522.0,2307.375,80.0
2026-08-10T05:52,GRIP,setengah_naik,523.1,2307.125,80.0
2026-08-10T05:52,GRIP,setengah_naik,524.3,2307.375,80.0
2026-08-10T05:52,GRIP,setengah_naik,525.4,2307.375,80.0
2026-08-10T05:52,GRIP,setengah_naik,526.6,2307.5,80.0
2026-08-10T05:52,GRIP,setengah_naik,527.8,2307.5,80.0
2026-08-10T05:52,GRIP,setengah_naik,528.9,2307.5,80.0
2026-08-10T05:52,GRIP,setengah_naik,530.1,2307.625,80.0
2026-08-10T05:52,GRIP,setengah_naik,531.2,2307.625,80.0
2026-08-10T05:52,GRIP,setengah_naik,532.4,2307.375,80.0
2026-08-10T05:52,GRIP,setengah_naik,533.6,2307.5,80.0
2026-08-10T05:52,GRIP,setengah_naik,534.7,2307.5,80.0
2026-08-10T05:52,GRIP,setengah_naik,535.9,2307.375,80.0
2026-08-10T05:52,GRIP,setengah_naik,537.0,2307.5,80.0
2026-08-10T05:52,GRIP,setengah_naik,538.2,2307.375,80.0
2026-08-10T05:52,GRIP,setengah_naik,539.4,2307.625,80.0
2026-08-10T05:52,GRIP,setengah_naik,540.5,2307.5,80.0
2026-08-10T05:52,GRIP,setengah_naik,541.7,2307.5,80.0
2026-08-10T05:52,GRIP,setengah_naik,542.8,2307.25,80.0
2026-08-10T05:52,GRIP,setengah_naik,544.0,2307.125,80.0
2026-08-10T05:52,GRIP,setengah_naik,545.2,2307.25,80.0
2026-08-10T05:52,GRIP,setengah_naik,546.3,2307.25,80.0
2026-08-10T05:52,GRIP,setengah_naik,547.5,2307.375,80.0
2026-08-10T05:52,GRIP,setengah_naik,548.6,2307.75,80.0
2026-08-10T05:52,GRIP,setengah_naik,549.8,2307.5,80.0
2026-08-10T05:52,GRIP,setengah_naik,551.0,2307.625,80.0
2026-08-10T05:52,GRIP,setengah_naik,552.1,2307.375,80.0
2026-08-10T05:52,GRIP,setengah_naik,553.3,2307.5,80.0
2026-08-10T05:52,GRIP,setengah_naik,554.4,2307.375,80.0
2026-08-10T05:52,GRIP,setengah_naik,555.6,2307.25,80.0
2026-08-10T05:52,GRIP,setengah_naik,556.8,2307.25,80.0
2026-08-10T05:52,GRIP,setengah_naik,557.9,2307.375,80.0
2026-08-10T05:52,GRIP,setengah_naik,559.1,2307.25,80.0
2026-08-10T05:52,GRIP,setengah_naik,560.2,2307.375,80.0
2026-08-10T05:52,GRIP,setengah_naik,561.4,2307.625,80.0
2026-08-10T05:52,GRIP,setengah_naik,562.6,2307.375,80.0
2026-08-10T05:52,GRIP,setengah_naik,563.7,2307.375,80.0
2026-08-10T05:52,GRIP,setengah_naik,564.9,2307.375,80.0
2026-08-10T05:52,GRIP,setengah_naik,566.0,2307.625,80.0
2026-08-10T05:52,GRIP,setengah_naik,567.2,2307.5,80.0
2026-08-10T05:52,GRIP,setengah_naik,568.4,2307.625,80.0
2026-08-10T05:52,GRIP,setengah_naik,569.5,2307.625,80.0
2026-08-10T05:52,GRIP,setengah_naik,570.7,2307.625,80.0
2026-08-10T05:52,GRIP,setengah_naik,571.8,2307.5,80.0
2026-08-10T05:52,GRIP,setengah_naik,573.0,2307.5,80.0
2026-08-10T05:52,GRIP,setengah_naik,574.2,2307.375,80.0
2026-08-10T05:52,GRIP,setengah_naik,575.3,2307.375,80.0
2026-08-10T05:52,GRIP,setengah_naik,576.5,2307.25,80.0
2026-08-10T05:52,GRIP,setengah_naik,577.6,2307.25,80.0
2026-08-10T05:52,GRIP,setengah_naik,578.8,2307.375,80.0
2026-08-10T05:52,GRIP,setengah_naik,580.0,2307.375,80.0
2026-08-10T05:52,GRIP,setengah_naik,581.1,2307.375,80.0
2026-08-10T05:52,GRIP,setengah_naik,582.3,2307.5,80.0
2026-08-10T05:52,GRIP,setengah_naik,583.4,2307.375,80.0
2026-08-10T05:52,GRIP,setengah_naik,584.6,2307.375,80.0
2026-08-10T05:52,GRIP,setengah_naik,585.8,2307.375,80.0
2026-08-10T05:52,GRIP,setengah_naik,586.9,2307.5,80.0
2026-08-10T05:52,GRIP,setengah_naik,588.1,2307.5,80.0
2026-08-10T05:52,GRIP,setengah_naik,589.2,2307.5,80.0
2026-08-10T05:52,GRIP,setengah_naik,590.4,2307.5,80.0
2026-08-10T05:52,GRIP,setengah_naik,591.6,2307.5,80.0
2026-08-10T05:52,GRIP,setengah_naik,592.7,2307.5,80.0
2026-08-10T05:52,GRIP,setengah_naik,593.9,2307.5,80.0
2026-08-10T05:52,GRIP,setengah_naik,595.0,2307.375,80.0
2026-08-10T05:52,GRIP,setengah_naik,596.2,2307.375,80.0
2026-08-10T05:52,GRIP,setengah_naik,597.4,2307.375,80.0
2026-08-10T05:52,GRIP,setengah_naik,598.5,2307.375,80.0
2026-08-10T05:52,GRIP,setengah_naik,599.7,2307.375,80.0
2026-08-10T05:52,GRIP,setengah_naik,600.8,2307.25,80.0
2026-08-10T05:52,GRIP,setengah_naik,602.0,2307.375,80.0
2026-08-10T05:52,GRIP,setengah_naik,603.2,2307.375,80.0
2026-08-10T05:52,GRIP,setengah_naik,604.3,2307.25,80.0
2026-08-10T05:52,GRIP,setengah_naik,605.5,2307.5,80.0
2026-08-10T05:52,GRIP,setengah_naik,606.6,2307.5,80.0
2026-08-10T05:52,GRIP,setengah_naik,607.8,2307.5,80.0
2026-08-10T05:52,GRIP,setengah_naik,609.0,2307.5,80.0
2026-08-10T05:52,GRIP,setengah_naik,610.1,2307.5,80.0
2026-08-10T05:52,GRIP,setengah_naik,611.3,2307.5,80.0
2026-08-10T05:52,GRIP,setengah_naik,612.4,2307.375,80.0
2026-08-10T05:52,GRIP,setengah_naik,613.6,2307.375,80.0
2026-08-10T05:52,GRIP,setengah_naik,614.8,2307.375,80.0
2026-08-10T05:52,GRIP,setengah_naik,615.9,2307.5,80.0
2026-08-10T05:52,GRIP,setengah_naik,617.1,2307.5,80.0
2026-08-10T05:52,GRIP,setengah_naik,618.2,2307.25,80.0
2026-08-10T05:52,GRIP,setengah_naik,619.4,2307.375,80.0
2026-08-10T05:52,GRIP,setengah_naik,620.6,2307.625,80.0
2026-08-10T05:52,GRIP,setengah_naik,621.7,2307.5,80.0
2026-08-10T05:52,GRIP,setengah_naik,622.9,2307.375,80.0
2026-08-10T05:52,GRIP,setengah_naik,624.0,2307.375,80.0
2026-08-10T05:52,GRIP,setengah_naik,625.2,2307.625,80.0
2026-08-10T05:52,GRIP,setengah_naik,626.4,2307.375,80.0
2026-08-10T05:52,GRIP,setengah_naik,627.5,2307.375,80.0
2026-08-10T05:52,GRIP,setengah_naik,628.7,2307.75,80.0
2026-08-10T05:52,GRIP,setengah_naik,629.8,2307.75,80.0
2026-08-10T05:52,GRIP,setengah_naik,631.0,2307.5,80.0
2026-08-10T05:52,GRIP,setengah_naik,632.2,2307.375,80.0
2026-08-10T05:52,GRIP,setengah_naik,633.3,2307.5,80.0
2026-08-10T05:52,GRIP,setengah_naik,634.5,2307.5,80.0
2026-08-10T05:52,GRIP,setengah_naik,635.6,2307.625,80.0
2026-08-10T05:52,GRIP,setengah_naik,636.8,2307.5,80.0
2026-08-10T05:52,GRIP,setengah_naik,638.0,2307.375,80.0
2026-08-10T05:52,GRIP,setengah_naik,639.1,2307.375,80.0
2026-08-10T05:52,GRIP,setengah_naik,640.3,2307.375,80.0
2026-08-10T05:52,GRIP,setengah_naik,641.4,2307.375,80.0
2026-08-10T05:52,GRIP,setengah_naik,642.6,2307.625,80.0
2026-08-10T05:52,GRIP,setengah_naik,643.8,2307.375,80.0
2026-08-10T05:52,GRIP,setengah_naik,644.9,2307.25,80.0
2026-08-10T05:52,GRIP,setengah_naik,646.1,2307.5,80.0
2026-08-10T05:52,GRIP,setengah_naik,647.2,2307.375,80.0
2026-08-10T05:52,GRIP,setengah_naik,648.4,2307.5,80.0
2026-08-10T05:52,GRIP,setengah_naik,649.6,2307.5,80.0
2026-08-10T05:52,GRIP,setengah_naik,650.7,2307.625,80.0
2026-08-10T05:52,GRIP,setengah_naik,651.9,2307.5,80.0
2026-08-10T05:52,GRIP,setengah_naik,653.0,2307.375,80.0
2026-08-10T05:52,GRIP,setengah_naik,654.2,2307.5,80.0
2026-08-10T05:52,GRIP,setengah_naik,655.4,2307.25,80.0
2026-08-10T05:52,GRIP,setengah_naik,656.5,2307.375,80.0
2026-08-10T05:52,GRIP,setengah_naik,657.7,2307.25,80.0
2026-08-10T05:52,GRIP,setengah_naik,658.8,2307.25,80.0
2026-08-10T05:52,GRIP,setengah_naik,660.0,2307.125,80.0
2026-08-10T05:52,GRIP,setengah_naik,661.2,2307.5,80.0
2026-08-10T05:52,GRIP,setengah_naik,662.3,2307.375,80.0
2026-08-10T05:52,GRIP,setengah_naik,663.5,2307.5,80.0
2026-08-10T05:52,GRIP,setengah_naik,664.6,2307.375,80.0
2026-08-10T05:52,GRIP,setengah_naik,665.8,2307.375,80.0
2026-08-10T05:52,GRIP,setengah_naik,667.0,2307.625,80.0
2026-08-10T05:52,GRIP,setengah_naik,668.1,2307.5,80.0
2026-08-10T05:52,GRIP,setengah_naik,669.3,2307.5,80.0
2026-08-10T05:52,GRIP,setengah_naik,670.4,2307.625,80.0
2026-08-10T05:52,GRIP,setengah_naik,671.6,2307.375,80.0
2026-08-10T05:52,GRIP,setengah_naik,672.8,2307.625,80.0
2026-08-10T05:52,GRIP,setengah_naik,673.9,2307.25,80.0
2026-08-10T05:52,GRIP,setengah_naik,675.1,2307.25,80.0
2026-08-10T05:52,GRIP,setengah_naik,676.2,2307.25,80.0
2026-08-10T05:52,GRIP,setengah_naik,677.4,2307.25,80.0
2026-08-10T05:52,GRIP,setengah_naik,678.6,2307.375,80.0
2026-08-10T05:52,GRIP,setengah_naik,679.7,2307.375,80.0
2026-08-10T05:52,GRIP,setengah_naik,680.9,2307.375,80.0
2026-08-10T05:52,GRIP,setengah_naik,682.0,2307.375,80.0
2026-08-10T05:52,GRIP,setengah_naik,683.2,2307.25,80.0
2026-08-10T05:52,GRIP,setengah_naik,684.4,2307.5,80.0
2026-08-10T05:52,GRIP,setengah_naik,685.5,2307.5,80.0
2026-08-10T05:52,GRIP,setengah_naik,686.7,2307.5,80.0
2026-08-10T05:52,GRIP,setengah_naik,687.8,2307.625,80.0
2026-08-10T05:52,GRIP,setengah_naik,689.0,2307.625,80.0
2026-08-10T05:52,GRIP,setengah_naik,690.2,2307.5,80.0
2026-08-10T05:52,GRIP,setengah_naik,691.3,2307.5,80.0
2026-08-10T05:52,GRIP,setengah_naik,692.5,2307.5,80.0
2026-08-10T05:52,GRIP,setengah_naik,693.6,2307.375,80.0
2026-08-10T05:52,GRIP,setengah_naik,694.8,2307.5,80.0
2026-08-10T05:52,GRIP,setengah_naik,696.0,2307.375,80.0
2026-08-10T05:52,GRIP,setengah_naik,697.1,2307.375,80.0
2026-08-10T05:52,GRIP,setengah_naik,698.3,2307.375,80.0
2026-08-10T05:52,GRIP,setengah_naik,699.4,2307.375,80.0
2026-08-10T05:52,GRIP,setengah_naik,700.6,2307.5,80.0
2026-08-10T05:52,GRIP,setengah_naik,701.8,2307.375,80.0
2026-08-10T05:52,GRIP,setengah_naik,702.9,2307.5,80.0
2026-08-10T05:52,GRIP,setengah_naik,704.1,2307.375,80.0
2026-08-10T05:52,GRIP,setengah_naik,705.2,2307.375,80.0
2026-08-10T05:52,GRIP,setengah_naik,706.4,2307.375,80.0
2026-08-10T05:52,GRIP,setengah_naik,707.6,2307.625,80.0
2026-08-10T05:52,GRIP,setengah_naik,708.7,2307.5,80.0
2026-08-10T05:52,GRIP,setengah_naik,709.9,2307.625,80.0
2026-08-10T05:52,GRIP,setengah_naik,711.0,2307.625,80.0
2026-08-10T05:52,GRIP,setengah_naik,712.2,2307.5,80.0
2026-08-10T05:52,GRIP,setengah_naik,713.4,2307.5,80.0
2026-08-10T05:52,GRIP,setengah_naik,714.5,2307.375,80.0
2026-08-10T05:52,GRIP,setengah_naik,715.7,2307.375,80.0
2026-08-10T05:52,GRIP,setengah_naik,716.8,2307.375,80.0
2026-08-10T05:52,GRIP,setengah_naik,718.0,2307.375,80.0
2026-08-10T05:52,GRIP,setengah_naik,719.2,2307.375,80.0
2026-08-10T05:52,GRIP,setengah_naik,720.3,2307.375,80.0
2026-08-10T05:52,GRIP,setengah_naik,721.5,2307.375,80.0
2026-08-10T05:52,GRIP,setengah_naik,722.6,2307.375,80.0
2026-08-10T05:52,GRIP,setengah_naik,723.8,2307.625,80.0
2026-08-10T05:52,GRIP,setengah_naik,725.0,2307.375,80.0
2026-08-10T05:52,GRIP,setengah_naik,726.1,2307.375,80.0
2026-08-10T05:52,GRIP,setengah_naik,727.3,2307.5,80.0
2026-08-10T05:52,GRIP,setengah_naik,728.4,2307.5,80.0
2026-08-10T05:52,GRIP,setengah_naik,729.6,2307.625,80.0
2026-08-10T05:52,GRIP,setengah_naik,730.8,2307.5,80.0
2026-08-10T05:52,GRIP,setengah_naik,731.9,2307.5,80.0
2026-08-10T05:52,GRIP,setengah_naik,733.1,2307.25,80.0
2026-08-10T05:52,GRIP,setengah_naik,734.2,2307.5,80.0
2026-08-10T05:52,GRIP,setengah_naik,735.4,2307.25,80.0
2026-08-10T05:52,GRIP,setengah_naik,736.6,2307.375,80.0
2026-08-10T05:52,GRIP,setengah_naik,737.7,2307.5,80.0
2026-08-10T05:52,GRIP,setengah_naik,738.9,2307.375,80.0
2026-08-10T05:52,GRIP,setengah_naik,740.0,2307.625,80.0
2026-08-10T05:52,GRIP,setengah_naik,741.2,2307.5,80.0
2026-08-10T05:52,GRIP,setengah_naik,742.4,2307.5,80.0
2026-08-10T05:52,GRIP,setengah_naik,743.5,2307.25,80.0
2026-08-10T05:52,GRIP,setengah_naik,744.7,2307.25,80.0
2026-08-10T05:52,GRIP,setengah_naik,745.8,2307.625,80.0
2026-08-10T05:52,GRIP,setengah_naik,747.0,2307.25,80.0
2026-08-10T05:52,GRIP,setengah_naik,748.2,2307.25,80.0
2026-08-10T05:52,GRIP,setengah_naik,749.3,2307.125,80.0
2026-08-10T05:52,GRIP,setengah_naik,750.5,2307.125,80.0
2026-08-10T05:52,GRIP,setengah_naik,751.6,2307.125,80.0
2026-08-10T05:52,GRIP,setengah_naik,752.8,2307.5,80.0
2026-08-10T05:52,GRIP,setengah_naik,754.0,2307.5,80.0
2026-08-10T05:52,GRIP,setengah_naik,755.1,2307.625,80.0
2026-08-10T05:52,GRIP,setengah_naik,756.3,2307.375,80.0
2026-08-10T05:52,GRIP,setengah_naik,757.4,2307.375,80.0
2026-08-10T05:52,GRIP,setengah_naik,758.6,2307.375,80.0
2026-08-10T05:52,GRIP,setengah_naik,759.8,2307.375,80.0
2026-08-10T05:52,GRIP,setengah_naik,760.9,2307.75,80.0
2026-08-10T05:52,GRIP,setengah_naik,762.1,2307.375,80.0
2026-08-10T05:52,GRIP,setengah_naik,763.2,2307.375,80.0
2026-08-10T05:52,GRIP,setengah_naik,764.4,2307.375,80.0
2026-08-10T05:52,GRIP,setengah_naik,765.6,2307.375,80.0
2026-08-10T05:52,GRIP,setengah_naik,766.7,2307.375,80.0
2026-08-10T05:52,GRIP,setengah_naik,767.9,2307.5,80.0
2026-08-10T05:52,GRIP,setengah_naik,769.0,2307.5,80.0
2026-08-10T05:52,GRIP,setengah_naik,770.2,2307.375,80.0
2026-08-10T05:52,GRIP,setengah_naik,771.4,2307.5,80.0
2026-08-10T05:52,GRIP,setengah_naik,772.5,2307.375,80.0
2026-08-10T05:52,GRIP,setengah_naik,773.7,2307.375,80.0
2026-08-10T05:52,GRIP,setengah_naik,774.8,2307.375,80.0
2026-08-10T05:52,GRIP,setengah_naik,776.0,2307.5,80.0
2026-08-10T05:52,GRIP,setengah_naik,777.2,2307.625,80.0
2026-08-10T05:52,GRIP,setengah_naik,778.3,2307.5,80.0
2026-08-10T05:52,GRIP,setengah_naik,779.5,2307.5,80.0
2026-08-10T05:52,GRIP,setengah_naik,780.6,2307.375,80.0
2026-08-10T05:52,GRIP,setengah_naik,781.8,2307.5,80.0
2026-08-10T05:52,GRIP,setengah_naik,783.0,2307.625,80.0
2026-08-10T05:52,GRIP,setengah_naik,784.1,2307.5,80.0
2026-08-10T05:52,GRIP,setengah_naik,785.3,2307.5,80.0
2026-08-10T05:52,GRIP,setengah_naik,786.4,2307.625,80.0
2026-08-10T05:52,GRIP,setengah_naik,787.6,2307.625,80.0
2026-08-10T05:52,GRIP,setengah_naik,788.8,2307.625,80.0
2026-08-10T05:52,GRIP,setengah_naik,789.9,2307.625,80.0
2026-08-10T05:52,GRIP,setengah_naik,791.1,2307.5,80.0
2026-08-10T05:52,GRIP,setengah_naik,792.2,2307.5,80.0
2026-08-10T05:52,GRIP,setengah_naik,793.4,2307.625,80.0
2026-08-10T05:52,GRIP,setengah_naik,794.6,2307.375,80.0
2026-08-10T05:52,GRIP,setengah_naik,795.7,2307.5,80.0
2026-08-10T05:52,GRIP,setengah_naik,796.9,2307.375,80.0
2026-08-10T05:52,GRIP,setengah_naik,798.0,2307.5,80.0
2026-08-10T05:52,GRIP,setengah_naik,799.2,2307.5,80.0
2026-08-10T05:52,GRIP,setengah_naik,800.4,2307.375,80.0
2026-08-10T05:52,GRIP,setengah_naik,801.5,2307.375,80.0
2026-08-10T05:52,GRIP,setengah_naik,802.7,2307.375,80.0
2026-08-10T05:52,GRIP,setengah_naik,803.8,2307.25,80.0
2026-08-10T05:52,GRIP,setengah_naik,805.0,2307.5,80.0
2026-08-10T05:52,GRIP,setengah_naik,806.2,2307.375,80.0
2026-08-10T05:52,GRIP,setengah_naik,807.3,2307.5,80.0
2026-08-10T05:52,GRIP,setengah_naik,808.5,2307.5,80.0
2026-08-10T05:52,GRIP,setengah_naik,809.6,2307.75,80.0
2026-08-10T05:52,GRIP,setengah_naik,810.8,2307.5,80.0
2026-08-10T05:52,GRIP,setengah_naik,812.0,2307.5,80.0
2026-08-10T05:52,GRIP,setengah_naik,813.1,2307.625,80.0
2026-08-10T05:52,GRIP,setengah_naik,814.3,2307.5,80.0
2026-08-10T05:52,GRIP,setengah_naik,815.4,2307.375,80.0
2026-08-10T05:52,GRIP,setengah_naik,816.6,2307.375,80.0
2026-08-10T05:52,GRIP,setengah_naik,817.8,2307.5,80.0
2026-08-10T05:52,GRIP,setengah_naik,818.9,2307.375,80.0
2026-08-10T05:52,GRIP,setengah_naik,820.1,2307.375,80.0
2026-08-10T05:52,GRIP,setengah_naik,821.2,2307.375,80.0
2026-08-10T05:52,GRIP,setengah_naik,822.4,2307.375,80.0
2026-08-10T05:52,GRIP,setengah_naik,823.6,2307.375,80.0
2026-08-10T05:52,GRIP,setengah_naik,824.7,2307.375,80.0
2026-08-10T05:52,GRIP,setengah_naik,825.9,2307.375,80.0
2026-08-10T05:52,GRIP,setengah_naik,827.0,2307.5,80.0
2026-08-10T05:52,GRIP,setengah_naik,828.2,2307.375,80.0
2026-08-10T05:52,GRIP,setengah_naik,829.4,2307.5,80.0
2026-08-10T05:52,GRIP,setengah_naik,830.5,2307.875,80.0
2026-08-10T05:52,GRIP,setengah_naik,831.7,2307.25,80.0
2026-08-10T05:52,GRIP,setengah_naik,832.8,2307.375,80.0
2026-08-10T05:52,GRIP,setengah_naik,834.0,2307.375,80.0
2026-08-10T05:52,GRIP,setengah_naik,835.2,2307.25,80.0
2026-08-10T05:52,GRIP,setengah_naik,836.3,2307.25,80.0
2026-08-10T05:52,GRIP,setengah_naik,837.5,2307.375,80.0
2026-08-10T05:52,GRIP,setengah_naik,838.6,2307.25,80.0
2026-08-10T05:52,GRIP,setengah_naik,839.8,2307.375,80.0
2026-08-10T05:52,GRIP,setengah_naik,841.0,2307.25,80.0
2026-08-10T05:52,GRIP,setengah_naik,842.1,2307.25,80.0
2026-08-10T05:52,GRIP,setengah_naik,843.3,2307.375,80.0
2026-08-10T05:52,GRIP,setengah_naik,844.4,2307.375,80.0
2026-08-10T05:52,GRIP,setengah_naik,845.6,2307.375,80.0
2026-08-10T05:52,GRIP,setengah_naik,846.8,2307.5,80.0
2026-08-10T05:52,GRIP,setengah_naik,847.9,2307.625,80.0
2026-08-10T05:52,GRIP,setengah_naik,849.1,2307.5,80.0
2026-08-10T05:52,GRIP,setengah_naik,850.2,2307.5,80.0
2026-08-10T05:52,GRIP,setengah_naik,851.4,2307.5,80.0
2026-08-10T05:52,GRIP,setengah_naik,852.6,2307.5,80.0
2026-08-10T05:52,GRIP,setengah_naik,853.7,2307.375,80.0
2026-08-10T05:52,GRIP,setengah_naik,854.9,2307.5,80.0
2026-08-10T05:52,GRIP,setengah_naik,856.0,2307.25,80.0
2026-08-10T05:52,GRIP,setengah_naik,857.2,2307.375,80.0
2026-08-10T05:52,GRIP,setengah_naik,858.4,2307.5,80.0
2026-08-10T05:52,GRIP,setengah_naik,859.5,2307.375,80.0
2026-08-10T05:52,GRIP,setengah_naik,860.7,2307.625,80.0
2026-08-10T05:52,GRIP,setengah_naik,861.8,2307.375,80.0
2026-08-10T05:52,GRIP,setengah_naik,863.0,2307.375,80.0
2026-08-10T05:52,GRIP,setengah_naik,864.2,2307.375,80.0
2026-08-10T05:52,GRIP,setengah_naik,865.3,2307.375,80.0
2026-08-10T05:52,GRIP,setengah_naik,866.5,2307.625,80.0
2026-08-10T05:52,GRIP,setengah_naik,867.6,2307.5,80.0
2026-08-10T05:52,GRIP,setengah_naik,868.8,2307.5,80.0
2026-08-10T05:52,GRIP,setengah_naik,870.0,2307.625,80.0
2026-08-10T05:52,GRIP,setengah_naik,871.1,2307.875,80.0
2026-08-10T05:52,GRIP,setengah_naik,872.3,2307.875,80.0
2026-08-10T05:52,GRIP,setengah_naik,873.4,2307.625,80.0
2026-08-10T05:52,GRIP,setengah_naik,874.6,2307.625,80.0
2026-08-10T05:52,GRIP,setengah_naik,875.8,2307.5,80.0
2026-08-10T05:52,GRIP,setengah_naik,876.9,2307.375,80.0
2026-08-10T05:52,GRIP,setengah_naik,878.1,2307.5,80.0
2026-08-10T05:52,GRIP,setengah_naik,879.2,2307.625,80.0
2026-08-10T05:52,GRIP,setengah_naik,880.4,2307.75,80.0
2026-08-10T05:52,GRIP,setengah_naik,881.6,2307.75,80.0
2026-08-10T05:52,GRIP,setengah_naik,882.7,2307.75,80.0
2026-08-10T05:52,GRIP,setengah_naik,883.9,2307.75,80.0
2026-08-10T05:52,GRIP,setengah_naik,885.0,2307.625,80.0
2026-08-10T05:52,GRIP,setengah_naik,886.2,2307.75,80.0
2026-08-10T05:52,GRIP,setengah_naik,887.4,2307.875,80.0
2026-08-10T05:52,GRIP,setengah_naik,888.5,2307.75,80.0
2026-08-10T05:52,GRIP,setengah_naik,889.7,2307.875,80.0
2026-08-10T05:52,GRIP,setengah_naik,890.8,2307.875,80.0
2026-08-10T05:52,GRIP,setengah_naik,892.0,2307.875,80.0
2026-08-10T05:52,GRIP,setengah_naik,893.2,2307.75,80.0
2026-08-10T05:52,GRIP,setengah_naik,894.3,2307.75,80.0
2026-08-10T05:52,GRIP,setengah_naik,895.5,2307.875,80.0
2026-08-10T05:52,GRIP,setengah_naik,896.6,2307.75,80.0
2026-08-10T05:52,GRIP,setengah_naik,897.8,2307.75,80.0
2026-08-10T05:52,GRIP,setengah_naik,899.0,2307.625,80.0
2026-08-10T05:52,GRIP,setengah_naik,900.1,2307.75,80.0
2026-08-10T05:52,GRIP,setengah_naik,901.3,2307.625,80.0
2026-08-10T05:52,GRIP,setengah_naik,902.4,2307.875,80.0
2026-08-10T05:52,GRIP,setengah_naik,903.6,2307.75,80.0
2026-08-10T05:52,GRIP,setengah_naik,904.8,2307.75,80.0
2026-08-10T05:52,GRIP,setengah_naik,905.9,2308.0,80.0
2026-08-10T05:52,GRIP,setengah_naik,907.1,2307.75,80.0
2026-08-10T05:52,GRIP,setengah_naik,908.2,2307.625,80.0
2026-08-10T05:52,GRIP,setengah_naik,909.4,2307.5,80.0
2026-08-10T05:52,GRIP,setengah_naik,910.6,2307.625,80.0
2026-08-10T05:52,GRIP,setengah_naik,911.7,2307.5,80.0
2026-08-10T05:52,GRIP,setengah_naik,912.9,2307.5,80.0
2026-08-10T05:52,GRIP,setengah_naik,914.0,2307.625,80.0
2026-08-10T05:52,GRIP,setengah_naik,915.2,2307.625,80.0
2026-08-10T05:52,GRIP,setengah_naik,916.4,2307.5,80.0
2026-08-10T05:52,GRIP,setengah_naik,917.5,2307.375,80.0
2026-08-10T05:52,GRIP,setengah_naik,918.7,2307.625,80.0
2026-08-10T05:52,GRIP,setengah_naik,919.8,2307.625,80.0
2026-08-10T05:52,GRIP,setengah_naik,921.0,2307.75,80.0
2026-08-10T05:52,GRIP,setengah_naik,922.2,2307.625,80.0
2026-08-10T05:52,GRIP,setengah_naik,923.3,2307.625,80.0
2026-08-10T05:52,GRIP,setengah_naik,924.5,2307.75,80.0
2026-08-10T05:52,GRIP,setengah_naik,925.6,2307.5,80.0
2026-08-10T05:52,GRIP,setengah_naik,926.8,2307.625,80.0
2026-08-10T05:52,GRIP,setengah_naik,928.0,2307.5,80.0
2026-08-10T05:52,GRIP,setengah_naik,929.1,2307.625,80.0
2026-08-10T05:52,GRIP,setengah_naik,930.3,2308.0,80.0
2026-08-10T05:52,GRIP,setengah_naik,931.4,2307.625,80.0
2026-08-10T05:52,GRIP,setengah_naik,932.6,2307.75,80.0
2026-08-10T05:52,GRIP,setengah_naik,933.8,2307.75,80.0
2026-08-10T05:52,GRIP,setengah_naik,934.9,2307.625,80.0
2026-08-10T05:52,GRIP,setengah_naik,936.1,2307.625,80.0
2026-08-10T05:52,GRIP,setengah_naik,937.2,2307.5,80.0
2026-08-10T05:52,GRIP,setengah_naik,938.4,2307.5,80.0
2026-08-10T05:52,GRIP,setengah_naik,939.6,2307.5,80.0
2026-08-10T05:52,GRIP,setengah_naik,940.7,2307.5,80.0
2026-08-10T05:52,GRIP,setengah_naik,941.9,2307.625,80.0
2026-08-10T05:52,GRIP,setengah_naik,943.0,2307.5,80.0
2026-08-10T05:52,GRIP,setengah_naik,944.2,2307.625,80.0
2026-08-10T05:52,GRIP,setengah_naik,945.4,2307.75,80.0
2026-08-10T05:52,GRIP,setengah_naik,946.5,2307.625,80.0
2026-08-10T05:52,GRIP,setengah_naik,947.7,2307.625,80.0
2026-08-10T05:52,GRIP,setengah_naik,948.8,2307.75,80.0
2026-08-10T05:52,GRIP,setengah_naik,950.0,2307.625,80.0
2026-08-10T05:52,GRIP,setengah_naik,951.2,2307.5,80.0
2026-08-10T05:52,GRIP,setengah_naik,952.3,2307.25,80.0
2026-08-10T05:52,GRIP,setengah_naik,953.5,2307.375,80.0
2026-08-10T05:52,GRIP,setengah_naik,954.6,2307.375,80.0
2026-08-10T05:52,GRIP,setengah_naik,955.8,2307.25,80.0
2026-08-10T05:52,GRIP,setengah_naik,957.0,2307.375,80.0
2026-08-10T05:52,GRIP,setengah_naik,958.1,2307.375,80.0
2026-08-10T05:52,GRIP,setengah_naik,959.3,2307.625,80.0
2026-08-10T05:52,GRIP,setengah_naik,960.4,2307.5,80.0
2026-08-10T05:52,GRIP,setengah_naik,961.6,2307.5,80.0
2026-08-10T05:52,GRIP,setengah_naik,962.8,2307.5,80.0
2026-08-10T05:52,GRIP,setengah_naik,963.9,2307.625,80.0
2026-08-10T05:52,GRIP,setengah_naik,965.1,2307.625,80.0
2026-08-10T05:52,GRIP,setengah_naik,966.2,2307.625,80.0
2026-08-10T05:52,GRIP,setengah_naik,967.4,2307.5,80.0
2026-08-10T05:52,GRIP,setengah_naik,968.6,2307.625,80.0
2026-08-10T05:52,GRIP,setengah_naik,969.7,2307.625,80.0
2026-08-10T05:52,GRIP,setengah_naik,970.9,2307.875,80.0
2026-08-10T05:52,GRIP,setengah_naik,972.0,2307.875,80.0
2026-08-10T05:52,GRIP,setengah_naik,973.2,2307.625,80.0
2026-08-10T05:52,GRIP,setengah_naik,974.4,2307.875,80.0
2026-08-10T05:52,GRIP,setengah_naik,975.5,2307.75,80.0
2026-08-10T05:52,GRIP,setengah_naik,976.7,2307.625,80.0
2026-08-10T05:52,GRIP,setengah_naik,977.8,2307.625,80.0
2026-08-10T05:52,GRIP,setengah_naik,979.0,2307.75,80.0
2026-08-10T05:52,GRIP,setengah_turun,0.0,1601.625,80.0
2026-08-10T05:52,GRIP,setengah_turun,1.1,1601.625,80.0
2026-08-10T05:52,GRIP,setengah_turun,2.3,1601.75,80.0
2026-08-10T05:52,GRIP,setengah_turun,3.4,1601.75,80.0
2026-08-10T05:52,GRIP,setengah_turun,4.6,1601.625,80.0
2026-08-10T05:52,GRIP,setengah_turun,5.8,1601.5,80.0
2026-08-10T05:52,GRIP,setengah_turun,6.9,1601.375,80.0
2026-08-10T05:52,GRIP,setengah_turun,8.1,1601.5,80.0
2026-08-10T05:52,GRIP,setengah_turun,9.2,1601.5,80.0
2026-08-10T05:52,GRIP,setengah_turun,10.4,1601.625,80.0
2026-08-10T05:52,GRIP,setengah_turun,11.6,1601.5,80.0
2026-08-10T05:52,GRIP,setengah_turun,12.7,1601.25,80.0
2026-08-10T05:52,GRIP,setengah_turun,13.9,1601.625,80.0
2026-08-10T05:52,GRIP,setengah_turun,15.0,1601.5,80.0
2026-08-10T05:52,GRIP,setengah_turun,16.2,1601.625,80.0
2026-08-10T05:52,GRIP,setengah_turun,17.4,1601.375,80.0
2026-08-10T05:52,GRIP,setengah_turun,18.5,1601.5,80.0
2026-08-10T05:52,GRIP,setengah_turun,19.7,1601.375,80.0
2026-08-10T05:52,GRIP,setengah_turun,20.8,1601.75,80.0
2026-08-10T05:52,GRIP,setengah_turun,22.0,1601.5,80.0
2026-08-10T05:52,GRIP,setengah_turun,23.2,1601.625,80.0
2026-08-10T05:52,GRIP,setengah_turun,24.3,1601.625,80.0
2026-08-10T05:52,GRIP,setengah_turun,25.5,1601.625,80.0
2026-08-10T05:52,GRIP,setengah_turun,26.6,1601.625,80.0
2026-08-10T05:52,GRIP,setengah_turun,27.8,1601.625,80.0
2026-08-10T05:52,GRIP,setengah_turun,29.0,1601.5,80.0
2026-08-10T05:52,GRIP,setengah_turun,30.1,1601.25,80.0
2026-08-10T05:52,GRIP,setengah_turun,31.3,1601.375,80.0
2026-08-10T05:52,GRIP,setengah_turun,32.4,1601.375,80.0
2026-08-10T05:52,GRIP,setengah_turun,33.6,1601.5,80.0
2026-08-10T05:52,GRIP,setengah_turun,34.8,1601.375,80.0
2026-08-10T05:52,GRIP,setengah_turun,35.9,1601.625,80.0
2026-08-10T05:52,GRIP,setengah_turun,37.1,1601.5,80.0
2026-08-10T05:52,GRIP,setengah_turun,38.2,1601.5,80.0
2026-08-10T05:52,GRIP,setengah_turun,39.4,1601.5,80.0
2026-08-10T05:52,GRIP,setengah_turun,40.6,1601.75,80.0
2026-08-10T05:52,GRIP,setengah_turun,41.7,1601.75,80.0
2026-08-10T05:52,GRIP,setengah_turun,42.9,1601.625,80.0
2026-08-10T05:52,GRIP,setengah_turun,44.0,1601.625,80.0
2026-08-10T05:52,GRIP,setengah_turun,45.2,1601.5,80.0
2026-08-10T05:52,GRIP,setengah_turun,46.4,1601.625,80.0
2026-08-10T05:52,GRIP,setengah_turun,47.5,1601.5,80.0
2026-08-10T05:52,GRIP,setengah_turun,48.7,1601.5,80.0
2026-08-10T05:52,GRIP,setengah_turun,49.8,1601.5,80.0
2026-08-10T05:52,GRIP,setengah_turun,51.0,1601.5,80.0
2026-08-10T05:52,GRIP,setengah_turun,52.2,1601.375,80.0
2026-08-10T05:52,GRIP,setengah_turun,53.3,1601.5,80.0
2026-08-10T05:52,GRIP,setengah_turun,54.5,1601.625,80.0
2026-08-10T05:52,GRIP,setengah_turun,55.6,1601.75,80.0
2026-08-10T05:52,GRIP,setengah_turun,56.8,1601.625,80.0
2026-08-10T05:52,GRIP,setengah_turun,58.0,1601.5,80.0
2026-08-10T05:52,GRIP,setengah_turun,59.1,1601.5,80.0
2026-08-10T05:52,GRIP,setengah_turun,60.3,1601.875,80.0
2026-08-10T05:52,GRIP,setengah_turun,61.4,1601.75,80.0
2026-08-10T05:52,GRIP,setengah_turun,62.6,1601.75,80.0
2026-08-10T05:52,GRIP,setengah_turun,63.8,1601.625,80.0
2026-08-10T05:52,GRIP,setengah_turun,64.9,1601.375,80.0
2026-08-10T05:52,GRIP,setengah_turun,66.1,1601.375,80.0
2026-08-10T05:52,GRIP,setengah_turun,67.2,1601.625,80.0
2026-08-10T05:52,GRIP,setengah_turun,68.4,1601.625,80.0
2026-08-10T05:52,GRIP,setengah_turun,69.6,1601.25,80.0
2026-08-10T05:52,GRIP,setengah_turun,70.7,1601.375,80.0
2026-08-10T05:52,GRIP,setengah_turun,71.9,1601.5,80.0
2026-08-10T05:52,GRIP,setengah_turun,73.0,1601.5,80.0
2026-08-10T05:52,GRIP,setengah_turun,74.2,1601.5,80.0
2026-08-10T05:52,GRIP,setengah_turun,75.4,1601.5,80.0
2026-08-10T05:52,GRIP,setengah_turun,76.5,1601.5,80.0
2026-08-10T05:52,GRIP,setengah_turun,77.7,1601.5,80.0
2026-08-10T05:52,GRIP,setengah_turun,78.8,1601.5,80.0
2026-08-10T05:52,GRIP,setengah_turun,80.0,1601.5,80.0
2026-08-10T05:52,GRIP,setengah_turun,81.2,1601.5,80.0
2026-08-10T05:52,GRIP,setengah_turun,82.3,1601.5,80.0
2026-08-10T05:52,GRIP,setengah_turun,83.5,1601.625,80.0
2026-08-10T05:52,GRIP,setengah_turun,84.6,1601.5,80.0
2026-08-10T05:52,GRIP,setengah_turun,85.8,1603.25,80.0
2026-08-10T05:52,GRIP,setengah_turun,87.0,1719.75,80.0
2026-08-10T05:52,GRIP,setengah_turun,88.1,1749.375,80.0
2026-08-10T05:52,GRIP,setengah_turun,89.3,1742.125,80.0
2026-08-10T05:52,GRIP,setengah_turun,90.4,1733.625,80.0
2026-08-10T05:52,GRIP,setengah_turun,91.6,1724.625,80.0
2026-08-10T05:52,GRIP,setengah_turun,92.8,1720.0,80.0
2026-08-10T05:52,GRIP,setengah_turun,93.9,1710.875,80.0
2026-08-10T05:52,GRIP,setengah_turun,95.1,1703.75,80.0
2026-08-10T05:52,GRIP,setengah_turun,96.2,1691.5,80.0
2026-08-10T05:52,GRIP,setengah_turun,97.4,1691.5,80.0
2026-08-10T05:52,GRIP,setengah_turun,98.6,1680.25,80.0
2026-08-10T05:52,GRIP,setengah_turun,99.7,1672.75,80.0
2026-08-10T05:52,GRIP,setengah_turun,100.9,1664.25,80.0
2026-08-10T05:52,GRIP,setengah_turun,102.0,1651.375,80.0
2026-08-10T05:52,GRIP,setengah_turun,103.2,1641.125,80.0
2026-08-10T05:52,GRIP,setengah_turun,104.4,1633.75,80.0
2026-08-10T05:52,GRIP,setengah_turun,105.5,1619.875,80.0
2026-08-10T05:52,GRIP,setengah_turun,106.7,1604.375,80.0
2026-08-10T05:52,GRIP,setengah_turun,107.8,1594.0,80.0
2026-08-10T05:52,GRIP,setengah_turun,109.0,1584.25,80.0
2026-08-10T05:52,GRIP,setengah_turun,110.2,1573.875,80.0
2026-08-10T05:52,GRIP,setengah_turun,111.3,1559.25,80.0
2026-08-10T05:52,GRIP,setengah_turun,112.5,1543.625,80.0
2026-08-10T05:52,GRIP,setengah_turun,113.6,1532.875,80.0
2026-08-10T05:52,GRIP,setengah_turun,114.8,1521.625,80.0
2026-08-10T05:52,GRIP,setengah_turun,116.0,1498.0,80.0
2026-08-10T05:52,GRIP,setengah_turun,117.1,1487.25,80.0
2026-08-10T05:52,GRIP,setengah_turun,118.3,1472.375,80.0
2026-08-10T05:52,GRIP,setengah_turun,119.4,1458.75,80.0
2026-08-10T05:52,GRIP,setengah_turun,120.6,1458.75,80.0
2026-08-10T05:52,GRIP,setengah_turun,121.8,1444.75,80.0
2026-08-10T05:52,GRIP,setengah_turun,122.9,1430.875,80.0
2026-08-10T05:52,GRIP,setengah_turun,124.1,1412.0,80.0
2026-08-10T05:52,GRIP,setengah_turun,125.2,1395.75,80.0
2026-08-10T05:52,GRIP,setengah_turun,126.4,1370.875,80.0
2026-08-10T05:52,GRIP,setengah_turun,127.6,1370.625,80.0
2026-08-10T05:52,GRIP,setengah_turun,128.7,1342.875,80.0
2026-08-10T05:52,GRIP,setengah_turun,129.9,1296.875,80.0
2026-08-10T05:52,GRIP,setengah_turun,131.0,1325.125,80.0
2026-08-10T05:52,GRIP,setengah_turun,132.2,1300.375,80.0
2026-08-10T05:52,GRIP,setengah_turun,133.4,1242.5,80.0
2026-08-10T05:52,GRIP,setengah_turun,134.5,1271.5,80.0
2026-08-10T05:52,GRIP,setengah_turun,135.7,1249.125,80.0
2026-08-10T05:52,GRIP,setengah_turun,136.8,1237.0,80.0
2026-08-10T05:52,GRIP,setengah_turun,138.0,1199.5,80.0
2026-08-10T05:52,GRIP,setengah_turun,139.2,1176.125,80.0
2026-08-10T05:52,GRIP,setengah_turun,140.3,1175.875,80.0
2026-08-10T05:52,GRIP,setengah_turun,141.5,1153.375,80.0
2026-08-10T05:52,GRIP,setengah_turun,142.6,1140.0,80.0
2026-08-10T05:52,GRIP,setengah_turun,143.8,1140.0,80.0
2026-08-10T05:52,GRIP,setengah_turun,145.0,1131.75,80.0
2026-08-10T05:52,GRIP,setengah_turun,146.1,1149.0,80.0
2026-08-10T05:52,GRIP,setengah_turun,147.3,1102.375,80.0
2026-08-10T05:52,GRIP,setengah_turun,148.4,1089.625,80.0
2026-08-10T05:52,GRIP,setengah_turun,149.6,1087.75,80.0
2026-08-10T05:52,GRIP,setengah_turun,150.8,1075.0,80.0
2026-08-10T05:52,GRIP,setengah_turun,151.9,1062.625,80.0
2026-08-10T05:52,GRIP,setengah_turun,153.1,1050.25,80.0
2026-08-10T05:52,GRIP,setengah_turun,154.2,1044.875,80.0
2026-08-10T05:52,GRIP,setengah_turun,155.4,1052.5,80.0
2026-08-10T05:52,GRIP,setengah_turun,156.6,1038.125,80.0
2026-08-10T05:52,GRIP,setengah_turun,157.7,1023.625,80.0
2026-08-10T05:52,GRIP,setengah_turun,158.9,1020.75,80.0
2026-08-10T05:52,GRIP,setengah_turun,160.0,1008.25,80.0
2026-08-10T05:52,GRIP,setengah_turun,161.2,1038.75,80.0
2026-08-10T05:52,GRIP,setengah_turun,162.4,998.375,80.0
2026-08-10T05:52,GRIP,setengah_turun,163.5,984.375,80.0
2026-08-10T05:52,GRIP,setengah_turun,164.7,981.0,80.0
2026-08-10T05:52,GRIP,setengah_turun,165.8,977.625,80.0
2026-08-10T05:52,GRIP,setengah_turun,167.0,977.625,80.0
2026-08-10T05:52,GRIP,setengah_turun,168.2,971.75,80.0
2026-08-10T05:52,GRIP,setengah_turun,169.3,977.25,80.0
2026-08-10T05:52,GRIP,setengah_turun,170.5,976.75,80.0
2026-08-10T05:52,GRIP,setengah_turun,171.6,958.375,80.0
2026-08-10T05:52,GRIP,setengah_turun,172.8,954.875,80.0
2026-08-10T05:52,GRIP,setengah_turun,174.0,952.5,80.0
2026-08-10T05:52,GRIP,setengah_turun,175.1,952.875,80.0
2026-08-10T05:52,GRIP,setengah_turun,176.3,950.375,80.0
2026-08-10T05:52,GRIP,setengah_turun,177.4,944.0,80.0
2026-08-10T05:52,GRIP,setengah_turun,178.6,942.625,80.0
2026-08-10T05:52,GRIP,setengah_turun,179.8,942.625,80.0
2026-08-10T05:52,GRIP,setengah_turun,180.9,942.0,80.0
2026-08-10T05:52,GRIP,setengah_turun,182.1,942.0,80.0
2026-08-10T05:52,GRIP,setengah_turun,183.2,941.375,80.0
2026-08-10T05:52,GRIP,setengah_turun,184.4,935.625,80.0
2026-08-10T05:52,GRIP,setengah_turun,185.6,937.125,80.0
2026-08-10T05:52,GRIP,setengah_turun,186.7,931.0,80.0
2026-08-10T05:52,GRIP,setengah_turun,187.9,930.5,80.0
2026-08-10T05:52,GRIP,setengah_turun,189.0,930.25,80.0
2026-08-10T05:52,GRIP,setengah_turun,190.2,930.25,80.0
2026-08-10T05:52,GRIP,setengah_turun,191.4,936.125,80.0
2026-08-10T05:52,GRIP,setengah_turun,192.5,922.75,80.0
2026-08-10T05:52,GRIP,setengah_turun,193.7,921.5,80.0
2026-08-10T05:52,GRIP,setengah_turun,194.8,921.125,80.0
2026-08-10T05:52,GRIP,setengah_turun,196.0,920.625,80.0
2026-08-10T05:52,GRIP,setengah_turun,197.2,920.375,80.0
2026-08-10T05:52,GRIP,setengah_turun,198.3,920.375,80.0
2026-08-10T05:52,GRIP,setengah_turun,199.5,920.125,80.0
2026-08-10T05:52,GRIP,setengah_turun,200.6,920.0,80.0
2026-08-10T05:52,GRIP,setengah_turun,201.8,919.875,80.0
2026-08-10T05:52,GRIP,setengah_turun,203.0,919.75,80.0
2026-08-10T05:52,GRIP,setengah_turun,204.1,919.875,80.0
2026-08-10T05:52,GRIP,setengah_turun,205.3,919.625,80.0
2026-08-10T05:52,GRIP,setengah_turun,206.4,919.625,80.0
2026-08-10T05:52,GRIP,setengah_turun,207.6,919.375,80.0
2026-08-10T05:52,GRIP,setengah_turun,208.8,919.375,80.0
2026-08-10T05:52,GRIP,setengah_turun,209.9,919.25,80.0
2026-08-10T05:52,GRIP,setengah_turun,211.1,919.375,80.0
2026-08-10T05:52,GRIP,setengah_turun,212.2,919.25,80.0
2026-08-10T05:52,GRIP,setengah_turun,213.4,919.25,80.0
2026-08-10T05:52,GRIP,setengah_turun,214.6,919.375,80.0
2026-08-10T05:52,GRIP,setengah_turun,215.7,919.75,80.0
2026-08-10T05:52,GRIP,setengah_turun,216.9,919.25,80.0
2026-08-10T05:52,GRIP,setengah_turun,218.0,919.125,80.0
2026-08-10T05:52,GRIP,setengah_turun,219.2,919.25,80.0
2026-08-10T05:52,GRIP,setengah_turun,220.4,919.0,80.0
2026-08-10T05:52,GRIP,setengah_turun,221.5,919.25,80.0
2026-08-10T05:52,GRIP,setengah_turun,222.7,919.5,80.0
2026-08-10T05:52,GRIP,setengah_turun,223.8,919.375,80.0
2026-08-10T05:52,GRIP,setengah_turun,225.0,919.125,80.0
2026-08-10T05:52,GRIP,setengah_turun,226.2,919.125,80.0
2026-08-10T05:52,GRIP,setengah_turun,227.3,919.125,80.0
2026-08-10T05:52,GRIP,setengah_turun,228.5,919.125,80.0
2026-08-10T05:52,GRIP,setengah_turun,229.6,919.125,80.0
2026-08-10T05:52,GRIP,setengah_turun,230.8,919.125,80.0
2026-08-10T05:52,GRIP,setengah_turun,232.0,919.0,80.0
2026-08-10T05:52,GRIP,setengah_turun,233.1,919.375,80.0
2026-08-10T05:52,GRIP,setengah_turun,234.3,919.25,80.0
2026-08-10T05:52,GRIP,setengah_turun,235.4,919.125,80.0
2026-08-10T05:52,GRIP,setengah_turun,236.6,919.125,80.0
2026-08-10T05:52,GRIP,setengah_turun,237.8,919.125,80.0
2026-08-10T05:52,GRIP,setengah_turun,238.9,919.125,80.0
2026-08-10T05:52,GRIP,setengah_turun,240.1,919.375,80.0
2026-08-10T05:52,GRIP,setengah_turun,241.2,919.25,80.0
2026-08-10T05:52,GRIP,setengah_turun,242.4,919.25,80.0
2026-08-10T05:52,GRIP,setengah_turun,243.6,919.25,80.0
2026-08-10T05:52,GRIP,setengah_turun,244.7,919.25,80.0
2026-08-10T05:52,GRIP,setengah_turun,245.9,919.125,80.0
2026-08-10T05:52,GRIP,setengah_turun,247.0,919.125,80.0
2026-08-10T05:52,GRIP,setengah_turun,248.2,919.125,80.0
2026-08-10T05:52,GRIP,setengah_turun,249.4,919.25,80.0
2026-08-10T05:52,GRIP,setengah_turun,250.5,919.0,80.0
2026-08-10T05:52,GRIP,setengah_turun,251.7,919.0,80.0
2026-08-10T05:52,GRIP,setengah_turun,252.8,919.125,80.0
2026-08-10T05:52,GRIP,setengah_turun,254.0,919.25,80.0
2026-08-10T05:52,GRIP,setengah_turun,255.2,919.125,80.0
2026-08-10T05:52,GRIP,setengah_turun,256.3,919.125,80.0
2026-08-10T05:52,GRIP,setengah_turun,257.5,919.125,80.0
2026-08-10T05:52,GRIP,setengah_turun,258.6,919.125,80.0
2026-08-10T05:52,GRIP,setengah_turun,259.8,919.125,80.0
2026-08-10T05:52,GRIP,setengah_turun,261.0,919.125,80.0
2026-08-10T05:52,GRIP,setengah_turun,262.1,919.375,80.0
2026-08-10T05:52,GRIP,setengah_turun,263.3,919.25,80.0
2026-08-10T05:52,GRIP,setengah_turun,264.4,919.125,80.0
2026-08-10T05:52,GRIP,setengah_turun,265.6,919.25,80.0
2026-08-10T05:52,GRIP,setengah_turun,266.8,919.25,80.0
2026-08-10T05:52,GRIP,setengah_turun,267.9,919.25,80.0
2026-08-10T05:52,GRIP,setengah_turun,269.1,919.25,80.0
2026-08-10T05:52,GRIP,setengah_turun,270.2,919.0,80.0
2026-08-10T05:52,GRIP,setengah_turun,271.4,919.25,80.0
2026-08-10T05:52,GRIP,setengah_turun,272.6,919.125,80.0
2026-08-10T05:52,GRIP,setengah_turun,273.7,919.25,80.0
2026-08-10T05:52,GRIP,setengah_turun,274.9,919.125,80.0
2026-08-10T05:52,GRIP,setengah_turun,276.0,919.125,80.0
2026-08-10T05:52,GRIP,setengah_turun,277.2,919.25,80.0
2026-08-10T05:52,GRIP,setengah_turun,278.4,919.0,80.0
2026-08-10T05:52,GRIP,setengah_turun,279.5,919.375,80.0
2026-08-10T05:52,GRIP,setengah_turun,280.7,919.375,80.0
2026-08-10T05:52,GRIP,setengah_turun,281.8,919.25,80.0
2026-08-10T05:52,GRIP,setengah_turun,283.0,919.25,80.0
2026-08-10T05:52,GRIP,setengah_turun,284.2,919.25,80.0
2026-08-10T05:52,GRIP,setengah_turun,285.3,919.375,80.0
2026-08-10T05:52,GRIP,setengah_turun,286.5,919.25,80.0
2026-08-10T05:52,GRIP,setengah_turun,287.6,919.25,80.0
2026-08-10T05:52,GRIP,setengah_turun,288.8,919.25,80.0
2026-08-10T05:52,GRIP,setengah_turun,290.0,919.125,80.0
2026-08-10T05:52,GRIP,setengah_turun,291.1,919.375,80.0
2026-08-10T05:52,GRIP,setengah_turun,292.3,919.125,80.0
2026-08-10T05:52,GRIP,setengah_turun,293.4,919.25,80.0
2026-08-10T05:52,GRIP,setengah_turun,294.6,919.375,80.0
2026-08-10T05:52,GRIP,setengah_turun,295.8,919.25,80.0
2026-08-10T05:52,GRIP,setengah_turun,296.9,919.25,80.0
2026-08-10T05:52,GRIP,setengah_turun,298.1,919.25,80.0
2026-08-10T05:52,GRIP,setengah_turun,299.2,919.25,80.0
2026-08-10T05:52,GRIP,setengah_turun,300.4,919.375,80.0
2026-08-10T05:52,GRIP,setengah_turun,301.6,919.25,80.0
2026-08-10T05:52,GRIP,setengah_turun,302.7,919.0,80.0
2026-08-10T05:52,GRIP,setengah_turun,303.9,919.25,80.0
2026-08-10T05:52,GRIP,setengah_turun,305.0,919.25,80.0
2026-08-10T05:52,GRIP,setengah_turun,306.2,919.125,80.0
2026-08-10T05:52,GRIP,setengah_turun,307.4,919.125,80.0
2026-08-10T05:52,GRIP,setengah_turun,308.5,919.25,80.0
2026-08-10T05:52,GRIP,setengah_turun,309.7,919.25,80.0
2026-08-10T05:52,GRIP,setengah_turun,310.8,919.125,80.0
2026-08-10T05:52,GRIP,setengah_turun,312.0,919.25,80.0
2026-08-10T05:52,GRIP,setengah_turun,313.2,919.25,80.0
2026-08-10T05:52,GRIP,setengah_turun,314.3,919.375,80.0
2026-08-10T05:52,GRIP,setengah_turun,315.5,919.125,80.0
2026-08-10T05:52,GRIP,setengah_turun,316.6,919.125,80.0
2026-08-10T05:52,GRIP,setengah_turun,317.8,919.125,80.0
2026-08-10T05:52,GRIP,setengah_turun,319.0,919.25,80.0
2026-08-10T05:52,GRIP,setengah_turun,320.1,919.125,80.0
2026-08-10T05:52,GRIP,setengah_turun,321.3,919.125,80.0
2026-08-10T05:52,GRIP,setengah_turun,322.4,919.375,80.0
2026-08-10T05:52,GRIP,setengah_turun,323.6,919.25,80.0
2026-08-10T05:52,GRIP,setengah_turun,324.8,919.125,80.0
2026-08-10T05:52,GRIP,setengah_turun,325.9,919.25,80.0
2026-08-10T05:52,GRIP,setengah_turun,327.1,919.125,80.0
2026-08-10T05:52,GRIP,setengah_turun,328.2,919.25,80.0
2026-08-10T05:52,GRIP,setengah_turun,329.4,919.125,80.0
2026-08-10T05:52,GRIP,setengah_turun,330.6,919.125,80.0
2026-08-10T05:52,GRIP,setengah_turun,331.7,919.125,80.0
2026-08-10T05:52,GRIP,setengah_turun,332.9,919.125,80.0
2026-08-10T05:52,GRIP,setengah_turun,334.0,919.125,80.0
2026-08-10T05:52,GRIP,setengah_turun,335.2,918.875,80.0
2026-08-10T05:52,GRIP,setengah_turun,336.4,918.875,80.0
2026-08-10T05:52,GRIP,setengah_turun,337.5,918.875,80.0
2026-08-10T05:52,GRIP,setengah_turun,338.7,918.875,80.0
2026-08-10T05:52,GRIP,setengah_turun,339.8,919.375,80.0
2026-08-10T05:52,GRIP,setengah_turun,341.0,919.25,80.0
2026-08-10T05:52,GRIP,setengah_turun,342.2,919.25,80.0
2026-08-10T05:52,GRIP,setengah_turun,343.3,919.125,80.0
2026-08-10T05:52,GRIP,setengah_turun,344.5,919.25,80.0
2026-08-10T05:52,GRIP,setengah_turun,345.6,919.25,80.0
2026-08-10T05:52,GRIP,setengah_turun,346.8,919.125,80.0
2026-08-10T05:52,GRIP,setengah_turun,348.0,919.25,80.0
2026-08-10T05:52,GRIP,setengah_turun,349.1,919.125,80.0
2026-08-10T05:52,GRIP,setengah_turun,350.3,919.25,80.0
2026-08-10T05:52,GRIP,setengah_turun,351.4,919.25,80.0
2026-08-10T05:52,GRIP,setengah_turun,352.6,919.125,80.0
2026-08-10T05:52,GRIP,setengah_turun,353.8,919.125,80.0
2026-08-10T05:52,GRIP,setengah_turun,354.9,919.25,80.0
2026-08-10T05:52,GRIP,setengah_turun,356.1,919.375,80.0
2026-08-10T05:52,GRIP,setengah_turun,357.2,919.375,80.0
2026-08-10T05:52,GRIP,setengah_turun,358.4,919.375,80.0
2026-08-10T05:52,GRIP,setengah_turun,359.6,919.25,80.0
2026-08-10T05:52,GRIP,setengah_turun,360.7,919.375,80.0
2026-08-10T05:52,GRIP,setengah_turun,361.9,919.375,80.0
2026-08-10T05:52,GRIP,setengah_turun,363.0,919.125,80.0
2026-08-10T05:52,GRIP,setengah_turun,364.2,919.375,80.0
2026-08-10T05:52,GRIP,setengah_turun,365.4,919.25,80.0
2026-08-10T05:52,GRIP,setengah_turun,366.5,919.25,80.0
2026-08-10T05:52,GRIP,setengah_turun,367.7,919.375,80.0
2026-08-10T05:52,GRIP,setengah_turun,368.8,919.25,80.0
2026-08-10T05:52,GRIP,setengah_turun,370.0,919.25,80.0
2026-08-10T05:52,GRIP,setengah_turun,371.2,919.25,80.0
2026-08-10T05:52,GRIP,setengah_turun,372.3,919.125,80.0
2026-08-10T05:52,GRIP,setengah_turun,373.5,919.25,80.0
2026-08-10T05:52,GRIP,setengah_turun,374.6,919.125,80.0
2026-08-10T05:52,GRIP,setengah_turun,375.8,919.125,80.0
2026-08-10T05:52,GRIP,setengah_turun,377.0,919.125,80.0
2026-08-10T05:52,GRIP,setengah_turun,378.1,919.25,80.0
2026-08-10T05:52,GRIP,setengah_turun,379.3,919.125,80.0
2026-08-10T05:52,GRIP,setengah_turun,380.4,919.375,80.0
2026-08-10T05:52,GRIP,setengah_turun,381.6,919.375,80.0
2026-08-10T05:52,GRIP,setengah_turun,382.8,919.5,80.0
2026-08-10T05:52,GRIP,setengah_turun,383.9,919.5,80.0
2026-08-10T05:52,GRIP,setengah_turun,385.1,919.5,80.0
2026-08-10T05:52,GRIP,setengah_turun,386.2,919.625,80.0
2026-08-10T05:52,GRIP,setengah_turun,387.4,919.75,80.0
2026-08-10T05:52,GRIP,setengah_turun,388.6,919.625,80.0
2026-08-10T05:52,GRIP,setengah_turun,389.7,920.0,80.0
2026-08-10T05:52,GRIP,setengah_turun,390.9,920.375,80.0
2026-08-10T05:52,GRIP,setengah_turun,392.0,920.375,80.0
2026-08-10T05:52,GRIP,setengah_turun,393.2,920.375,80.0
2026-08-10T05:52,GRIP,setengah_turun,394.4,920.375,80.0
2026-08-10T05:52,GRIP,setengah_turun,395.5,920.25,80.0
2026-08-10T05:52,GRIP,setengah_turun,396.7,919.5,80.0
2026-08-10T05:52,GRIP,setengah_turun,397.8,919.375,80.0
2026-08-10T05:52,GRIP,setengah_turun,399.0,919.25,80.0
2026-08-10T05:52,GRIP,setengah_turun,400.2,919.25,80.0
2026-08-10T05:52,GRIP,setengah_turun,401.3,919.25,80.0
2026-08-10T05:52,GRIP,setengah_turun,402.5,919.375,80.0
2026-08-10T05:52,GRIP,setengah_turun,403.6,919.5,80.0
2026-08-10T05:52,GRIP,setengah_turun,404.8,919.375,80.0
2026-08-10T05:52,GRIP,setengah_turun,406.0,919.125,80.0
2026-08-10T05:52,GRIP,setengah_turun,407.1,919.25,80.0
2026-08-10T05:52,GRIP,setengah_turun,408.3,919.375,80.0
2026-08-10T05:52,GRIP,setengah_turun,409.4,919.25,80.0
2026-08-10T05:52,GRIP,setengah_turun,410.6,919.25,80.0
2026-08-10T05:52,GRIP,setengah_turun,411.8,919.125,80.0
2026-08-10T05:52,GRIP,setengah_turun,412.9,919.375,80.0
2026-08-10T05:52,GRIP,setengah_turun,414.1,919.25,80.0
2026-08-10T05:52,GRIP,setengah_turun,415.2,919.25,80.0
2026-08-10T05:52,GRIP,setengah_turun,416.4,919.375,80.0
2026-08-10T05:52,GRIP,setengah_turun,417.6,919.25,80.0
2026-08-10T05:52,GRIP,setengah_turun,418.7,919.125,80.0
2026-08-10T05:52,GRIP,setengah_turun,419.9,919.25,80.0
2026-08-10T05:52,GRIP,setengah_turun,421.0,919.25,80.0
2026-08-10T05:52,GRIP,setengah_turun,422.2,919.25,80.0
2026-08-10T05:52,GRIP,setengah_turun,423.4,919.25,80.0
2026-08-10T05:52,GRIP,setengah_turun,424.5,919.25,80.0
2026-08-10T05:52,GRIP,setengah_turun,425.7,919.25,80.0
2026-08-10T05:52,GRIP,setengah_turun,426.8,919.25,80.0
2026-08-10T05:52,GRIP,setengah_turun,428.0,919.25,80.0
2026-08-10T05:52,GRIP,setengah_turun,429.2,919.125,80.0
2026-08-10T05:52,GRIP,setengah_turun,430.3,919.25,80.0
2026-08-10T05:52,GRIP,setengah_turun,431.5,919.125,80.0
2026-08-10T05:52,GRIP,setengah_turun,432.6,919.25,80.0
2026-08-10T05:52,GRIP,setengah_turun,433.8,919.25,80.0
2026-08-10T05:52,GRIP,setengah_turun,435.0,919.125,80.0
2026-08-10T05:52,GRIP,setengah_turun,436.1,919.25,80.0
2026-08-10T05:52,GRIP,setengah_turun,437.3,919.125,80.0
2026-08-10T05:52,GRIP,setengah_turun,438.4,919.125,80.0
2026-08-10T05:52,GRIP,setengah_turun,439.6,919.25,80.0
2026-08-10T05:52,GRIP,setengah_turun,440.8,919.25,80.0
2026-08-10T05:52,GRIP,setengah_turun,441.9,919.375,80.0
2026-08-10T05:52,GRIP,setengah_turun,443.1,919.375,80.0
2026-08-10T05:52,GRIP,setengah_turun,444.2,919.25,80.0
2026-08-10T05:52,GRIP,setengah_turun,445.4,919.5,80.0
2026-08-10T05:52,GRIP,setengah_turun,446.6,919.375,80.0
2026-08-10T05:52,GRIP,setengah_turun,447.7,919.375,80.0
2026-08-10T05:52,GRIP,setengah_turun,448.9,919.375,80.0
2026-08-10T05:52,GRIP,setengah_turun,450.0,919.25,80.0
2026-08-10T05:52,GRIP,setengah_turun,451.2,919.125,80.0
2026-08-10T05:52,GRIP,setengah_turun,452.4,919.125,80.0
2026-08-10T05:52,GRIP,setengah_turun,453.5,919.25,80.0
2026-08-10T05:52,GRIP,setengah_turun,454.7,919.25,80.0
2026-08-10T05:52,GRIP,setengah_turun,455.8,919.375,80.0
2026-08-10T05:52,GRIP,setengah_turun,457.0,919.375,80.0
2026-08-10T05:52,GRIP,setengah_turun,458.2,919.375,80.0
2026-08-10T05:52,GRIP,setengah_turun,459.3,919.375,80.0
2026-08-10T05:52,GRIP,setengah_turun,460.5,919.375,80.0
2026-08-10T05:52,GRIP,setengah_turun,461.6,919.375,80.0
2026-08-10T05:52,GRIP,setengah_turun,462.8,919.5,80.0
2026-08-10T05:52,GRIP,setengah_turun,464.0,919.25,80.0
2026-08-10T05:52,GRIP,setengah_turun,465.1,919.25,80.0
2026-08-10T05:52,GRIP,setengah_turun,466.3,919.375,80.0
2026-08-10T05:52,GRIP,setengah_turun,467.4,919.125,80.0
2026-08-10T05:52,GRIP,setengah_turun,468.6,919.25,80.0
2026-08-10T05:52,GRIP,setengah_turun,469.8,919.25,80.0
2026-08-10T05:52,GRIP,setengah_turun,470.9,919.25,80.0
2026-08-10T05:52,GRIP,setengah_turun,472.1,919.125,80.0
2026-08-10T05:52,GRIP,setengah_turun,473.2,919.25,80.0
2026-08-10T05:52,GRIP,setengah_turun,474.4,919.25,80.0
2026-08-10T05:52,GRIP,setengah_turun,475.6,919.375,80.0
2026-08-10T05:52,GRIP,setengah_turun,476.7,919.25,80.0
2026-08-10T05:52,GRIP,setengah_turun,477.9,919.5,80.0
2026-08-10T05:52,GRIP,setengah_turun,479.0,919.375,80.0
2026-08-10T05:52,GRIP,setengah_turun,480.2,919.375,80.0
2026-08-10T05:52,GRIP,setengah_turun,481.4,919.5,80.0
2026-08-10T05:52,GRIP,setengah_turun,482.5,919.375,80.0
2026-08-10T05:52,GRIP,setengah_turun,483.7,919.625,80.0
2026-08-10T05:52,GRIP,setengah_turun,484.8,919.375,80.0
2026-08-10T05:52,GRIP,setengah_turun,486.0,919.375,80.0
2026-08-10T05:52,GRIP,setengah_turun,487.2,919.5,80.0
2026-08-10T05:52,GRIP,setengah_turun,488.3,919.125,80.0
2026-08-10T05:52,GRIP,setengah_turun,489.5,919.25,80.0
2026-08-10T05:52,GRIP,setengah_turun,490.6,919.125,80.0
2026-08-10T05:52,GRIP,setengah_turun,491.8,919.25,80.0
2026-08-10T05:52,GRIP,setengah_turun,493.0,919.125,80.0
2026-08-10T05:52,GRIP,setengah_turun,494.1,919.125,80.0
2026-08-10T05:52,GRIP,setengah_turun,495.3,919.25,80.0
2026-08-10T05:52,GRIP,setengah_turun,496.4,919.125,80.0
2026-08-10T05:52,GRIP,setengah_turun,497.6,919.375,80.0
2026-08-10T05:52,GRIP,setengah_turun,498.8,919.375,80.0
2026-08-10T05:52,GRIP,setengah_turun,499.9,919.5,80.0
2026-08-10T05:52,GRIP,setengah_turun,501.1,919.25,80.0
2026-08-10T05:52,GRIP,setengah_turun,502.2,919.375,80.0
2026-08-10T05:52,GRIP,setengah_turun,503.4,919.375,80.0
2026-08-10T05:52,GRIP,setengah_turun,504.6,919.375,80.0
2026-08-10T05:52,GRIP,setengah_turun,505.7,919.125,80.0
2026-08-10T05:52,GRIP,setengah_turun,506.9,919.125,80.0
2026-08-10T05:52,GRIP,setengah_turun,508.0,919.125,80.0
2026-08-10T05:52,GRIP,setengah_turun,509.2,919.125,80.0
2026-08-10T05:52,GRIP,setengah_turun,510.4,919.125,80.0
2026-08-10T05:52,GRIP,setengah_turun,511.5,919.125,80.0
2026-08-10T05:52,GRIP,setengah_turun,512.7,919.25,80.0
2026-08-10T05:52,GRIP,setengah_turun,513.8,919.25,80.0
2026-08-10T05:52,GRIP,setengah_turun,515.0,919.25,80.0
2026-08-10T05:52,GRIP,setengah_turun,516.2,919.25,80.0
2026-08-10T05:52,GRIP,setengah_turun,517.3,919.25,80.0
2026-08-10T05:52,GRIP,setengah_turun,518.5,919.25,80.0
2026-08-10T05:52,GRIP,setengah_turun,519.6,919.25,80.0
2026-08-10T05:52,GRIP,setengah_turun,520.8,919.375,80.0
2026-08-10T05:52,GRIP,setengah_turun,522.0,919.375,80.0
2026-08-10T05:52,GRIP,setengah_turun,523.1,919.5,80.0
2026-08-10T05:52,GRIP,setengah_turun,524.3,919.25,80.0
2026-08-10T05:52,GRIP,setengah_turun,525.4,919.25,80.0
2026-08-10T05:52,GRIP,setengah_turun,526.6,919.375,80.0
2026-08-10T05:52,GRIP,setengah_turun,527.8,919.375,80.0
2026-08-10T05:52,GRIP,setengah_turun,528.9,919.25,80.0
2026-08-10T05:52,GRIP,setengah_turun,530.1,919.25,80.0
2026-08-10T05:52,GRIP,setengah_turun,531.2,919.25,80.0
2026-08-10T05:52,GRIP,setengah_turun,532.4,919.375,80.0
2026-08-10T05:52,GRIP,setengah_turun,533.6,919.125,80.0
2026-08-10T05:52,GRIP,setengah_turun,534.7,919.25,80.0
2026-08-10T05:52,GRIP,setengah_turun,535.9,919.375,80.0
2026-08-10T05:52,GRIP,setengah_turun,537.0,919.125,80.0
2026-08-10T05:52,GRIP,setengah_turun,538.2,919.25,80.0
2026-08-10T05:52,GRIP,setengah_turun,539.4,919.125,80.0
2026-08-10T05:52,GRIP,setengah_turun,540.5,919.125,80.0
2026-08-10T05:52,GRIP,setengah_turun,541.7,919.25,80.0
2026-08-10T05:52,GRIP,setengah_turun,542.8,919.125,80.0
2026-08-10T05:52,GRIP,setengah_turun,544.0,919.25,80.0
2026-08-10T05:52,GRIP,setengah_turun,545.2,919.25,80.0
2026-08-10T05:52,GRIP,setengah_turun,546.3,919.375,80.0
2026-08-10T05:52,GRIP,setengah_turun,547.5,919.375,80.0
2026-08-10T05:52,GRIP,setengah_turun,548.6,919.375,80.0
2026-08-10T05:52,GRIP,setengah_turun,549.8,919.25,80.0
2026-08-10T05:52,GRIP,setengah_turun,551.0,919.25,80.0
2026-08-10T05:52,GRIP,setengah_turun,552.1,919.25,80.0
2026-08-10T05:52,GRIP,setengah_turun,553.3,919.375,80.0
2026-08-10T05:52,GRIP,setengah_turun,554.4,919.5,80.0
2026-08-10T05:52,GRIP,setengah_turun,555.6,919.5,80.0
2026-08-10T05:52,GRIP,setengah_turun,556.8,919.25,80.0
2026-08-10T05:52,GRIP,setengah_turun,557.9,919.25,80.0
2026-08-10T05:52,GRIP,setengah_turun,559.1,919.375,80.0
2026-08-10T05:52,GRIP,setengah_turun,560.2,919.375,80.0
2026-08-10T05:52,GRIP,setengah_turun,561.4,919.375,80.0
2026-08-10T05:52,GRIP,setengah_turun,562.6,919.25,80.0
2026-08-10T05:52,GRIP,setengah_turun,563.7,919.25,80.0
2026-08-10T05:52,GRIP,setengah_turun,564.9,919.375,80.0
2026-08-10T05:52,GRIP,setengah_turun,566.0,919.25,80.0
2026-08-10T05:52,GRIP,setengah_turun,567.2,919.25,80.0
2026-08-10T05:52,GRIP,setengah_turun,568.4,919.375,80.0
2026-08-10T05:52,GRIP,setengah_turun,569.5,919.25,80.0
2026-08-10T05:52,GRIP,setengah_turun,570.7,919.25,80.0
2026-08-10T05:52,GRIP,setengah_turun,571.8,919.125,80.0
2026-08-10T05:52,GRIP,setengah_turun,573.0,919.375,80.0
2026-08-10T05:52,GRIP,setengah_turun,574.2,919.25,80.0
2026-08-10T05:52,GRIP,setengah_turun,575.3,919.25,80.0
2026-08-10T05:52,GRIP,setengah_turun,576.5,919.375,80.0
2026-08-10T05:52,GRIP,setengah_turun,577.6,919.375,80.0
2026-08-10T05:52,GRIP,setengah_turun,578.8,919.25,80.0
2026-08-10T05:52,GRIP,setengah_turun,580.0,919.5,80.0
2026-08-10T05:52,GRIP,setengah_turun,581.1,919.25,80.0
2026-08-10T05:52,GRIP,setengah_turun,582.3,919.5,80.0
2026-08-10T05:52,GRIP,setengah_turun,583.4,919.5,80.0
2026-08-10T05:52,GRIP,setengah_turun,584.6,919.5,80.0
2026-08-10T05:52,GRIP,setengah_turun,585.8,919.375,80.0
2026-08-10T05:52,GRIP,setengah_turun,586.9,919.25,80.0
2026-08-10T05:52,GRIP,setengah_turun,588.1,919.25,80.0
2026-08-10T05:52,GRIP,setengah_turun,589.2,919.25,80.0
2026-08-10T05:52,GRIP,setengah_turun,590.4,919.125,80.0
2026-08-10T05:52,GRIP,setengah_turun,591.6,919.25,80.0
2026-08-10T05:52,GRIP,setengah_turun,592.7,919.375,80.0
2026-08-10T05:52,GRIP,setengah_turun,593.9,919.375,80.0
2026-08-10T05:52,GRIP,setengah_turun,595.0,919.25,80.0
2026-08-10T05:52,GRIP,setengah_turun,596.2,919.125,80.0
2026-08-10T05:52,GRIP,setengah_turun,597.4,919.125,80.0
2026-08-10T05:52,GRIP,setengah_turun,598.5,919.25,80.0
2026-08-10T05:52,GRIP,setengah_turun,599.7,919.25,80.0
2026-08-10T05:52,GRIP,setengah_turun,600.8,919.375,80.0
2026-08-10T05:52,GRIP,setengah_turun,602.0,919.25,80.0
2026-08-10T05:52,GRIP,setengah_turun,603.2,919.25,80.0
2026-08-10T05:52,GRIP,setengah_turun,604.3,919.375,80.0
2026-08-10T05:52,GRIP,setengah_turun,605.5,919.25,80.0
2026-08-10T05:52,GRIP,setengah_turun,606.6,919.375,80.0
2026-08-10T05:52,GRIP,setengah_turun,607.8,919.125,80.0
2026-08-10T05:52,GRIP,setengah_turun,609.0,919.25,80.0
2026-08-10T05:52,GRIP,setengah_turun,610.1,919.125,80.0
2026-08-10T05:52,GRIP,setengah_turun,611.3,919.125,80.0
2026-08-10T05:52,GRIP,setengah_turun,612.4,919.125,80.0
2026-08-10T05:52,GRIP,setengah_turun,613.6,919.125,80.0
2026-08-10T05:52,GRIP,setengah_turun,614.8,919.25,80.0
2026-08-10T05:52,GRIP,setengah_turun,615.9,919.375,80.0
2026-08-10T05:52,GRIP,setengah_turun,617.1,919.25,80.0
2026-08-10T05:52,GRIP,setengah_turun,618.2,919.125,80.0
2026-08-10T05:52,GRIP,setengah_turun,619.4,919.5,80.0
2026-08-10T05:52,GRIP,setengah_turun,620.6,919.25,80.0
2026-08-10T05:52,GRIP,setengah_turun,621.7,919.25,80.0
2026-08-10T05:52,GRIP,setengah_turun,622.9,919.5,80.0
2026-08-10T05:52,GRIP,setengah_turun,624.0,919.25,80.0
2026-08-10T05:52,GRIP,setengah_turun,625.2,919.125,80.0
2026-08-10T05:52,GRIP,setengah_turun,626.4,919.25,80.0
2026-08-10T05:52,GRIP,setengah_turun,627.5,919.5,80.0
2026-08-10T05:52,GRIP,setengah_turun,628.7,919.25,80.0
2026-08-10T05:52,GRIP,setengah_turun,629.8,919.125,80.0
2026-08-10T05:52,GRIP,setengah_turun,631.0,919.25,80.0
2026-08-10T05:52,GRIP,setengah_turun,632.2,919.25,80.0
2026-08-10T05:52,GRIP,setengah_turun,633.3,919.125,80.0
2026-08-10T05:52,GRIP,setengah_turun,634.5,919.125,80.0
2026-08-10T05:52,GRIP,setengah_turun,635.6,919.25,80.0
2026-08-10T05:52,GRIP,setengah_turun,636.8,919.25,80.0
2026-08-10T05:52,GRIP,setengah_turun,638.0,919.125,80.0
2026-08-10T05:52,GRIP,setengah_turun,639.1,919.25,80.0
2026-08-10T05:52,GRIP,setengah_turun,640.3,919.25,80.0
2026-08-10T05:52,GRIP,setengah_turun,641.4,919.5,80.0
2026-08-10T05:52,GRIP,setengah_turun,642.6,919.5,80.0
2026-08-10T05:52,GRIP,setengah_turun,643.8,919.375,80.0
2026-08-10T05:52,GRIP,setengah_turun,644.9,919.25,80.0
2026-08-10T05:52,GRIP,setengah_turun,646.1,919.125,80.0
2026-08-10T05:52,GRIP,setengah_turun,647.2,919.25,80.0
2026-08-10T05:52,GRIP,setengah_turun,648.4,919.25,80.0
2026-08-10T05:52,GRIP,setengah_turun,649.6,919.125,80.0
2026-08-10T05:52,GRIP,setengah_turun,650.7,919.125,80.0
2026-08-10T05:52,GRIP,setengah_turun,651.9,919.25,80.0
2026-08-10T05:52,GRIP,setengah_turun,653.0,919.125,80.0
2026-08-10T05:52,GRIP,setengah_turun,654.2,919.25,80.0
2026-08-10T05:52,GRIP,setengah_turun,655.4,919.5,80.0
2026-08-10T05:52,GRIP,setengah_turun,656.5,919.125,80.0
2026-08-10T05:52,GRIP,setengah_turun,657.7,919.125,80.0
2026-08-10T05:52,GRIP,setengah_turun,658.8,919.25,80.0
2026-08-10T05:52,GRIP,setengah_turun,660.0,919.25,80.0
2026-08-10T05:52,GRIP,setengah_turun,661.2,919.375,80.0
2026-08-10T05:52,GRIP,setengah_turun,662.3,919.5,80.0
2026-08-10T05:52,GRIP,setengah_turun,663.5,919.25,80.0
2026-08-10T05:52,GRIP,setengah_turun,664.6,919.25,80.0
2026-08-10T05:52,GRIP,setengah_turun,665.8,919.25,80.0
2026-08-10T05:52,GRIP,setengah_turun,667.0,919.25,80.0
2026-08-10T05:52,GRIP,setengah_turun,668.1,919.25,80.0
2026-08-10T05:52,GRIP,setengah_turun,669.3,919.125,80.0
2026-08-10T05:52,GRIP,setengah_turun,670.4,919.125,80.0
2026-08-10T05:52,GRIP,setengah_turun,671.6,919.375,80.0
2026-08-10T05:52,GRIP,setengah_turun,672.8,919.25,80.0
2026-08-10T05:52,GRIP,setengah_turun,673.9,919.375,80.0
2026-08-10T05:52,GRIP,setengah_turun,675.1,919.375,80.0
2026-08-10T05:52,GRIP,setengah_turun,676.2,919.375,80.0
2026-08-10T05:52,GRIP,setengah_turun,677.4,919.375,80.0
2026-08-10T05:52,GRIP,setengah_turun,678.6,919.375,80.0
2026-08-10T05:52,GRIP,setengah_turun,679.7,919.375,80.0
2026-08-10T05:52,GRIP,setengah_turun,680.9,919.375,80.0
2026-08-10T05:52,GRIP,setengah_turun,682.0,919.5,80.0
2026-08-10T05:52,GRIP,setengah_turun,683.2,919.375,80.0
2026-08-10T05:52,GRIP,setengah_turun,684.4,919.375,80.0
2026-08-10T05:52,GRIP,setengah_turun,685.5,919.25,80.0
2026-08-10T05:52,GRIP,setengah_turun,686.7,919.375,80.0
2026-08-10T05:52,GRIP,setengah_turun,687.8,919.25,80.0
2026-08-10T05:52,GRIP,setengah_turun,689.0,919.25,80.0
2026-08-10T05:52,GRIP,setengah_turun,690.2,919.125,80.0
2026-08-10T05:52,GRIP,setengah_turun,691.3,919.25,80.0
2026-08-10T05:52,GRIP,setengah_turun,692.5,919.25,80.0
2026-08-10T05:52,GRIP,setengah_turun,693.6,919.25,80.0
2026-08-10T05:52,GRIP,setengah_turun,694.8,919.375,80.0
2026-08-10T05:52,GRIP,setengah_turun,696.0,919.25,80.0
2026-08-10T05:52,GRIP,setengah_turun,697.1,919.25,80.0
2026-08-10T05:52,GRIP,setengah_turun,698.3,919.375,80.0
2026-08-10T05:52,GRIP,setengah_turun,699.4,919.375,80.0
2026-08-10T05:52,GRIP,setengah_turun,700.6,919.125,80.0
2026-08-10T05:52,GRIP,setengah_turun,701.8,919.25,80.0
2026-08-10T05:52,GRIP,setengah_turun,702.9,919.375,80.0
2026-08-10T05:52,GRIP,setengah_turun,704.1,919.375,80.0
2026-08-10T05:52,GRIP,setengah_turun,705.2,919.375,80.0
2026-08-10T05:52,GRIP,setengah_turun,706.4,919.375,80.0
2026-08-10T05:52,GRIP,setengah_turun,707.6,919.625,80.0
2026-08-10T05:52,GRIP,setengah_turun,708.7,919.25,80.0
2026-08-10T05:52,GRIP,setengah_turun,709.9,919.5,80.0
2026-08-10T05:52,GRIP,setengah_turun,711.0,919.25,80.0
2026-08-10T05:52,GRIP,setengah_turun,712.2,919.25,80.0
2026-08-10T05:52,GRIP,setengah_turun,713.4,919.25,80.0
2026-08-10T05:52,GRIP,setengah_turun,714.5,919.375,80.0
2026-08-10T05:52,GRIP,setengah_turun,715.7,919.25,80.0
2026-08-10T05:52,GRIP,setengah_turun,716.8,919.125,80.0
2026-08-10T05:52,GRIP,setengah_turun,718.0,919.25,80.0
2026-08-10T05:52,GRIP,setengah_turun,719.2,919.375,80.0
2026-08-10T05:52,GRIP,setengah_turun,720.3,919.5,80.0
2026-08-10T05:52,GRIP,setengah_turun,721.5,919.375,80.0
2026-08-10T05:52,GRIP,setengah_turun,722.6,919.375,80.0
2026-08-10T05:52,GRIP,setengah_turun,723.8,919.25,80.0
2026-08-10T05:52,GRIP,setengah_turun,725.0,919.375,80.0
2026-08-10T05:52,GRIP,setengah_turun,726.1,919.25,80.0
2026-08-10T05:52,GRIP,setengah_turun,727.3,919.25,80.0
2026-08-10T05:52,GRIP,setengah_turun,728.4,919.375,80.0
2026-08-10T05:52,GRIP,setengah_turun,729.6,919.25,80.0
2026-08-10T05:52,GRIP,setengah_turun,730.8,919.125,80.0
2026-08-10T05:52,GRIP,setengah_turun,731.9,919.125,80.0
2026-08-10T05:52,GRIP,setengah_turun,733.1,919.25,80.0
2026-08-10T05:52,GRIP,setengah_turun,734.2,919.25,80.0
2026-08-10T05:52,GRIP,setengah_turun,735.4,919.375,80.0
2026-08-10T05:52,GRIP,setengah_turun,736.6,919.375,80.0
2026-08-10T05:52,GRIP,setengah_turun,737.7,919.375,80.0
2026-08-10T05:52,GRIP,setengah_turun,738.9,919.5,80.0
2026-08-10T05:52,GRIP,setengah_turun,740.0,919.375,80.0
2026-08-10T05:52,GRIP,setengah_turun,741.2,919.125,80.0
2026-08-10T05:52,GRIP,setengah_turun,742.4,919.375,80.0
2026-08-10T05:52,GRIP,setengah_turun,743.5,919.25,80.0
2026-08-10T05:52,GRIP,setengah_turun,744.7,918.875,80.0
2026-08-10T05:52,GRIP,setengah_turun,745.8,919.0,80.0
2026-08-10T05:52,GRIP,setengah_turun,747.0,919.0,80.0
2026-08-10T05:52,GRIP,setengah_turun,748.2,918.875,80.0
2026-08-10T05:52,GRIP,setengah_turun,749.3,919.25,80.0
2026-08-10T05:52,GRIP,setengah_turun,750.5,919.25,80.0
2026-08-10T05:52,GRIP,setengah_turun,751.6,919.25,80.0
2026-08-10T05:52,GRIP,setengah_turun,752.8,919.375,80.0
2026-08-10T05:52,GRIP,setengah_turun,754.0,919.25,80.0
2026-08-10T05:52,GRIP,setengah_turun,755.1,919.25,80.0
2026-08-10T05:52,GRIP,setengah_turun,756.3,919.375,80.0
2026-08-10T05:52,GRIP,setengah_turun,757.4,919.375,80.0
2026-08-10T05:52,GRIP,setengah_turun,758.6,919.25,80.0
2026-08-10T05:52,GRIP,setengah_turun,759.8,919.375,80.0
2026-08-10T05:52,GRIP,setengah_turun,760.9,919.375,80.0
2026-08-10T05:52,GRIP,setengah_turun,762.1,919.375,80.0
2026-08-10T05:52,GRIP,setengah_turun,763.2,919.25,80.0
2026-08-10T05:52,GRIP,setengah_turun,764.4,919.25,80.0
2026-08-10T05:52,GRIP,setengah_turun,765.6,919.375,80.0
2026-08-10T05:52,GRIP,setengah_turun,766.7,919.25,80.0
2026-08-10T05:52,GRIP,setengah_turun,767.9,919.375,80.0
2026-08-10T05:52,GRIP,setengah_turun,769.0,919.25,80.0
2026-08-10T05:52,GRIP,setengah_turun,770.2,919.25,80.0
2026-08-10T05:52,GRIP,setengah_turun,771.4,919.25,80.0
2026-08-10T05:52,GRIP,setengah_turun,772.5,919.375,80.0
2026-08-10T05:52,GRIP,setengah_turun,773.7,919.25,80.0
2026-08-10T05:52,GRIP,setengah_turun,774.8,919.25,80.0
2026-08-10T05:52,GRIP,setengah_turun,776.0,919.25,80.0
2026-08-10T05:52,GRIP,setengah_turun,777.2,919.25,80.0
2026-08-10T05:52,GRIP,setengah_turun,778.3,919.375,80.0
2026-08-10T05:52,GRIP,setengah_turun,779.5,919.25,80.0
2026-08-10T05:52,GRIP,setengah_turun,780.6,919.25,80.0
2026-08-10T05:52,GRIP,setengah_turun,781.8,919.25,80.0
2026-08-10T05:52,GRIP,setengah_turun,783.0,919.25,80.0
2026-08-10T05:52,GRIP,setengah_turun,784.1,919.25,80.0
2026-08-10T05:52,GRIP,setengah_turun,785.3,919.25,80.0
2026-08-10T05:52,GRIP,setengah_turun,786.4,919.25,80.0
2026-08-10T05:52,GRIP,setengah_turun,787.6,919.375,80.0
2026-08-10T05:52,GRIP,setengah_turun,788.8,919.25,80.0
2026-08-10T05:52,GRIP,setengah_turun,789.9,919.125,80.0
2026-08-10T05:52,GRIP,setengah_turun,791.1,919.25,80.0
2026-08-10T05:52,GRIP,setengah_turun,792.2,919.375,80.0
2026-08-10T05:52,GRIP,setengah_turun,793.4,919.375,80.0
2026-08-10T05:52,GRIP,setengah_turun,794.6,919.125,80.0
2026-08-10T05:52,GRIP,setengah_turun,795.7,919.25,80.0
2026-08-10T05:52,GRIP,setengah_turun,796.9,919.25,80.0
2026-08-10T05:52,GRIP,setengah_turun,798.0,919.25,80.0
2026-08-10T05:52,GRIP,setengah_turun,799.2,919.125,80.0
2026-08-10T05:52,GRIP,setengah_turun,800.4,919.25,80.0
2026-08-10T05:52,GRIP,setengah_turun,801.5,919.25,80.0
2026-08-10T05:52,GRIP,setengah_turun,802.7,919.375,80.0
2026-08-10T05:52,GRIP,setengah_turun,803.8,919.25,80.0
2026-08-10T05:52,GRIP,setengah_turun,805.0,919.25,80.0
2026-08-10T05:52,GRIP,setengah_turun,806.2,919.375,80.0
2026-08-10T05:52,GRIP,setengah_turun,807.3,919.375,80.0
2026-08-10T05:52,GRIP,setengah_turun,808.5,919.375,80.0
2026-08-10T05:52,GRIP,setengah_turun,809.6,919.25,80.0
2026-08-10T05:52,GRIP,setengah_turun,810.8,919.25,80.0
2026-08-10T05:52,GRIP,setengah_turun,812.0,919.375,80.0
2026-08-10T05:52,GRIP,setengah_turun,813.1,919.25,80.0
2026-08-10T05:52,GRIP,setengah_turun,814.3,919.25,80.0
2026-08-10T05:52,GRIP,setengah_turun,815.4,919.375,80.0
2026-08-10T05:52,GRIP,setengah_turun,816.6,919.25,80.0
2026-08-10T05:52,GRIP,setengah_turun,817.8,919.25,80.0
2026-08-10T05:52,GRIP,setengah_turun,818.9,919.375,80.0
2026-08-10T05:52,GRIP,setengah_turun,820.1,919.25,80.0
2026-08-10T05:52,GRIP,setengah_turun,821.2,919.25,80.0
2026-08-10T05:52,GRIP,setengah_turun,822.4,919.5,80.0
2026-08-10T05:52,GRIP,setengah_turun,823.6,919.25,80.0
2026-08-10T05:52,GRIP,setengah_turun,824.7,919.25,80.0
2026-08-10T05:52,GRIP,setengah_turun,825.9,919.25,80.0
2026-08-10T05:52,GRIP,setengah_turun,827.0,919.25,80.0
2026-08-10T05:52,GRIP,setengah_turun,828.2,919.375,80.0
2026-08-10T05:52,GRIP,setengah_turun,829.4,919.0,80.0
2026-08-10T05:52,GRIP,setengah_turun,830.5,919.25,80.0
2026-08-10T05:52,GRIP,setengah_turun,831.7,919.25,80.0
2026-08-10T05:52,GRIP,setengah_turun,832.8,919.375,80.0
2026-08-10T05:52,GRIP,setengah_turun,834.0,919.375,80.0
2026-08-10T05:52,GRIP,setengah_turun,835.2,919.375,80.0
2026-08-10T05:52,GRIP,setengah_turun,836.3,919.125,80.0
2026-08-10T05:52,GRIP,setengah_turun,837.5,919.25,80.0
2026-08-10T05:52,GRIP,setengah_turun,838.6,919.375,80.0
2026-08-10T05:52,GRIP,setengah_turun,839.8,919.25,80.0
2026-08-10T05:52,GRIP,setengah_turun,841.0,919.5,80.0
2026-08-10T05:52,GRIP,setengah_turun,842.1,919.5,80.0
2026-08-10T05:52,GRIP,setengah_turun,843.3,919.25,80.0
2026-08-10T05:52,GRIP,setengah_turun,844.4,919.25,80.0
2026-08-10T05:52,GRIP,setengah_turun,845.6,919.25,80.0
2026-08-10T05:52,GRIP,setengah_turun,846.8,919.375,80.0
2026-08-10T05:52,GRIP,setengah_turun,847.9,919.125,80.0
2026-08-10T05:52,GRIP,setengah_turun,849.1,919.375,80.0
2026-08-10T05:52,GRIP,setengah_turun,850.2,919.125,80.0
2026-08-10T05:52,GRIP,setengah_turun,851.4,919.125,80.0
2026-08-10T05:52,GRIP,setengah_turun,852.6,919.25,80.0
2026-08-10T05:52,GRIP,setengah_turun,853.7,919.25,80.0
2026-08-10T05:52,GRIP,setengah_turun,854.9,919.375,80.0
2026-08-10T05:52,GRIP,setengah_turun,856.0,919.25,80.0
2026-08-10T05:52,GRIP,setengah_turun,857.2,919.25,80.0
2026-08-10T05:52,GRIP,setengah_turun,858.4,919.375,80.0
2026-08-10T05:52,GRIP,setengah_turun,859.5,919.375,80.0
2026-08-10T05:52,GRIP,setengah_turun,860.7,919.375,80.0
2026-08-10T05:52,GRIP,setengah_turun,861.8,919.5,80.0
2026-08-10T05:52,GRIP,setengah_turun,863.0,919.5,80.0
2026-08-10T05:52,GRIP,setengah_turun,864.2,919.375,80.0
2026-08-10T05:52,GRIP,setengah_turun,865.3,919.375,80.0
2026-08-10T05:52,GRIP,setengah_turun,866.5,919.375,80.0
2026-08-10T05:52,GRIP,setengah_turun,867.6,919.375,80.0
2026-08-10T05:52,GRIP,setengah_turun,868.8,919.25,80.0
2026-08-10T05:52,GRIP,setengah_turun,870.0,919.25,80.0
2026-08-10T05:52,GRIP,setengah_turun,871.1,919.125,80.0
2026-08-10T05:52,GRIP,setengah_turun,872.3,919.25,80.0
2026-08-10T05:52,GRIP,setengah_turun,873.4,919.375,80.0
2026-08-10T05:52,GRIP,setengah_turun,874.6,919.5,80.0
2026-08-10T05:52,GRIP,setengah_turun,875.8,919.375,80.0
2026-08-10T05:52,GRIP,setengah_turun,876.9,919.25,80.0
2026-08-10T05:52,GRIP,setengah_turun,878.1,919.125,80.0
2026-08-10T05:52,GRIP,setengah_turun,879.2,919.375,80.0
2026-08-10T05:52,GRIP,setengah_turun,880.4,919.25,80.0
2026-08-10T05:52,GRIP,setengah_turun,881.6,919.375,80.0
2026-08-10T05:52,GRIP,setengah_turun,882.7,919.375,80.0
2026-08-10T05:52,GRIP,setengah_turun,883.9,919.375,80.0
2026-08-10T05:52,GRIP,setengah_turun,885.0,919.625,80.0
2026-08-10T05:52,GRIP,setengah_turun,886.2,919.25,80.0
2026-08-10T05:52,GRIP,setengah_turun,887.4,919.25,80.0
2026-08-10T05:52,GRIP,setengah_turun,888.5,919.125,80.0
2026-08-10T05:52,GRIP,setengah_turun,889.7,919.125,80.0
2026-08-10T05:52,GRIP,setengah_turun,890.8,919.125,80.0
2026-08-10T05:52,GRIP,setengah_turun,892.0,919.25,80.0
2026-08-10T05:52,GRIP,setengah_turun,893.2,919.375,80.0
2026-08-10T05:52,GRIP,setengah_turun,894.3,919.375,80.0
2026-08-10T05:52,GRIP,setengah_turun,895.5,919.25,80.0
2026-08-10T05:52,GRIP,setengah_turun,896.6,919.375,80.0
2026-08-10T05:52,GRIP,setengah_turun,897.8,919.375,80.0
2026-08-10T05:52,GRIP,setengah_turun,899.0,919.375,80.0
2026-08-10T05:52,GRIP,setengah_turun,900.1,919.375,80.0
2026-08-10T05:52,GRIP,setengah_turun,901.3,919.5,80.0
2026-08-10T05:52,GRIP,setengah_turun,902.4,919.375,80.0
2026-08-10T05:52,GRIP,setengah_turun,903.6,919.5,80.0
2026-08-10T05:52,GRIP,setengah_turun,904.8,919.5,80.0
2026-08-10T05:52,GRIP,setengah_turun,905.9,919.375,80.0
2026-08-10T05:52,GRIP,setengah_turun,907.1,919.375,80.0
2026-08-10T05:52,GRIP,setengah_turun,908.2,919.25,80.0
2026-08-10T05:52,GRIP,setengah_turun,909.4,919.25,80.0
2026-08-10T05:52,GRIP,setengah_turun,910.6,919.125,80.0
2026-08-10T05:52,GRIP,setengah_turun,911.7,919.25,80.0
2026-08-10T05:52,GRIP,setengah_turun,912.9,919.375,80.0
2026-08-10T05:52,GRIP,setengah_turun,914.0,919.375,80.0
2026-08-10T05:52,GRIP,setengah_turun,915.2,919.375,80.0
2026-08-10T05:52,GRIP,setengah_turun,916.4,919.375,80.0
2026-08-10T05:52,GRIP,setengah_turun,917.5,919.5,80.0
2026-08-10T05:52,GRIP,setengah_turun,918.7,919.5,80.0
2026-08-10T05:52,GRIP,setengah_turun,919.8,919.375,80.0
2026-08-10T05:52,GRIP,setengah_turun,921.0,919.375,80.0
2026-08-10T05:52,GRIP,setengah_turun,922.2,919.375,80.0
2026-08-10T05:52,GRIP,setengah_turun,923.3,919.25,80.0
2026-08-10T05:52,GRIP,setengah_turun,924.5,919.375,80.0
2026-08-10T05:52,GRIP,setengah_turun,925.6,919.125,80.0
2026-08-10T05:52,GRIP,setengah_turun,926.8,919.375,80.0
2026-08-10T05:52,GRIP,setengah_turun,928.0,919.25,80.0
2026-08-10T05:52,GRIP,setengah_turun,929.1,919.125,80.0
2026-08-10T05:52,GRIP,setengah_turun,930.3,919.25,80.0
2026-08-10T05:52,GRIP,setengah_turun,931.4,919.25,80.0
2026-08-10T05:52,GRIP,setengah_turun,932.6,919.375,80.0
2026-08-10T05:52,GRIP,setengah_turun,933.8,919.25,80.0
2026-08-10T05:52,GRIP,setengah_turun,934.9,919.25,80.0
2026-08-10T05:52,GRIP,setengah_turun,936.1,919.375,80.0
2026-08-10T05:52,GRIP,setengah_turun,937.2,919.375,80.0
2026-08-10T05:52,GRIP,setengah_turun,938.4,919.375,80.0
2026-08-10T05:52,GRIP,setengah_turun,939.6,919.25,80.0
2026-08-10T05:52,GRIP,setengah_turun,940.7,919.375,80.0
2026-08-10T05:52,GRIP,setengah_turun,941.9,919.5,80.0
2026-08-10T05:52,GRIP,setengah_turun,943.0,919.375,80.0
2026-08-10T05:52,GRIP,setengah_turun,944.2,919.375,80.0
2026-08-10T05:52,GRIP,setengah_turun,945.4,919.125,80.0
2026-08-10T05:52,GRIP,setengah_turun,946.5,919.25,80.0
2026-08-10T05:52,GRIP,setengah_turun,947.7,919.25,80.0
2026-08-10T05:52,GRIP,setengah_turun,948.8,918.875,80.0
2026-08-10T05:52,GRIP,setengah_turun,950.0,918.875,80.0
2026-08-10T05:52,GRIP,setengah_turun,951.2,918.75,80.0
2026-08-10T05:52,GRIP,setengah_turun,952.3,919.125,80.0
2026-08-10T05:52,GRIP,setengah_turun,953.5,919.125,80.0
2026-08-10T05:52,GRIP,setengah_turun,954.6,919.375,80.0
2026-08-10T05:52,GRIP,setengah_turun,955.8,919.0,80.0
2026-08-10T05:52,GRIP,setengah_turun,957.0,919.25,80.0
2026-08-10T05:52,GRIP,setengah_turun,958.1,919.5,80.0
2026-08-10T05:52,GRIP,setengah_turun,959.3,919.5,80.0
2026-08-10T05:52,GRIP,setengah_turun,960.4,919.375,80.0
2026-08-10T05:52,GRIP,setengah_turun,961.6,919.375,80.0
2026-08-10T05:52,GRIP,setengah_turun,962.8,919.5,80.0
2026-08-10T05:52,GRIP,setengah_turun,963.9,919.375,80.0
2026-08-10T05:52,GRIP,setengah_turun,965.1,919.5,80.0
2026-08-10T05:52,GRIP,setengah_turun,966.2,919.25,80.0
2026-08-10T05:52,GRIP,setengah_turun,967.4,919.25,80.0
2026-08-10T05:52,GRIP,setengah_turun,968.6,919.25,80.0
2026-08-10T05:52,GRIP,setengah_turun,969.7,919.375,80.0
2026-08-10T05:52,GRIP,setengah_turun,970.9,919.125,80.0
2026-08-10T05:52,GRIP,setengah_turun,972.0,919.25,80.0
2026-08-10T05:52,GRIP,setengah_turun,973.2,919.375,80.0
2026-08-10T05:52,GRIP,setengah_turun,974.4,919.5,80.0
2026-08-10T05:52,GRIP,setengah_turun,975.5,919.25,80.0
2026-08-10T05:52,GRIP,setengah_turun,976.7,919.375,80.0
2026-08-10T05:52,GRIP,setengah_turun,977.8,919.25,80.0
2026-08-10T05:52,GRIP,setengah_turun,979.0,919.5,80.0
2026-08-10T05:52,GRIP,60deg_naik,0.0,1591.75,80.0
2026-08-10T05:52,GRIP,60deg_naik,1.1,1591.75,80.0
2026-08-10T05:52,GRIP,60deg_naik,2.3,1591.625,80.0
2026-08-10T05:52,GRIP,60deg_naik,3.4,1591.625,80.0
2026-08-10T05:52,GRIP,60deg_naik,4.6,1591.625,80.0
2026-08-10T05:52,GRIP,60deg_naik,5.8,1591.875,80.0
2026-08-10T05:52,GRIP,60deg_naik,6.9,1591.875,80.0
2026-08-10T05:52,GRIP,60deg_naik,8.1,1591.75,80.0
2026-08-10T05:52,GRIP,60deg_naik,9.2,1591.875,80.0
2026-08-10T05:52,GRIP,60deg_naik,10.4,1591.75,80.0
2026-08-10T05:52,GRIP,60deg_naik,11.6,1592.0,80.0
2026-08-10T05:52,GRIP,60deg_naik,12.7,1591.75,80.0
2026-08-10T05:52,GRIP,60deg_naik,13.9,1591.75,80.0
2026-08-10T05:52,GRIP,60deg_naik,15.0,1591.75,80.0
2026-08-10T05:52,GRIP,60deg_naik,16.2,1591.75,80.0
2026-08-10T05:52,GRIP,60deg_naik,17.4,1591.625,80.0
2026-08-10T05:52,GRIP,60deg_naik,18.5,1591.625,80.0
2026-08-10T05:52,GRIP,60deg_naik,19.7,1591.75,80.0
2026-08-10T05:52,GRIP,60deg_naik,20.8,1591.75,80.0
2026-08-10T05:52,GRIP,60deg_naik,22.0,1591.75,80.0
2026-08-10T05:52,GRIP,60deg_naik,23.2,1592.0,80.0
2026-08-10T05:52,GRIP,60deg_naik,24.3,1591.875,80.0
2026-08-10T05:52,GRIP,60deg_naik,25.5,1591.875,80.0
2026-08-10T05:52,GRIP,60deg_naik,26.6,1591.875,80.0
2026-08-10T05:52,GRIP,60deg_naik,27.8,1591.875,80.0
2026-08-10T05:52,GRIP,60deg_naik,29.0,1592.0,80.0
2026-08-10T05:52,GRIP,60deg_naik,30.1,1591.875,80.0
2026-08-10T05:52,GRIP,60deg_naik,31.3,1591.875,80.0
2026-08-10T05:52,GRIP,60deg_naik,32.4,1591.875,80.0
2026-08-10T05:52,GRIP,60deg_naik,33.6,1591.75,80.0
2026-08-10T05:52,GRIP,60deg_naik,34.8,1591.625,80.0
2026-08-10T05:52,GRIP,60deg_naik,35.9,1591.625,80.0
2026-08-10T05:52,GRIP,60deg_naik,37.1,1591.75,80.0
2026-08-10T05:52,GRIP,60deg_naik,38.2,1591.625,80.0
2026-08-10T05:52,GRIP,60deg_naik,39.4,1591.625,80.0
2026-08-10T05:52,GRIP,60deg_naik,40.6,1591.75,80.0
2026-08-10T05:52,GRIP,60deg_naik,41.7,1591.875,80.0
2026-08-10T05:52,GRIP,60deg_naik,42.9,1592.0,80.0
2026-08-10T05:52,GRIP,60deg_naik,44.0,1591.625,80.0
2026-08-10T05:52,GRIP,60deg_naik,45.2,1591.625,80.0
2026-08-10T05:52,GRIP,60deg_naik,46.4,1591.75,80.0
2026-08-10T05:52,GRIP,60deg_naik,47.5,1591.875,80.0
2026-08-10T05:52,GRIP,60deg_naik,48.7,1591.875,80.0
2026-08-10T05:52,GRIP,60deg_naik,49.8,1591.875,80.0
2026-08-10T05:52,GRIP,60deg_naik,51.0,1592.0,80.0
2026-08-10T05:52,GRIP,60deg_naik,52.2,1591.75,80.0
2026-08-10T05:52,GRIP,60deg_naik,53.3,1591.75,80.0
2026-08-10T05:52,GRIP,60deg_naik,54.5,1591.875,80.0
2026-08-10T05:52,GRIP,60deg_naik,55.6,1591.875,80.0
2026-08-10T05:52,GRIP,60deg_naik,56.8,1591.625,80.0
2026-08-10T05:52,GRIP,60deg_naik,58.0,1591.75,80.0
2026-08-10T05:52,GRIP,60deg_naik,59.1,1591.75,80.0
2026-08-10T05:52,GRIP,60deg_naik,60.3,1591.875,80.0
2026-08-10T05:52,GRIP,60deg_naik,61.4,1591.75,80.0
2026-08-10T05:52,GRIP,60deg_naik,62.6,1591.875,80.0
2026-08-10T05:52,GRIP,60deg_naik,63.8,1591.75,80.0
2026-08-10T05:52,GRIP,60deg_naik,64.9,1591.75,80.0
2026-08-10T05:52,GRIP,60deg_naik,66.1,1591.625,80.0
2026-08-10T05:52,GRIP,60deg_naik,67.2,1591.875,80.0
2026-08-10T05:52,GRIP,60deg_naik,68.4,1592.0,80.0
2026-08-10T05:52,GRIP,60deg_naik,69.6,1591.875,80.0
2026-08-10T05:52,GRIP,60deg_naik,70.7,1591.875,80.0
2026-08-10T05:52,GRIP,60deg_naik,71.9,1591.875,80.0
2026-08-10T05:52,GRIP,60deg_naik,73.0,1591.625,80.0
2026-08-10T05:52,GRIP,60deg_naik,74.2,1591.625,80.0
2026-08-10T05:52,GRIP,60deg_naik,75.4,1591.75,80.0
2026-08-10T05:52,GRIP,60deg_naik,76.5,1591.625,80.0
2026-08-10T05:52,GRIP,60deg_naik,77.7,1591.625,80.0
2026-08-10T05:52,GRIP,60deg_naik,78.8,1591.75,80.0
2026-08-10T05:52,GRIP,60deg_naik,80.0,1591.75,80.0
2026-08-10T05:52,GRIP,60deg_naik,81.2,1591.875,80.0
2026-08-10T05:52,GRIP,60deg_naik,82.3,1591.875,80.0
2026-08-10T05:52,GRIP,60deg_naik,83.5,1591.75,80.0
2026-08-10T05:52,GRIP,60deg_naik,84.6,1591.875,80.0
2026-08-10T05:52,GRIP,60deg_naik,85.8,1591.875,80.0
2026-08-10T05:52,GRIP,60deg_naik,87.0,1591.875,80.0
2026-08-10T05:52,GRIP,60deg_naik,88.1,1591.875,80.0
2026-08-10T05:52,GRIP,60deg_naik,89.3,1591.75,80.0
2026-08-10T05:52,GRIP,60deg_naik,90.4,1592.0,80.0
2026-08-10T05:52,GRIP,60deg_naik,91.6,1591.875,80.0
2026-08-10T05:52,GRIP,60deg_naik,92.8,1591.875,80.0
2026-08-10T05:52,GRIP,60deg_naik,93.9,1591.875,80.0
2026-08-10T05:52,GRIP,60deg_naik,95.1,1668.875,80.0
2026-08-10T05:52,GRIP,60deg_naik,96.2,1736.375,80.0
2026-08-10T05:52,GRIP,60deg_naik,97.4,1736.375,80.0
2026-08-10T05:52,GRIP,60deg_naik,98.6,1729.75,80.0
2026-08-10T05:52,GRIP,60deg_naik,99.7,1729.125,80.0
2026-08-10T05:52,GRIP,60deg_naik,100.9,1720.625,80.0
2026-08-10T05:52,GRIP,60deg_naik,102.0,1722.125,80.0
2026-08-10T05:52,GRIP,60deg_naik,103.2,1720.75,80.0
2026-08-10T05:52,GRIP,60deg_naik,104.4,1723.5,80.0
2026-08-10T05:52,GRIP,60deg_naik,105.5,1733.25,80.0
2026-08-10T05:52,GRIP,60deg_naik,106.7,1731.625,80.0
2026-08-10T05:52,GRIP,60deg_naik,107.8,1728.25,80.0
2026-08-10T05:52,GRIP,60deg_naik,109.0,1737.375,80.0
2026-08-10T05:52,GRIP,60deg_naik,110.2,1742.625,80.0
2026-08-10T05:52,GRIP,60deg_naik,111.3,1741.625,80.0
2026-08-10T05:52,GRIP,60deg_naik,112.5,1745.5,80.0
2026-08-10T05:52,GRIP,60deg_naik,113.6,1753.625,80.0
2026-08-10T05:52,GRIP,60deg_naik,114.8,1761.75,80.0
2026-08-10T05:52,GRIP,60deg_naik,116.0,1771.5,80.0
2026-08-10T05:52,GRIP,60deg_naik,117.1,1783.0,80.0
2026-08-10T05:52,GRIP,60deg_naik,118.3,1787.375,80.0
2026-08-10T05:52,GRIP,60deg_naik,119.4,1790.875,80.0
2026-08-10T05:52,GRIP,60deg_naik,120.6,1790.875,80.0
2026-08-10T05:52,GRIP,60deg_naik,121.8,1801.0,80.0
2026-08-10T05:52,GRIP,60deg_naik,122.9,1806.625,80.0
2026-08-10T05:52,GRIP,60deg_naik,124.1,1822.125,80.0
2026-08-10T05:52,GRIP,60deg_naik,125.2,1831.0,80.0
2026-08-10T05:52,GRIP,60deg_naik,126.4,1839.125,80.0
2026-08-10T05:52,GRIP,60deg_naik,127.6,1854.25,80.0
2026-08-10T05:52,GRIP,60deg_naik,128.7,1853.0,80.0
2026-08-10T05:52,GRIP,60deg_naik,129.9,1873.375,80.0
2026-08-10T05:52,GRIP,60deg_naik,131.0,1880.5,80.0
2026-08-10T05:52,GRIP,60deg_naik,132.2,1895.125,80.0
2026-08-10T05:52,GRIP,60deg_naik,133.4,1904.25,80.0
2026-08-10T05:52,GRIP,60deg_naik,134.5,1919.0,80.0
2026-08-10T05:52,GRIP,60deg_naik,135.7,1922.75,80.0
2026-08-10T05:52,GRIP,60deg_naik,136.8,1934.375,80.0
2026-08-10T05:52,GRIP,60deg_naik,138.0,1944.625,80.0
2026-08-10T05:52,GRIP,60deg_naik,139.2,1963.5,80.0
2026-08-10T05:52,GRIP,60deg_naik,140.3,1966.625,80.0
2026-08-10T05:52,GRIP,60deg_naik,141.5,1986.25,80.0
2026-08-10T05:52,GRIP,60deg_naik,142.6,1992.0,80.0
2026-08-10T05:52,GRIP,60deg_naik,143.8,1992.0,80.0
2026-08-10T05:52,GRIP,60deg_naik,145.0,2014.5,80.0
2026-08-10T05:52,GRIP,60deg_naik,146.1,2019.0,80.0
2026-08-10T05:52,GRIP,60deg_naik,147.3,2029.0,80.0
2026-08-10T05:52,GRIP,60deg_naik,148.4,2049.5,80.0
2026-08-10T05:52,GRIP,60deg_naik,149.6,2055.375,80.0
2026-08-10T05:52,GRIP,60deg_naik,150.8,2068.375,80.0
2026-08-10T05:52,GRIP,60deg_naik,151.9,2075.75,80.0
2026-08-10T05:52,GRIP,60deg_naik,153.1,2098.75,80.0
2026-08-10T05:52,GRIP,60deg_naik,154.2,2103.25,80.0
2026-08-10T05:52,GRIP,60deg_naik,155.4,2124.625,80.0
2026-08-10T05:52,GRIP,60deg_naik,156.6,2117.75,80.0
2026-08-10T05:52,GRIP,60deg_naik,157.7,2151.25,80.0
2026-08-10T05:52,GRIP,60deg_naik,158.9,2169.875,80.0
2026-08-10T05:52,GRIP,60deg_naik,160.0,2176.375,80.0
2026-08-10T05:52,GRIP,60deg_naik,161.2,2195.875,80.0
2026-08-10T05:52,GRIP,60deg_naik,162.4,2192.75,80.0
2026-08-10T05:52,GRIP,60deg_naik,163.5,2208.25,80.0
2026-08-10T05:52,GRIP,60deg_naik,164.7,2233.5,80.0
2026-08-10T05:52,GRIP,60deg_naik,165.8,2226.5,80.0
2026-08-10T05:52,GRIP,60deg_naik,167.0,2226.5,80.0
2026-08-10T05:52,GRIP,60deg_naik,168.2,2224.375,80.0
2026-08-10T05:52,GRIP,60deg_naik,169.3,2248.875,80.0
2026-08-10T05:52,GRIP,60deg_naik,170.5,2266.125,80.0
2026-08-10T05:52,GRIP,60deg_naik,171.6,2284.75,80.0
2026-08-10T05:52,GRIP,60deg_naik,172.8,2267.25,80.0
2026-08-10T05:52,GRIP,60deg_naik,174.0,2281.0,80.0
2026-08-10T05:52,GRIP,60deg_naik,175.1,2331.375,80.0
2026-08-10T05:52,GRIP,60deg_naik,176.3,2351.5,80.0
2026-08-10T05:52,GRIP,60deg_naik,177.4,2329.625,80.0
2026-08-10T05:52,GRIP,60deg_naik,178.6,2337.875,80.0
2026-08-10T05:52,GRIP,60deg_naik,179.8,2347.75,80.0
2026-08-10T05:52,GRIP,60deg_naik,180.9,2346.375,80.0
2026-08-10T05:52,GRIP,60deg_naik,182.1,2361.125,80.0
2026-08-10T05:52,GRIP,60deg_naik,183.2,2379.875,80.0
2026-08-10T05:52,GRIP,60deg_naik,184.4,2405.0,80.0
2026-08-10T05:52,GRIP,60deg_naik,185.6,2387.875,80.0
2026-08-10T05:52,GRIP,60deg_naik,186.7,2397.75,80.0
2026-08-10T05:52,GRIP,60deg_naik,187.9,2415.125,80.0
2026-08-10T05:52,GRIP,60deg_naik,189.0,2418.0,80.0
2026-08-10T05:52,GRIP,60deg_naik,190.2,2418.0,80.0
2026-08-10T05:52,GRIP,60deg_naik,191.4,2427.0,80.0
2026-08-10T05:52,GRIP,60deg_naik,192.5,2423.5,80.0
2026-08-10T05:52,GRIP,60deg_naik,193.7,2437.625,80.0
2026-08-10T05:52,GRIP,60deg_naik,194.8,2439.5,80.0
2026-08-10T05:52,GRIP,60deg_naik,196.0,2449.5,80.0
2026-08-10T05:52,GRIP,60deg_naik,197.2,2456.5,80.0
2026-08-10T05:52,GRIP,60deg_naik,198.3,2458.375,80.0
2026-08-10T05:52,GRIP,60deg_naik,199.5,2465.25,80.0
2026-08-10T05:52,GRIP,60deg_naik,200.6,2507.625,80.0
2026-08-10T05:52,GRIP,60deg_naik,201.8,2490.875,80.0
2026-08-10T05:52,GRIP,60deg_naik,203.0,2484.375,80.0
2026-08-10T05:52,GRIP,60deg_naik,204.1,2481.25,80.0
2026-08-10T05:52,GRIP,60deg_naik,205.3,2481.375,80.0
2026-08-10T05:52,GRIP,60deg_naik,206.4,2483.625,80.0
2026-08-10T05:52,GRIP,60deg_naik,207.6,2488.5,80.0
2026-08-10T05:52,GRIP,60deg_naik,208.8,2487.0,80.0
2026-08-10T05:52,GRIP,60deg_naik,209.9,2491.0,80.0
2026-08-10T05:52,GRIP,60deg_naik,211.1,2495.875,80.0
2026-08-10T05:52,GRIP,60deg_naik,212.2,2501.875,80.0
2026-08-10T05:52,GRIP,60deg_naik,213.4,2500.5,80.0
2026-08-10T05:52,GRIP,60deg_naik,214.6,2500.5,80.0
2026-08-10T05:52,GRIP,60deg_naik,215.7,2568.75,80.0
2026-08-10T05:52,GRIP,60deg_naik,216.9,2513.625,80.0
2026-08-10T05:52,GRIP,60deg_naik,218.0,2516.75,80.0
2026-08-10T05:52,GRIP,60deg_naik,219.2,2526.875,80.0
2026-08-10T05:52,GRIP,60deg_naik,220.4,2524.625,80.0
2026-08-10T05:52,GRIP,60deg_naik,221.5,2519.5,80.0
2026-08-10T05:52,GRIP,60deg_naik,222.7,2520.375,80.0
2026-08-10T05:52,GRIP,60deg_naik,223.8,2520.75,80.0
2026-08-10T05:52,GRIP,60deg_naik,225.0,2521.125,80.0
2026-08-10T05:52,GRIP,60deg_naik,226.2,2521.5,80.0
2026-08-10T05:52,GRIP,60deg_naik,227.3,2521.75,80.0
2026-08-10T05:52,GRIP,60deg_naik,228.5,2522.25,80.0
2026-08-10T05:52,GRIP,60deg_naik,229.6,2522.625,80.0
2026-08-10T05:52,GRIP,60deg_naik,230.8,2522.75,80.0
2026-08-10T05:52,GRIP,60deg_naik,232.0,2523.0,80.0
2026-08-10T05:52,GRIP,60deg_naik,233.1,2523.5,80.0
2026-08-10T05:52,GRIP,60deg_naik,234.3,2523.875,80.0
2026-08-10T05:52,GRIP,60deg_naik,235.4,2524.125,80.0
2026-08-10T05:52,GRIP,60deg_naik,236.6,2524.375,80.0
2026-08-10T05:52,GRIP,60deg_naik,237.8,2524.375,80.0
2026-08-10T05:52,GRIP,60deg_naik,238.9,2524.625,80.0
2026-08-10T05:52,GRIP,60deg_naik,240.1,2524.75,80.0
2026-08-10T05:52,GRIP,60deg_naik,241.2,2525.0,80.0
2026-08-10T05:52,GRIP,60deg_naik,242.4,2525.125,80.0
2026-08-10T05:52,GRIP,60deg_naik,243.6,2525.125,80.0
2026-08-10T05:52,GRIP,60deg_naik,244.7,2525.25,80.0
2026-08-10T05:52,GRIP,60deg_naik,245.9,2525.25,80.0
2026-08-10T05:52,GRIP,60deg_naik,247.0,2525.25,80.0
2026-08-10T05:52,GRIP,60deg_naik,248.2,2525.25,80.0
2026-08-10T05:52,GRIP,60deg_naik,249.4,2525.375,80.0
2026-08-10T05:52,GRIP,60deg_naik,250.5,2525.375,80.0
2026-08-10T05:52,GRIP,60deg_naik,251.7,2525.125,80.0
2026-08-10T05:52,GRIP,60deg_naik,252.8,2525.25,80.0
2026-08-10T05:52,GRIP,60deg_naik,254.0,2525.25,80.0
2026-08-10T05:52,GRIP,60deg_naik,255.2,2525.25,80.0
2026-08-10T05:52,GRIP,60deg_naik,256.3,2525.25,80.0
2026-08-10T05:52,GRIP,60deg_naik,257.5,2525.125,80.0
2026-08-10T05:52,GRIP,60deg_naik,258.6,2525.25,80.0
2026-08-10T05:52,GRIP,60deg_naik,259.8,2525.25,80.0
2026-08-10T05:52,GRIP,60deg_naik,261.0,2525.25,80.0
2026-08-10T05:52,GRIP,60deg_naik,262.1,2525.25,80.0
2026-08-10T05:52,GRIP,60deg_naik,263.3,2525.25,80.0
2026-08-10T05:52,GRIP,60deg_naik,264.4,2525.375,80.0
2026-08-10T05:52,GRIP,60deg_naik,265.6,2525.125,80.0
2026-08-10T05:52,GRIP,60deg_naik,266.8,2525.25,80.0
2026-08-10T05:52,GRIP,60deg_naik,267.9,2525.25,80.0
2026-08-10T05:52,GRIP,60deg_naik,269.1,2525.25,80.0
2026-08-10T05:52,GRIP,60deg_naik,270.2,2525.625,80.0
2026-08-10T05:52,GRIP,60deg_naik,271.4,2525.5,80.0
2026-08-10T05:52,GRIP,60deg_naik,272.6,2524.875,80.0
2026-08-10T05:52,GRIP,60deg_naik,273.7,2525.5,80.0
2026-08-10T05:52,GRIP,60deg_naik,274.9,2525.25,80.0
2026-08-10T05:52,GRIP,60deg_naik,276.0,2525.25,80.0
2026-08-10T05:52,GRIP,60deg_naik,277.2,2525.375,80.0
2026-08-10T05:52,GRIP,60deg_naik,278.4,2525.375,80.0
2026-08-10T05:52,GRIP,60deg_naik,279.5,2525.375,80.0
2026-08-10T05:52,GRIP,60deg_naik,280.7,2525.25,80.0
2026-08-10T05:52,GRIP,60deg_naik,281.8,2525.375,80.0
2026-08-10T05:52,GRIP,60deg_naik,283.0,2525.125,80.0
2026-08-10T05:52,GRIP,60deg_naik,284.2,2525.125,80.0
2026-08-10T05:52,GRIP,60deg_naik,285.3,2525.25,80.0
2026-08-10T05:52,GRIP,60deg_naik,286.5,2525.375,80.0
2026-08-10T05:52,GRIP,60deg_naik,287.6,2525.5,80.0
2026-08-10T05:52,GRIP,60deg_naik,288.8,2525.375,80.0
2026-08-10T05:52,GRIP,60deg_naik,290.0,2525.375,80.0
2026-08-10T05:52,GRIP,60deg_naik,291.1,2525.25,80.0
2026-08-10T05:52,GRIP,60deg_naik,292.3,2524.875,80.0
2026-08-10T05:52,GRIP,60deg_naik,293.4,2525.375,80.0
2026-08-10T05:52,GRIP,60deg_naik,294.6,2525.375,80.0
2026-08-10T05:52,GRIP,60deg_naik,295.8,2525.25,80.0
2026-08-10T05:52,GRIP,60deg_naik,296.9,2525.375,80.0
2026-08-10T05:52,GRIP,60deg_naik,298.1,2525.125,80.0
2026-08-10T05:52,GRIP,60deg_naik,299.2,2525.25,80.0
2026-08-10T05:52,GRIP,60deg_naik,300.4,2525.25,80.0
2026-08-10T05:52,GRIP,60deg_naik,301.6,2525.125,80.0
2026-08-10T05:52,GRIP,60deg_naik,302.7,2525.375,80.0
2026-08-10T05:52,GRIP,60deg_naik,303.9,2525.5,80.0
2026-08-10T05:52,GRIP,60deg_naik,305.0,2525.25,80.0
2026-08-10T05:52,GRIP,60deg_naik,306.2,2525.375,80.0
2026-08-10T05:52,GRIP,60deg_naik,307.4,2525.375,80.0
2026-08-10T05:52,GRIP,60deg_naik,308.5,2525.375,80.0
2026-08-10T05:52,GRIP,60deg_naik,309.7,2525.5,80.0
2026-08-10T05:52,GRIP,60deg_naik,310.8,2525.5,80.0
2026-08-10T05:52,GRIP,60deg_naik,312.0,2525.125,80.0
2026-08-10T05:52,GRIP,60deg_naik,313.2,2525.375,80.0
2026-08-10T05:52,GRIP,60deg_naik,314.3,2525.25,80.0
2026-08-10T05:52,GRIP,60deg_naik,315.5,2525.375,80.0
2026-08-10T05:52,GRIP,60deg_naik,316.6,2525.25,80.0
2026-08-10T05:52,GRIP,60deg_naik,317.8,2525.375,80.0
2026-08-10T05:52,GRIP,60deg_naik,319.0,2525.25,80.0
2026-08-10T05:52,GRIP,60deg_naik,320.1,2525.25,80.0
2026-08-10T05:52,GRIP,60deg_naik,321.3,2525.375,80.0
2026-08-10T05:52,GRIP,60deg_naik,322.4,2525.5,80.0
2026-08-10T05:52,GRIP,60deg_naik,323.6,2525.25,80.0
2026-08-10T05:52,GRIP,60deg_naik,324.8,2525.5,80.0
2026-08-10T05:52,GRIP,60deg_naik,325.9,2525.125,80.0
2026-08-10T05:52,GRIP,60deg_naik,327.1,2525.0,80.0
2026-08-10T05:52,GRIP,60deg_naik,328.2,2525.25,80.0
2026-08-10T05:52,GRIP,60deg_naik,329.4,2525.25,80.0
2026-08-10T05:52,GRIP,60deg_naik,330.6,2525.25,80.0
2026-08-10T05:52,GRIP,60deg_naik,331.7,2525.5,80.0
2026-08-10T05:52,GRIP,60deg_naik,332.9,2525.375,80.0
2026-08-10T05:52,GRIP,60deg_naik,334.0,2525.375,80.0
2026-08-10T05:52,GRIP,60deg_naik,335.2,2525.25,80.0
2026-08-10T05:52,GRIP,60deg_naik,336.4,2525.25,80.0
2026-08-10T05:52,GRIP,60deg_naik,337.5,2525.375,80.0
2026-08-10T05:52,GRIP,60deg_naik,338.7,2525.25,80.0
2026-08-10T05:52,GRIP,60deg_naik,339.8,2525.25,80.0
2026-08-10T05:52,GRIP,60deg_naik,341.0,2525.5,80.0
2026-08-10T05:52,GRIP,60deg_naik,342.2,2525.25,80.0
2026-08-10T05:52,GRIP,60deg_naik,343.3,2525.375,80.0
2026-08-10T05:52,GRIP,60deg_naik,344.5,2525.5,80.0
2026-08-10T05:52,GRIP,60deg_naik,345.6,2525.625,80.0
2026-08-10T05:52,GRIP,60deg_naik,346.8,2525.375,80.0
2026-08-10T05:52,GRIP,60deg_naik,348.0,2525.5,80.0
2026-08-10T05:52,GRIP,60deg_naik,349.1,2525.375,80.0
2026-08-10T05:52,GRIP,60deg_naik,350.3,2525.375,80.0
2026-08-10T05:52,GRIP,60deg_naik,351.4,2525.375,80.0
2026-08-10T05:52,GRIP,60deg_naik,352.6,2525.375,80.0
2026-08-10T05:52,GRIP,60deg_naik,353.8,2525.375,80.0
2026-08-10T05:52,GRIP,60deg_naik,354.9,2525.5,80.0
2026-08-10T05:52,GRIP,60deg_naik,356.1,2525.25,80.0
2026-08-10T05:52,GRIP,60deg_naik,357.2,2525.375,80.0
2026-08-10T05:52,GRIP,60deg_naik,358.4,2525.25,80.0
2026-08-10T05:52,GRIP,60deg_naik,359.6,2525.25,80.0
2026-08-10T05:52,GRIP,60deg_naik,360.7,2525.5,80.0
2026-08-10T05:52,GRIP,60deg_naik,361.9,2525.5,80.0
2026-08-10T05:52,GRIP,60deg_naik,363.0,2525.375,80.0
2026-08-10T05:52,GRIP,60deg_naik,364.2,2525.25,80.0
2026-08-10T05:52,GRIP,60deg_naik,365.4,2525.25,80.0
2026-08-10T05:52,GRIP,60deg_naik,366.5,2525.375,80.0
2026-08-10T05:52,GRIP,60deg_naik,367.7,2525.375,80.0
2026-08-10T05:52,GRIP,60deg_naik,368.8,2525.375,80.0
2026-08-10T05:52,GRIP,60deg_naik,370.0,2525.5,80.0
2026-08-10T05:52,GRIP,60deg_naik,371.2,2525.375,80.0
2026-08-10T05:52,GRIP,60deg_naik,372.3,2525.5,80.0
2026-08-10T05:52,GRIP,60deg_naik,373.5,2525.375,80.0
2026-08-10T05:52,GRIP,60deg_naik,374.6,2525.25,80.0
2026-08-10T05:52,GRIP,60deg_naik,375.8,2525.25,80.0
2026-08-10T05:52,GRIP,60deg_naik,377.0,2525.125,80.0
2026-08-10T05:52,GRIP,60deg_naik,378.1,2525.125,80.0
2026-08-10T05:52,GRIP,60deg_naik,379.3,2525.125,80.0
2026-08-10T05:52,GRIP,60deg_naik,380.4,2525.375,80.0
2026-08-10T05:52,GRIP,60deg_naik,381.6,2525.5,80.0
2026-08-10T05:52,GRIP,60deg_naik,382.8,2525.375,80.0
2026-08-10T05:52,GRIP,60deg_naik,383.9,2525.25,80.0
2026-08-10T05:52,GRIP,60deg_naik,385.1,2525.625,80.0
2026-08-10T05:52,GRIP,60deg_naik,386.2,2525.375,80.0
2026-08-10T05:52,GRIP,60deg_naik,387.4,2525.375,80.0
2026-08-10T05:52,GRIP,60deg_naik,388.6,2525.5,80.0
2026-08-10T05:52,GRIP,60deg_naik,389.7,2525.5,80.0
2026-08-10T05:52,GRIP,60deg_naik,390.9,2525.5,80.0
2026-08-10T05:52,GRIP,60deg_naik,392.0,2525.375,80.0
2026-08-10T05:52,GRIP,60deg_naik,393.2,2525.375,80.0
2026-08-10T05:52,GRIP,60deg_naik,394.4,2525.375,80.0
2026-08-10T05:52,GRIP,60deg_naik,395.5,2525.25,80.0
2026-08-10T05:52,GRIP,60deg_naik,396.7,2525.375,80.0
2026-08-10T05:52,GRIP,60deg_naik,397.8,2525.25,80.0
2026-08-10T05:52,GRIP,60deg_naik,399.0,2525.5,80.0
2026-08-10T05:52,GRIP,60deg_naik,400.2,2525.375,80.0
2026-08-10T05:52,GRIP,60deg_naik,401.3,2525.375,80.0
2026-08-10T05:52,GRIP,60deg_naik,402.5,2525.375,80.0
2026-08-10T05:52,GRIP,60deg_naik,403.6,2525.25,80.0
2026-08-10T05:52,GRIP,60deg_naik,404.8,2525.5,80.0
2026-08-10T05:52,GRIP,60deg_naik,406.0,2525.5,80.0
2026-08-10T05:52,GRIP,60deg_naik,407.1,2525.375,80.0
2026-08-10T05:52,GRIP,60deg_naik,408.3,2525.5,80.0
2026-08-10T05:52,GRIP,60deg_naik,409.4,2525.5,80.0
2026-08-10T05:52,GRIP,60deg_naik,410.6,2525.5,80.0
2026-08-10T05:52,GRIP,60deg_naik,411.8,2525.5,80.0
2026-08-10T05:52,GRIP,60deg_naik,412.9,2525.375,80.0
2026-08-10T05:52,GRIP,60deg_naik,414.1,2525.375,80.0
2026-08-10T05:52,GRIP,60deg_naik,415.2,2525.5,80.0
2026-08-10T05:52,GRIP,60deg_naik,416.4,2525.25,80.0
2026-08-10T05:52,GRIP,60deg_naik,417.6,2525.375,80.0
2026-08-10T05:52,GRIP,60deg_naik,418.7,2525.5,80.0
2026-08-10T05:52,GRIP,60deg_naik,419.9,2525.5,80.0
2026-08-10T05:52,GRIP,60deg_naik,421.0,2525.5,80.0
2026-08-10T05:52,GRIP,60deg_naik,422.2,2525.375,80.0
2026-08-10T05:52,GRIP,60deg_naik,423.4,2525.5,80.0
2026-08-10T05:52,GRIP,60deg_naik,424.5,2525.5,80.0
2026-08-10T05:52,GRIP,60deg_naik,425.7,2525.5,80.0
2026-08-10T05:52,GRIP,60deg_naik,426.8,2525.625,80.0
2026-08-10T05:52,GRIP,60deg_naik,428.0,2525.375,80.0
2026-08-10T05:52,GRIP,60deg_naik,429.2,2525.625,80.0
2026-08-10T05:52,GRIP,60deg_naik,430.3,2525.75,80.0
2026-08-10T05:52,GRIP,60deg_naik,431.5,2525.625,80.0
2026-08-10T05:52,GRIP,60deg_naik,432.6,2525.625,80.0
2026-08-10T05:52,GRIP,60deg_naik,433.8,2525.5,80.0
2026-08-10T05:52,GRIP,60deg_naik,435.0,2525.375,80.0
2026-08-10T05:52,GRIP,60deg_naik,436.1,2525.375,80.0
2026-08-10T05:52,GRIP,60deg_naik,437.3,2525.5,80.0
2026-08-10T05:52,GRIP,60deg_naik,438.4,2525.375,80.0
2026-08-10T05:52,GRIP,60deg_naik,439.6,2525.5,80.0
2026-08-10T05:52,GRIP,60deg_naik,440.8,2525.625,80.0
2026-08-10T05:52,GRIP,60deg_naik,441.9,2525.375,80.0
2026-08-10T05:52,GRIP,60deg_naik,443.1,2525.5,80.0
2026-08-10T05:52,GRIP,60deg_naik,444.2,2525.375,80.0
2026-08-10T05:52,GRIP,60deg_naik,445.4,2525.625,80.0
2026-08-10T05:52,GRIP,60deg_naik,446.6,2525.625,80.0
2026-08-10T05:52,GRIP,60deg_naik,447.7,2525.625,80.0
2026-08-10T05:52,GRIP,60deg_naik,448.9,2525.625,80.0
2026-08-10T05:52,GRIP,60deg_naik,450.0,2525.5,80.0
2026-08-10T05:52,GRIP,60deg_naik,451.2,2525.5,80.0
2026-08-10T05:52,GRIP,60deg_naik,452.4,2525.25,80.0
2026-08-10T05:52,GRIP,60deg_naik,453.5,2525.25,80.0
2026-08-10T05:52,GRIP,60deg_naik,454.7,2525.5,80.0
2026-08-10T05:52,GRIP,60deg_naik,455.8,2525.375,80.0
2026-08-10T05:52,GRIP,60deg_naik,457.0,2525.25,80.0
2026-08-10T05:52,GRIP,60deg_naik,458.2,2525.25,80.0
2026-08-10T05:52,GRIP,60deg_naik,459.3,2525.25,80.0
2026-08-10T05:52,GRIP,60deg_naik,460.5,2525.375,80.0
2026-08-10T05:52,GRIP,60deg_naik,461.6,2525.5,80.0
2026-08-10T05:52,GRIP,60deg_naik,462.8,2525.5,80.0
2026-08-10T05:52,GRIP,60deg_naik,464.0,2525.375,80.0
2026-08-10T05:52,GRIP,60deg_naik,465.1,2525.5,80.0
2026-08-10T05:52,GRIP,60deg_naik,466.3,2525.5,80.0
2026-08-10T05:52,GRIP,60deg_naik,467.4,2525.5,80.0
2026-08-10T05:52,GRIP,60deg_naik,468.6,2525.625,80.0
2026-08-10T05:52,GRIP,60deg_naik,469.8,2525.625,80.0
2026-08-10T05:52,GRIP,60deg_naik,470.9,2525.625,80.0
2026-08-10T05:52,GRIP,60deg_naik,472.1,2525.25,80.0
2026-08-10T05:52,GRIP,60deg_naik,473.2,2525.5,80.0
2026-08-10T05:52,GRIP,60deg_naik,474.4,2525.375,80.0
2026-08-10T05:52,GRIP,60deg_naik,475.6,2525.5,80.0
2026-08-10T05:52,GRIP,60deg_naik,476.7,2525.25,80.0
2026-08-10T05:52,GRIP,60deg_naik,477.9,2525.375,80.0
2026-08-10T05:52,GRIP,60deg_naik,479.0,2525.375,80.0
2026-08-10T05:52,GRIP,60deg_naik,480.2,2525.5,80.0
2026-08-10T05:52,GRIP,60deg_naik,481.4,2525.625,80.0
2026-08-10T05:52,GRIP,60deg_naik,482.5,2525.5,80.0
2026-08-10T05:52,GRIP,60deg_naik,483.7,2525.5,80.0
2026-08-10T05:52,GRIP,60deg_naik,484.8,2525.375,80.0
2026-08-10T05:52,GRIP,60deg_naik,486.0,2525.375,80.0
2026-08-10T05:52,GRIP,60deg_naik,487.2,2525.5,80.0
2026-08-10T05:52,GRIP,60deg_naik,488.3,2525.5,80.0
2026-08-10T05:52,GRIP,60deg_naik,489.5,2525.75,80.0
2026-08-10T05:52,GRIP,60deg_naik,490.6,2525.375,80.0
2026-08-10T05:52,GRIP,60deg_naik,491.8,2525.625,80.0
2026-08-10T05:52,GRIP,60deg_naik,493.0,2525.5,80.0
2026-08-10T05:52,GRIP,60deg_naik,494.1,2525.5,80.0
2026-08-10T05:52,GRIP,60deg_naik,495.3,2525.625,80.0
2026-08-10T05:52,GRIP,60deg_naik,496.4,2525.375,80.0
2026-08-10T05:52,GRIP,60deg_naik,497.6,2525.5,80.0
2026-08-10T05:52,GRIP,60deg_naik,498.8,2525.375,80.0
2026-08-10T05:52,GRIP,60deg_naik,499.9,2525.625,80.0
2026-08-10T05:52,GRIP,60deg_naik,501.1,2525.5,80.0
2026-08-10T05:52,GRIP,60deg_naik,502.2,2525.375,80.0
2026-08-10T05:52,GRIP,60deg_naik,503.4,2525.625,80.0
2026-08-10T05:52,GRIP,60deg_naik,504.6,2525.25,80.0
2026-08-10T05:52,GRIP,60deg_naik,505.7,2525.5,80.0
2026-08-10T05:52,GRIP,60deg_naik,506.9,2525.625,80.0
2026-08-10T05:52,GRIP,60deg_naik,508.0,2525.5,80.0
2026-08-10T05:52,GRIP,60deg_naik,509.2,2525.5,80.0
2026-08-10T05:52,GRIP,60deg_naik,510.4,2525.375,80.0
2026-08-10T05:52,GRIP,60deg_naik,511.5,2525.5,80.0
2026-08-10T05:52,GRIP,60deg_naik,512.7,2525.625,80.0
2026-08-10T05:52,GRIP,60deg_naik,513.8,2525.625,80.0
2026-08-10T05:52,GRIP,60deg_naik,515.0,2525.5,80.0
2026-08-10T05:52,GRIP,60deg_naik,516.2,2525.375,80.0
2026-08-10T05:52,GRIP,60deg_naik,517.3,2525.375,80.0
2026-08-10T05:52,GRIP,60deg_naik,518.5,2525.375,80.0
2026-08-10T05:52,GRIP,60deg_naik,519.6,2525.375,80.0
2026-08-10T05:52,GRIP,60deg_naik,520.8,2525.625,80.0
2026-08-10T05:52,GRIP,60deg_naik,522.0,2525.25,80.0
2026-08-10T05:52,GRIP,60deg_naik,523.1,2525.5,80.0
2026-08-10T05:52,GRIP,60deg_naik,524.3,2525.25,80.0
2026-08-10T05:52,GRIP,60deg_naik,525.4,2525.375,80.0
2026-08-10T05:52,GRIP,60deg_naik,526.6,2525.625,80.0
2026-08-10T05:52,GRIP,60deg_naik,527.8,2525.625,80.0
2026-08-10T05:52,GRIP,60deg_naik,528.9,2525.5,80.0
2026-08-10T05:52,GRIP,60deg_naik,530.1,2525.5,80.0
2026-08-10T05:52,GRIP,60deg_naik,531.2,2525.125,80.0
2026-08-10T05:52,GRIP,60deg_naik,532.4,2525.25,80.0
2026-08-10T05:52,GRIP,60deg_naik,533.6,2525.25,80.0
2026-08-10T05:52,GRIP,60deg_naik,534.7,2525.125,80.0
2026-08-10T05:52,GRIP,60deg_naik,535.9,2525.5,80.0
2026-08-10T05:52,GRIP,60deg_naik,537.0,2525.625,80.0
2026-08-10T05:52,GRIP,60deg_naik,538.2,2525.75,80.0
2026-08-10T05:52,GRIP,60deg_naik,539.4,2525.625,80.0
2026-08-10T05:52,GRIP,60deg_naik,540.5,2525.375,80.0
2026-08-10T05:52,GRIP,60deg_naik,541.7,2525.375,80.0
2026-08-10T05:52,GRIP,60deg_naik,542.8,2525.5,80.0
2026-08-10T05:52,GRIP,60deg_naik,544.0,2525.5,80.0
2026-08-10T05:52,GRIP,60deg_naik,545.2,2525.625,80.0
2026-08-10T05:52,GRIP,60deg_naik,546.3,2525.5,80.0
2026-08-10T05:52,GRIP,60deg_naik,547.5,2525.5,80.0
2026-08-10T05:52,GRIP,60deg_naik,548.6,2525.625,80.0
2026-08-10T05:52,GRIP,60deg_naik,549.8,2525.75,80.0
2026-08-10T05:52,GRIP,60deg_naik,551.0,2525.5,80.0
2026-08-10T05:52,GRIP,60deg_naik,552.1,2525.5,80.0
2026-08-10T05:52,GRIP,60deg_naik,553.3,2525.5,80.0
2026-08-10T05:52,GRIP,60deg_naik,554.4,2525.375,80.0
2026-08-10T05:52,GRIP,60deg_naik,555.6,2525.375,80.0
2026-08-10T05:52,GRIP,60deg_naik,556.8,2525.375,80.0
2026-08-10T05:52,GRIP,60deg_naik,557.9,2525.375,80.0
2026-08-10T05:52,GRIP,60deg_naik,559.1,2525.625,80.0
2026-08-10T05:52,GRIP,60deg_naik,560.2,2525.5,80.0
2026-08-10T05:52,GRIP,60deg_naik,561.4,2525.5,80.0
2026-08-10T05:52,GRIP,60deg_naik,562.6,2525.375,80.0
2026-08-10T05:52,GRIP,60deg_naik,563.7,2525.5,80.0
2026-08-10T05:52,GRIP,60deg_naik,564.9,2525.5,80.0
2026-08-10T05:52,GRIP,60deg_naik,566.0,2525.5,80.0
2026-08-10T05:52,GRIP,60deg_naik,567.2,2525.625,80.0
2026-08-10T05:52,GRIP,60deg_naik,568.4,2525.625,80.0
2026-08-10T05:52,GRIP,60deg_naik,569.5,2525.625,80.0
2026-08-10T05:52,GRIP,60deg_naik,570.7,2525.5,80.0
2026-08-10T05:52,GRIP,60deg_naik,571.8,2525.625,80.0
2026-08-10T05:52,GRIP,60deg_naik,573.0,2525.5,80.0
2026-08-10T05:52,GRIP,60deg_naik,574.2,2525.375,80.0
2026-08-10T05:52,GRIP,60deg_naik,575.3,2525.5,80.0
2026-08-10T05:52,GRIP,60deg_naik,576.5,2525.5,80.0
2026-08-10T05:52,GRIP,60deg_naik,577.6,2525.375,80.0
2026-08-10T05:52,GRIP,60deg_naik,578.8,2525.5,80.0
2026-08-10T05:52,GRIP,60deg_naik,580.0,2525.375,80.0
2026-08-10T05:52,GRIP,60deg_naik,581.1,2525.375,80.0
2026-08-10T05:52,GRIP,60deg_naik,582.3,2525.625,80.0
2026-08-10T05:52,GRIP,60deg_naik,583.4,2525.75,80.0
2026-08-10T05:52,GRIP,60deg_naik,584.6,2525.375,80.0
2026-08-10T05:52,GRIP,60deg_naik,585.8,2525.5,80.0
2026-08-10T05:52,GRIP,60deg_naik,586.9,2525.375,80.0
2026-08-10T05:52,GRIP,60deg_naik,588.1,2525.375,80.0
2026-08-10T05:52,GRIP,60deg_naik,589.2,2525.625,80.0
2026-08-10T05:52,GRIP,60deg_naik,590.4,2525.75,80.0
2026-08-10T05:52,GRIP,60deg_naik,591.6,2525.5,80.0
2026-08-10T05:52,GRIP,60deg_naik,592.7,2525.375,80.0
2026-08-10T05:52,GRIP,60deg_naik,593.9,2525.75,80.0
2026-08-10T05:52,GRIP,60deg_naik,595.0,2525.625,80.0
2026-08-10T05:52,GRIP,60deg_naik,596.2,2525.375,80.0
2026-08-10T05:52,GRIP,60deg_naik,597.4,2525.375,80.0
2026-08-10T05:52,GRIP,60deg_naik,598.5,2525.375,80.0
2026-08-10T05:52,GRIP,60deg_naik,599.7,2525.625,80.0
2026-08-10T05:52,GRIP,60deg_naik,600.8,2525.5,80.0
2026-08-10T05:52,GRIP,60deg_naik,602.0,2525.5,80.0
2026-08-10T05:52,GRIP,60deg_naik,603.2,2525.375,80.0
2026-08-10T05:52,GRIP,60deg_naik,604.3,2525.625,80.0
2026-08-10T05:52,GRIP,60deg_naik,605.5,2525.375,80.0
2026-08-10T05:52,GRIP,60deg_naik,606.6,2525.5,80.0
2026-08-10T05:52,GRIP,60deg_naik,607.8,2525.5,80.0
2026-08-10T05:52,GRIP,60deg_naik,609.0,2525.5,80.0
2026-08-10T05:52,GRIP,60deg_naik,610.1,2525.5,80.0
2026-08-10T05:52,GRIP,60deg_naik,611.3,2525.5,80.0
2026-08-10T05:52,GRIP,60deg_naik,612.4,2525.5,80.0
2026-08-10T05:52,GRIP,60deg_naik,613.6,2525.375,80.0
2026-08-10T05:52,GRIP,60deg_naik,614.8,2525.625,80.0
2026-08-10T05:52,GRIP,60deg_naik,615.9,2525.375,80.0
2026-08-10T05:52,GRIP,60deg_naik,617.1,2525.625,80.0
2026-08-10T05:52,GRIP,60deg_naik,618.2,2525.375,80.0
2026-08-10T05:52,GRIP,60deg_naik,619.4,2525.375,80.0
2026-08-10T05:52,GRIP,60deg_naik,620.6,2525.5,80.0
2026-08-10T05:52,GRIP,60deg_naik,621.7,2525.375,80.0
2026-08-10T05:52,GRIP,60deg_naik,622.9,2525.5,80.0
2026-08-10T05:52,GRIP,60deg_naik,624.0,2525.375,80.0
2026-08-10T05:52,GRIP,60deg_naik,625.2,2525.375,80.0
2026-08-10T05:52,GRIP,60deg_naik,626.4,2525.5,80.0
2026-08-10T05:52,GRIP,60deg_naik,627.5,2525.625,80.0
2026-08-10T05:52,GRIP,60deg_naik,628.7,2525.625,80.0
2026-08-10T05:52,GRIP,60deg_naik,629.8,2525.625,80.0
2026-08-10T05:52,GRIP,60deg_naik,631.0,2525.75,80.0
2026-08-10T05:52,GRIP,60deg_naik,632.2,2525.0,80.0
2026-08-10T05:52,GRIP,60deg_naik,633.3,2525.625,80.0
2026-08-10T05:52,GRIP,60deg_naik,634.5,2525.625,80.0
2026-08-10T05:52,GRIP,60deg_naik,635.6,2525.5,80.0
2026-08-10T05:52,GRIP,60deg_naik,636.8,2525.5,80.0
2026-08-10T05:52,GRIP,60deg_naik,638.0,2525.375,80.0
2026-08-10T05:52,GRIP,60deg_naik,639.1,2525.625,80.0
2026-08-10T05:52,GRIP,60deg_naik,640.3,2525.5,80.0
2026-08-10T05:52,GRIP,60deg_naik,641.4,2525.625,80.0
2026-08-10T05:52,GRIP,60deg_naik,642.6,2525.625,80.0
2026-08-10T05:52,GRIP,60deg_naik,643.8,2525.5,80.0
2026-08-10T05:52,GRIP,60deg_naik,644.9,2525.625,80.0
2026-08-10T05:52,GRIP,60deg_naik,646.1,2525.625,80.0
2026-08-10T05:52,GRIP,60deg_naik,647.2,2525.5,80.0
2026-08-10T05:52,GRIP,60deg_naik,648.4,2525.5,80.0
2026-08-10T05:52,GRIP,60deg_naik,649.6,2525.625,80.0
2026-08-10T05:52,GRIP,60deg_naik,650.7,2525.625,80.0
2026-08-10T05:52,GRIP,60deg_naik,651.9,2525.625,80.0
2026-08-10T05:52,GRIP,60deg_naik,653.0,2525.625,80.0
2026-08-10T05:52,GRIP,60deg_naik,654.2,2525.375,80.0
2026-08-10T05:52,GRIP,60deg_naik,655.4,2525.5,80.0
2026-08-10T05:52,GRIP,60deg_naik,656.5,2525.375,80.0
2026-08-10T05:52,GRIP,60deg_naik,657.7,2525.375,80.0
2026-08-10T05:52,GRIP,60deg_naik,658.8,2525.5,80.0
2026-08-10T05:52,GRIP,60deg_naik,660.0,2525.375,80.0
2026-08-10T05:52,GRIP,60deg_naik,661.2,2525.375,80.0
2026-08-10T05:52,GRIP,60deg_naik,662.3,2525.5,80.0
2026-08-10T05:52,GRIP,60deg_naik,663.5,2525.625,80.0
2026-08-10T05:52,GRIP,60deg_naik,664.6,2525.5,80.0
2026-08-10T05:52,GRIP,60deg_naik,665.8,2525.375,80.0
2026-08-10T05:52,GRIP,60deg_naik,667.0,2525.625,80.0
2026-08-10T05:52,GRIP,60deg_naik,668.1,2525.625,80.0
2026-08-10T05:52,GRIP,60deg_naik,669.3,2525.75,80.0
2026-08-10T05:52,GRIP,60deg_naik,670.4,2525.75,80.0
2026-08-10T05:52,GRIP,60deg_naik,671.6,2525.75,80.0
2026-08-10T05:52,GRIP,60deg_naik,672.8,2525.5,80.0
2026-08-10T05:52,GRIP,60deg_naik,673.9,2525.625,80.0
2026-08-10T05:52,GRIP,60deg_naik,675.1,2525.625,80.0
2026-08-10T05:52,GRIP,60deg_naik,676.2,2525.5,80.0
2026-08-10T05:52,GRIP,60deg_naik,677.4,2525.375,80.0
2026-08-10T05:52,GRIP,60deg_naik,678.6,2525.625,80.0
2026-08-10T05:52,GRIP,60deg_naik,679.7,2525.625,80.0
2026-08-10T05:52,GRIP,60deg_naik,680.9,2525.75,80.0
2026-08-10T05:52,GRIP,60deg_naik,682.0,2525.75,80.0
2026-08-10T05:52,GRIP,60deg_naik,683.2,2525.625,80.0
2026-08-10T05:52,GRIP,60deg_naik,684.4,2525.75,80.0
2026-08-10T05:52,GRIP,60deg_naik,685.5,2525.625,80.0
2026-08-10T05:52,GRIP,60deg_naik,686.7,2525.875,80.0
2026-08-10T05:52,GRIP,60deg_naik,687.8,2525.625,80.0
2026-08-10T05:52,GRIP,60deg_naik,689.0,2525.625,80.0
2026-08-10T05:52,GRIP,60deg_naik,690.2,2525.75,80.0
2026-08-10T05:52,GRIP,60deg_naik,691.3,2525.625,80.0
2026-08-10T05:52,GRIP,60deg_naik,692.5,2525.625,80.0
2026-08-10T05:52,GRIP,60deg_naik,693.6,2525.5,80.0
2026-08-10T05:52,GRIP,60deg_naik,694.8,2525.75,80.0
2026-08-10T05:52,GRIP,60deg_naik,696.0,2525.625,80.0
2026-08-10T05:52,GRIP,60deg_naik,697.1,2525.375,80.0
2026-08-10T05:52,GRIP,60deg_naik,698.3,2525.625,80.0
2026-08-10T05:52,GRIP,60deg_naik,699.4,2525.875,80.0
2026-08-10T05:52,GRIP,60deg_naik,700.6,2525.5,80.0
2026-08-10T05:52,GRIP,60deg_naik,701.8,2525.625,80.0
2026-08-10T05:52,GRIP,60deg_naik,702.9,2525.5,80.0
2026-08-10T05:52,GRIP,60deg_naik,704.1,2525.5,80.0
2026-08-10T05:52,GRIP,60deg_naik,705.2,2525.5,80.0
2026-08-10T05:52,GRIP,60deg_naik,706.4,2525.625,80.0
2026-08-10T05:52,GRIP,60deg_naik,707.6,2525.625,80.0
2026-08-10T05:52,GRIP,60deg_naik,708.7,2525.625,80.0
2026-08-10T05:52,GRIP,60deg_naik,709.9,2525.75,80.0
2026-08-10T05:52,GRIP,60deg_naik,711.0,2525.5,80.0
2026-08-10T05:52,GRIP,60deg_naik,712.2,2525.625,80.0
2026-08-10T05:52,GRIP,60deg_naik,713.4,2525.75,80.0
2026-08-10T05:52,GRIP,60deg_naik,714.5,2525.625,80.0
2026-08-10T05:52,GRIP,60deg_naik,715.7,2525.375,80.0
2026-08-10T05:52,GRIP,60deg_naik,716.8,2525.375,80.0
2026-08-10T05:52,GRIP,60deg_naik,718.0,2525.375,80.0
2026-08-10T05:52,GRIP,60deg_naik,719.2,2525.5,80.0
2026-08-10T05:52,GRIP,60deg_naik,720.3,2525.5,80.0
2026-08-10T05:52,GRIP,60deg_naik,721.5,2525.5,80.0
2026-08-10T05:52,GRIP,60deg_naik,722.6,2525.5,80.0
2026-08-10T05:52,GRIP,60deg_naik,723.8,2525.625,80.0
2026-08-10T05:52,GRIP,60deg_naik,725.0,2525.625,80.0
2026-08-10T05:52,GRIP,60deg_naik,726.1,2525.625,80.0
2026-08-10T05:52,GRIP,60deg_naik,727.3,2525.5,80.0
2026-08-10T05:52,GRIP,60deg_naik,728.4,2525.5,80.0
2026-08-10T05:52,GRIP,60deg_naik,729.6,2525.75,80.0
2026-08-10T05:52,GRIP,60deg_naik,730.8,2525.75,80.0
2026-08-10T05:52,GRIP,60deg_naik,731.9,2525.625,80.0
2026-08-10T05:52,GRIP,60deg_naik,733.1,2525.625,80.0
2026-08-10T05:52,GRIP,60deg_naik,734.2,2525.75,80.0
2026-08-10T05:52,GRIP,60deg_naik,735.4,2525.25,80.0
2026-08-10T05:52,GRIP,60deg_naik,736.6,2525.25,80.0
2026-08-10T05:52,GRIP,60deg_naik,737.7,2525.25,80.0
2026-08-10T05:52,GRIP,60deg_naik,738.9,2525.375,80.0
2026-08-10T05:52,GRIP,60deg_naik,740.0,2525.5,80.0
2026-08-10T05:52,GRIP,60deg_naik,741.2,2525.5,80.0
2026-08-10T05:52,GRIP,60deg_naik,742.4,2525.5,80.0
2026-08-10T05:52,GRIP,60deg_naik,743.5,2525.5,80.0
2026-08-10T05:52,GRIP,60deg_naik,744.7,2525.5,80.0
2026-08-10T05:52,GRIP,60deg_naik,745.8,2525.75,80.0
2026-08-10T05:52,GRIP,60deg_naik,747.0,2525.625,80.0
2026-08-10T05:52,GRIP,60deg_naik,748.2,2525.625,80.0
2026-08-10T05:52,GRIP,60deg_naik,749.3,2525.625,80.0
2026-08-10T05:52,GRIP,60deg_naik,750.5,2525.625,80.0
2026-08-10T05:52,GRIP,60deg_naik,751.6,2525.625,80.0
2026-08-10T05:52,GRIP,60deg_naik,752.8,2525.625,80.0
2026-08-10T05:52,GRIP,60deg_naik,754.0,2525.375,80.0
2026-08-10T05:52,GRIP,60deg_naik,755.1,2525.5,80.0
2026-08-10T05:52,GRIP,60deg_naik,756.3,2525.5,80.0
2026-08-10T05:52,GRIP,60deg_naik,757.4,2525.625,80.0
2026-08-10T05:52,GRIP,60deg_naik,758.6,2525.5,80.0
2026-08-10T05:52,GRIP,60deg_naik,759.8,2525.5,80.0
2026-08-10T05:52,GRIP,60deg_naik,760.9,2525.875,80.0
2026-08-10T05:52,GRIP,60deg_naik,762.1,2525.625,80.0
2026-08-10T05:52,GRIP,60deg_naik,763.2,2525.75,80.0
2026-08-10T05:52,GRIP,60deg_naik,764.4,2525.875,80.0
2026-08-10T05:52,GRIP,60deg_naik,765.6,2525.75,80.0
2026-08-10T05:52,GRIP,60deg_naik,766.7,2525.75,80.0
2026-08-10T05:52,GRIP,60deg_naik,767.9,2525.75,80.0
2026-08-10T05:52,GRIP,60deg_naik,769.0,2525.875,80.0
2026-08-10T05:52,GRIP,60deg_naik,770.2,2525.75,80.0
2026-08-10T05:52,GRIP,60deg_naik,771.4,2525.625,80.0
2026-08-10T05:52,GRIP,60deg_naik,772.5,2525.625,80.0
2026-08-10T05:52,GRIP,60deg_naik,773.7,2525.75,80.0
2026-08-10T05:52,GRIP,60deg_naik,774.8,2525.75,80.0
2026-08-10T05:52,GRIP,60deg_naik,776.0,2526.0,80.0
2026-08-10T05:52,GRIP,60deg_naik,777.2,2526.0,80.0
2026-08-10T05:52,GRIP,60deg_naik,778.3,2526.0,80.0
2026-08-10T05:52,GRIP,60deg_naik,779.5,2525.625,80.0
2026-08-10T05:52,GRIP,60deg_naik,780.6,2525.5,80.0
2026-08-10T05:52,GRIP,60deg_naik,781.8,2525.625,80.0
2026-08-10T05:52,GRIP,60deg_naik,783.0,2525.5,80.0
2026-08-10T05:52,GRIP,60deg_naik,784.1,2525.375,80.0
2026-08-10T05:52,GRIP,60deg_naik,785.3,2525.625,80.0
2026-08-10T05:52,GRIP,60deg_naik,786.4,2525.75,80.0
2026-08-10T05:52,GRIP,60deg_naik,787.6,2525.75,80.0
2026-08-10T05:52,GRIP,60deg_naik,788.8,2525.5,80.0
2026-08-10T05:52,GRIP,60deg_naik,789.9,2525.75,80.0
2026-08-10T05:52,GRIP,60deg_naik,791.1,2525.625,80.0
2026-08-10T05:52,GRIP,60deg_naik,792.2,2525.625,80.0
2026-08-10T05:52,GRIP,60deg_naik,793.4,2525.5,80.0
2026-08-10T05:52,GRIP,60deg_naik,794.6,2525.625,80.0
2026-08-10T05:52,GRIP,60deg_naik,795.7,2525.625,80.0
2026-08-10T05:52,GRIP,60deg_naik,796.9,2525.625,80.0
2026-08-10T05:52,GRIP,60deg_naik,798.0,2525.625,80.0
2026-08-10T05:52,GRIP,60deg_naik,799.2,2525.625,80.0
2026-08-10T05:52,GRIP,60deg_naik,800.4,2525.625,80.0
2026-08-10T05:52,GRIP,60deg_naik,801.5,2525.5,80.0
2026-08-10T05:52,GRIP,60deg_naik,802.7,2525.375,80.0
2026-08-10T05:52,GRIP,60deg_naik,803.8,2525.5,80.0
2026-08-10T05:52,GRIP,60deg_naik,805.0,2525.625,80.0
2026-08-10T05:52,GRIP,60deg_naik,806.2,2525.625,80.0
2026-08-10T05:52,GRIP,60deg_naik,807.3,2525.375,80.0
2026-08-10T05:52,GRIP,60deg_naik,808.5,2525.75,80.0
2026-08-10T05:52,GRIP,60deg_naik,809.6,2525.625,80.0
2026-08-10T05:52,GRIP,60deg_naik,810.8,2525.5,80.0
2026-08-10T05:52,GRIP,60deg_naik,812.0,2525.625,80.0
2026-08-10T05:52,GRIP,60deg_naik,813.1,2525.75,80.0
2026-08-10T05:52,GRIP,60deg_naik,814.3,2525.5,80.0
2026-08-10T05:52,GRIP,60deg_naik,815.4,2525.375,80.0
2026-08-10T05:52,GRIP,60deg_naik,816.6,2525.5,80.0
2026-08-10T05:52,GRIP,60deg_naik,817.8,2525.375,80.0
2026-08-10T05:52,GRIP,60deg_naik,818.9,2525.5,80.0
2026-08-10T05:52,GRIP,60deg_naik,820.1,2525.5,80.0
2026-08-10T05:52,GRIP,60deg_naik,821.2,2525.625,80.0
2026-08-10T05:52,GRIP,60deg_naik,822.4,2525.625,80.0
2026-08-10T05:52,GRIP,60deg_naik,823.6,2525.5,80.0
2026-08-10T05:52,GRIP,60deg_naik,824.7,2525.625,80.0
2026-08-10T05:52,GRIP,60deg_naik,825.9,2525.625,80.0
2026-08-10T05:52,GRIP,60deg_naik,827.0,2525.875,80.0
2026-08-10T05:52,GRIP,60deg_naik,828.2,2525.75,80.0
2026-08-10T05:52,GRIP,60deg_naik,829.4,2525.75,80.0
2026-08-10T05:52,GRIP,60deg_naik,830.5,2525.75,80.0
2026-08-10T05:52,GRIP,60deg_naik,831.7,2525.625,80.0
2026-08-10T05:52,GRIP,60deg_naik,832.8,2525.75,80.0
2026-08-10T05:52,GRIP,60deg_naik,834.0,2525.625,80.0
2026-08-10T05:52,GRIP,60deg_naik,835.2,2525.5,80.0
2026-08-10T05:52,GRIP,60deg_naik,836.3,2525.625,80.0
2026-08-10T05:52,GRIP,60deg_naik,837.5,2525.625,80.0
2026-08-10T05:52,GRIP,60deg_naik,838.6,2525.75,80.0
2026-08-10T05:52,GRIP,60deg_naik,839.8,2525.625,80.0
2026-08-10T05:52,GRIP,60deg_naik,841.0,2525.625,80.0
2026-08-10T05:52,GRIP,60deg_naik,842.1,2525.75,80.0
2026-08-10T05:52,GRIP,60deg_naik,843.3,2525.625,80.0
2026-08-10T05:52,GRIP,60deg_naik,844.4,2525.75,80.0
2026-08-10T05:52,GRIP,60deg_naik,845.6,2525.75,80.0
2026-08-10T05:52,GRIP,60deg_naik,846.8,2525.625,80.0
2026-08-10T05:52,GRIP,60deg_naik,847.9,2525.75,80.0
2026-08-10T05:52,GRIP,60deg_naik,849.1,2525.75,80.0
2026-08-10T05:52,GRIP,60deg_naik,850.2,2525.75,80.0
2026-08-10T05:52,GRIP,60deg_naik,851.4,2525.75,80.0
2026-08-10T05:52,GRIP,60deg_naik,852.6,2525.625,80.0
2026-08-10T05:52,GRIP,60deg_naik,853.7,2525.75,80.0
2026-08-10T05:52,GRIP,60deg_naik,854.9,2525.75,80.0
2026-08-10T05:52,GRIP,60deg_naik,856.0,2525.625,80.0
2026-08-10T05:52,GRIP,60deg_naik,857.2,2525.5,80.0
2026-08-10T05:52,GRIP,60deg_naik,858.4,2525.75,80.0
2026-08-10T05:52,GRIP,60deg_naik,859.5,2525.75,80.0
2026-08-10T05:52,GRIP,60deg_naik,860.7,2525.75,80.0
2026-08-10T05:52,GRIP,60deg_naik,861.8,2525.75,80.0
2026-08-10T05:52,GRIP,60deg_naik,863.0,2525.75,80.0
2026-08-10T05:52,GRIP,60deg_naik,864.2,2525.625,80.0
2026-08-10T05:52,GRIP,60deg_naik,865.3,2525.75,80.0
2026-08-10T05:52,GRIP,60deg_naik,866.5,2525.75,80.0
2026-08-10T05:52,GRIP,60deg_naik,867.6,2525.75,80.0
2026-08-10T05:52,GRIP,60deg_naik,868.8,2525.75,80.0
2026-08-10T05:52,GRIP,60deg_naik,870.0,2525.875,80.0
2026-08-10T05:52,GRIP,60deg_naik,871.1,2525.75,80.0
2026-08-10T05:52,GRIP,60deg_naik,872.3,2525.75,80.0
2026-08-10T05:52,GRIP,60deg_naik,873.4,2525.625,80.0
2026-08-10T05:52,GRIP,60deg_naik,874.6,2525.625,80.0
2026-08-10T05:52,GRIP,60deg_naik,875.8,2525.625,80.0
2026-08-10T05:52,GRIP,60deg_naik,876.9,2525.75,80.0
2026-08-10T05:52,GRIP,60deg_naik,878.1,2525.625,80.0
2026-08-10T05:52,GRIP,60deg_naik,879.2,2525.75,80.0
2026-08-10T05:52,GRIP,60deg_naik,880.4,2525.75,80.0
2026-08-10T05:52,GRIP,60deg_naik,881.6,2525.75,80.0
2026-08-10T05:52,GRIP,60deg_naik,882.7,2525.875,80.0
2026-08-10T05:52,GRIP,60deg_naik,883.9,2525.625,80.0
2026-08-10T05:52,GRIP,60deg_naik,885.0,2525.75,80.0
2026-08-10T05:52,GRIP,60deg_naik,886.2,2525.75,80.0
2026-08-10T05:52,GRIP,60deg_naik,887.4,2525.75,80.0
2026-08-10T05:52,GRIP,60deg_naik,888.5,2525.875,80.0
2026-08-10T05:52,GRIP,60deg_naik,889.7,2525.75,80.0
2026-08-10T05:52,GRIP,60deg_naik,890.8,2525.75,80.0
2026-08-10T05:52,GRIP,60deg_naik,892.0,2525.75,80.0
2026-08-10T05:52,GRIP,60deg_naik,893.2,2525.75,80.0
2026-08-10T05:52,GRIP,60deg_naik,894.3,2525.75,80.0
2026-08-10T05:52,GRIP,60deg_naik,895.5,2525.75,80.0
2026-08-10T05:52,GRIP,60deg_naik,896.6,2525.625,80.0
2026-08-10T05:52,GRIP,60deg_naik,897.8,2525.625,80.0
2026-08-10T05:52,GRIP,60deg_naik,899.0,2525.75,80.0
2026-08-10T05:52,GRIP,60deg_naik,900.1,2525.625,80.0
2026-08-10T05:52,GRIP,60deg_naik,901.3,2525.75,80.0
2026-08-10T05:52,GRIP,60deg_naik,902.4,2525.75,80.0
2026-08-10T05:52,GRIP,60deg_naik,903.6,2525.875,80.0
2026-08-10T05:52,GRIP,60deg_naik,904.8,2525.75,80.0
2026-08-10T05:52,GRIP,60deg_naik,905.9,2525.875,80.0
2026-08-10T05:52,GRIP,60deg_naik,907.1,2525.75,80.0
2026-08-10T05:52,GRIP,60deg_naik,908.2,2525.75,80.0
2026-08-10T05:52,GRIP,60deg_naik,909.4,2525.625,80.0
2026-08-10T05:52,GRIP,60deg_naik,910.6,2525.875,80.0
2026-08-10T05:52,GRIP,60deg_naik,911.7,2525.625,80.0
2026-08-10T05:52,GRIP,60deg_naik,912.9,2525.625,80.0
2026-08-10T05:52,GRIP,60deg_naik,914.0,2525.625,80.0
2026-08-10T05:52,GRIP,60deg_naik,915.2,2525.625,80.0
2026-08-10T05:52,GRIP,60deg_naik,916.4,2525.625,80.0
2026-08-10T05:52,GRIP,60deg_naik,917.5,2525.5,80.0
2026-08-10T05:52,GRIP,60deg_naik,918.7,2525.5,80.0
2026-08-10T05:52,GRIP,60deg_naik,919.8,2525.75,80.0
2026-08-10T05:52,GRIP,60deg_naik,921.0,2525.5,80.0
2026-08-10T05:52,GRIP,60deg_naik,922.2,2525.75,80.0
2026-08-10T05:52,GRIP,60deg_naik,923.3,2525.5,80.0
2026-08-10T05:52,GRIP,60deg_naik,924.5,2525.625,80.0
2026-08-10T05:52,GRIP,60deg_naik,925.6,2525.75,80.0
2026-08-10T05:52,GRIP,60deg_naik,926.8,2525.875,80.0
2026-08-10T05:52,GRIP,60deg_naik,928.0,2525.875,80.0
2026-08-10T05:52,GRIP,60deg_naik,929.1,2525.75,80.0
2026-08-10T05:52,GRIP,60deg_naik,930.3,2525.875,80.0
2026-08-10T05:52,GRIP,60deg_naik,931.4,2525.625,80.0
2026-08-10T05:52,GRIP,60deg_naik,932.6,2525.75,80.0
2026-08-10T05:52,GRIP,60deg_naik,933.8,2525.5,80.0
2026-08-10T05:52,GRIP,60deg_naik,934.9,2525.625,80.0
2026-08-10T05:52,GRIP,60deg_naik,936.1,2525.625,80.0
2026-08-10T05:52,GRIP,60deg_naik,937.2,2525.625,80.0
2026-08-10T05:52,GRIP,60deg_naik,938.4,2525.625,80.0
2026-08-10T05:52,GRIP,60deg_naik,939.6,2525.625,80.0
2026-08-10T05:52,GRIP,60deg_naik,940.7,2525.5,80.0
2026-08-10T05:52,GRIP,60deg_naik,941.9,2525.375,80.0
2026-08-10T05:52,GRIP,60deg_naik,943.0,2525.5,80.0
2026-08-10T05:52,GRIP,60deg_naik,944.2,2525.375,80.0
2026-08-10T05:52,GRIP,60deg_naik,945.4,2525.5,80.0
2026-08-10T05:52,GRIP,60deg_naik,946.5,2525.75,80.0
2026-08-10T05:52,GRIP,60deg_naik,947.7,2525.75,80.0
2026-08-10T05:52,GRIP,60deg_naik,948.8,2525.75,80.0
2026-08-10T05:52,GRIP,60deg_naik,950.0,2525.75,80.0
2026-08-10T05:52,GRIP,60deg_naik,951.2,2525.625,80.0
2026-08-10T05:52,GRIP,60deg_naik,952.3,2525.75,80.0
2026-08-10T05:52,GRIP,60deg_naik,953.5,2525.625,80.0
2026-08-10T05:52,GRIP,60deg_naik,954.6,2525.75,80.0
2026-08-10T05:52,GRIP,60deg_naik,955.8,2525.625,80.0
2026-08-10T05:52,GRIP,60deg_naik,957.0,2525.75,80.0
2026-08-10T05:52,GRIP,60deg_naik,958.1,2525.5,80.0
2026-08-10T05:52,GRIP,60deg_naik,959.3,2525.75,80.0
2026-08-10T05:52,GRIP,60deg_naik,960.4,2525.875,80.0
2026-08-10T05:52,GRIP,60deg_naik,961.6,2525.875,80.0
2026-08-10T05:52,GRIP,60deg_naik,962.8,2525.75,80.0
2026-08-10T05:52,GRIP,60deg_naik,963.9,2525.625,80.0
2026-08-10T05:52,GRIP,60deg_naik,965.1,2525.75,80.0
2026-08-10T05:52,GRIP,60deg_naik,966.2,2525.875,80.0
2026-08-10T05:52,GRIP,60deg_naik,967.4,2525.875,80.0
2026-08-10T05:52,GRIP,60deg_naik,968.6,2525.625,80.0
2026-08-10T05:52,GRIP,60deg_naik,969.7,2525.875,80.0
2026-08-10T05:52,GRIP,60deg_naik,970.9,2525.875,80.0
2026-08-10T05:52,GRIP,60deg_naik,972.0,2525.75,80.0
2026-08-10T05:52,GRIP,60deg_naik,973.2,2525.75,80.0
2026-08-10T05:52,GRIP,60deg_naik,974.4,2525.75,80.0
2026-08-10T05:52,GRIP,60deg_naik,975.5,2525.625,80.0
2026-08-10T05:52,GRIP,60deg_naik,976.7,2525.75,80.0
2026-08-10T05:52,GRIP,60deg_naik,977.8,2525.625,80.0
2026-08-10T05:52,GRIP,60deg_naik,979.0,2525.75,80.0
2026-08-10T05:52,GRIP,60deg_turun,0.0,1598.625,80.0
2026-08-10T05:52,GRIP,60deg_turun,1.1,1598.5,80.0
2026-08-10T05:52,GRIP,60deg_turun,2.3,1598.25,80.0
2026-08-10T05:52,GRIP,60deg_turun,3.4,1598.25,80.0
2026-08-10T05:52,GRIP,60deg_turun,4.6,1598.375,80.0
2026-08-10T05:52,GRIP,60deg_turun,5.8,1598.5,80.0
2026-08-10T05:52,GRIP,60deg_turun,6.9,1598.375,80.0
2026-08-10T05:52,GRIP,60deg_turun,8.1,1598.25,80.0
2026-08-10T05:52,GRIP,60deg_turun,9.2,1598.125,80.0
2026-08-10T05:52,GRIP,60deg_turun,10.4,1598.375,80.0
2026-08-10T05:52,GRIP,60deg_turun,11.6,1598.375,80.0
2026-08-10T05:52,GRIP,60deg_turun,12.7,1598.5,80.0
2026-08-10T05:52,GRIP,60deg_turun,13.9,1598.375,80.0
2026-08-10T05:52,GRIP,60deg_turun,15.0,1598.25,80.0
2026-08-10T05:52,GRIP,60deg_turun,16.2,1598.375,80.0
2026-08-10T05:52,GRIP,60deg_turun,17.4,1598.5,80.0
2026-08-10T05:52,GRIP,60deg_turun,18.5,1598.5,80.0
2026-08-10T05:52,GRIP,60deg_turun,19.7,1598.625,80.0
2026-08-10T05:52,GRIP,60deg_turun,20.8,1598.625,80.0
2026-08-10T05:52,GRIP,60deg_turun,22.0,1598.375,80.0
2026-08-10T05:52,GRIP,60deg_turun,23.2,1598.5,80.0
2026-08-10T05:52,GRIP,60deg_turun,24.3,1598.625,80.0
2026-08-10T05:52,GRIP,60deg_turun,25.5,1598.25,80.0
2026-08-10T05:52,GRIP,60deg_turun,26.6,1598.25,80.0
2026-08-10T05:52,GRIP,60deg_turun,27.8,1598.25,80.0
2026-08-10T05:52,GRIP,60deg_turun,29.0,1598.375,80.0
2026-08-10T05:52,GRIP,60deg_turun,30.1,1598.375,80.0
2026-08-10T05:52,GRIP,60deg_turun,31.3,1598.375,80.0
2026-08-10T05:52,GRIP,60deg_turun,32.4,1598.5,80.0
2026-08-10T05:52,GRIP,60deg_turun,33.6,1598.5,80.0
2026-08-10T05:52,GRIP,60deg_turun,34.8,1598.25,80.0
2026-08-10T05:52,GRIP,60deg_turun,35.9,1598.375,80.0
2026-08-10T05:52,GRIP,60deg_turun,37.1,1598.5,80.0
2026-08-10T05:52,GRIP,60deg_turun,38.2,1598.5,80.0
2026-08-10T05:52,GRIP,60deg_turun,39.4,1598.375,80.0
2026-08-10T05:52,GRIP,60deg_turun,40.6,1598.625,80.0
2026-08-10T05:52,GRIP,60deg_turun,41.7,1598.25,80.0
2026-08-10T05:52,GRIP,60deg_turun,42.9,1598.25,80.0
2026-08-10T05:52,GRIP,60deg_turun,44.0,1598.5,80.0
2026-08-10T05:52,GRIP,60deg_turun,45.2,1598.25,80.0
2026-08-10T05:52,GRIP,60deg_turun,46.4,1598.25,80.0
2026-08-10T05:52,GRIP,60deg_turun,47.5,1598.25,80.0
2026-08-10T05:52,GRIP,60deg_turun,48.7,1598.375,80.0
2026-08-10T05:52,GRIP,60deg_turun,49.8,1598.375,80.0
2026-08-10T05:52,GRIP,60deg_turun,51.0,1598.5,80.0
2026-08-10T05:52,GRIP,60deg_turun,52.2,1598.375,80.0
2026-08-10T05:52,GRIP,60deg_turun,53.3,1598.375,80.0
2026-08-10T05:52,GRIP,60deg_turun,54.5,1598.375,80.0
2026-08-10T05:52,GRIP,60deg_turun,55.6,1598.5,80.0
2026-08-10T05:52,GRIP,60deg_turun,56.8,1598.375,80.0
2026-08-10T05:52,GRIP,60deg_turun,58.0,1598.625,80.0
2026-08-10T05:52,GRIP,60deg_turun,59.1,1598.375,80.0
2026-08-10T05:52,GRIP,60deg_turun,60.3,1598.75,80.0
2026-08-10T05:52,GRIP,60deg_turun,61.4,1598.5,80.0
2026-08-10T05:52,GRIP,60deg_turun,62.6,1598.375,80.0
2026-08-10T05:52,GRIP,60deg_turun,63.8,1598.625,80.0
2026-08-10T05:52,GRIP,60deg_turun,64.9,1598.625,80.0
2026-08-10T05:52,GRIP,60deg_turun,66.1,1598.25,80.0
2026-08-10T05:52,GRIP,60deg_turun,67.2,1598.375,80.0
2026-08-10T05:52,GRIP,60deg_turun,68.4,1598.25,80.0
2026-08-10T05:52,GRIP,60deg_turun,69.6,1598.75,80.0
2026-08-10T05:52,GRIP,60deg_turun,70.7,1598.5,80.0
2026-08-10T05:52,GRIP,60deg_turun,71.9,1598.5,80.0
2026-08-10T05:52,GRIP,60deg_turun,73.0,1598.5,80.0
2026-08-10T05:52,GRIP,60deg_turun,74.2,1598.5,80.0
2026-08-10T05:52,GRIP,60deg_turun,75.4,1598.625,80.0
2026-08-10T05:52,GRIP,60deg_turun,76.5,1598.5,80.0
2026-08-10T05:52,GRIP,60deg_turun,77.7,1598.625,80.0
2026-08-10T05:52,GRIP,60deg_turun,78.8,1598.625,80.0
2026-08-10T05:52,GRIP,60deg_turun,80.0,1598.625,80.0
2026-08-10T05:52,GRIP,60deg_turun,81.2,1598.625,80.0
2026-08-10T05:52,GRIP,60deg_turun,82.3,1598.5,80.0
2026-08-10T05:52,GRIP,60deg_turun,83.5,1598.5,80.0
2026-08-10T05:52,GRIP,60deg_turun,84.6,1598.5,80.0
2026-08-10T05:52,GRIP,60deg_turun,85.8,1603.125,80.0
2026-08-10T05:52,GRIP,60deg_turun,87.0,1739.875,80.0
2026-08-10T05:52,GRIP,60deg_turun,88.1,1740.25,80.0
2026-08-10T05:52,GRIP,60deg_turun,89.3,1731.875,80.0
2026-08-10T05:52,GRIP,60deg_turun,90.4,1723.25,80.0
2026-08-10T05:52,GRIP,60deg_turun,91.6,1716.625,80.0
2026-08-10T05:52,GRIP,60deg_turun,92.8,1710.75,80.0
2026-08-10T05:52,GRIP,60deg_turun,93.9,1702.0,80.0
2026-08-10T05:52,GRIP,60deg_turun,95.1,1688.875,80.0
2026-08-10T05:52,GRIP,60deg_turun,96.2,1678.375,80.0
2026-08-10T05:52,GRIP,60deg_turun,97.4,1678.375,80.0
2026-08-10T05:52,GRIP,60deg_turun,98.6,1674.625,80.0
2026-08-10T05:52,GRIP,60deg_turun,99.7,1664.5,80.0
2026-08-10T05:52,GRIP,60deg_turun,100.9,1651.5,80.0
2026-08-10T05:52,GRIP,60deg_turun,102.0,1640.625,80.0
2026-08-10T05:52,GRIP,60deg_turun,103.2,1633.125,80.0
2026-08-10T05:52,GRIP,60deg_turun,104.4,1619.5,80.0
2026-08-10T05:52,GRIP,60deg_turun,105.5,1605.625,80.0
2026-08-10T05:52,GRIP,60deg_turun,106.7,1594.375,80.0
2026-08-10T05:52,GRIP,60deg_turun,107.8,1584.75,80.0
2026-08-10T05:52,GRIP,60deg_turun,109.0,1574.375,80.0
2026-08-10T05:52,GRIP,60deg_turun,110.2,1559.875,80.0
2026-08-10T05:52,GRIP,60deg_turun,111.3,1545.5,80.0
2026-08-10T05:52,GRIP,60deg_turun,112.5,1534.25,80.0
2026-08-10T05:52,GRIP,60deg_turun,113.6,1523.125,80.0
2026-08-10T05:52,GRIP,60deg_turun,114.8,1502.375,80.0
2026-08-10T05:52,GRIP,60deg_turun,116.0,1487.125,80.0
2026-08-10T05:52,GRIP,60deg_turun,117.1,1473.75,80.0
2026-08-10T05:52,GRIP,60deg_turun,118.3,1462.0,80.0
2026-08-10T05:52,GRIP,60deg_turun,119.4,1445.75,80.0
2026-08-10T05:52,GRIP,60deg_turun,120.6,1445.75,80.0
2026-08-10T05:52,GRIP,60deg_turun,121.8,1429.25,80.0
2026-08-10T05:52,GRIP,60deg_turun,122.9,1414.625,80.0
2026-08-10T05:52,GRIP,60deg_turun,124.1,1396.625,80.0
2026-08-10T05:52,GRIP,60deg_turun,125.2,1382.25,80.0
2026-08-10T05:52,GRIP,60deg_turun,126.4,1371.0,80.0
2026-08-10T05:52,GRIP,60deg_turun,127.6,1348.875,80.0
2026-08-10T05:52,GRIP,60deg_turun,128.7,1343.125,80.0
2026-08-10T05:52,GRIP,60deg_turun,129.9,1323.875,80.0
2026-08-10T05:52,GRIP,60deg_turun,131.0,1311.875,80.0
2026-08-10T05:52,GRIP,60deg_turun,132.2,1292.0,80.0
2026-08-10T05:52,GRIP,60deg_turun,133.4,1281.25,80.0
2026-08-10T05:52,GRIP,60deg_turun,134.5,1266.875,80.0
2026-08-10T05:52,GRIP,60deg_turun,135.7,1254.875,80.0
2026-08-10T05:52,GRIP,60deg_turun,136.8,1239.875,80.0
2026-08-10T05:52,GRIP,60deg_turun,138.0,1224.5,80.0
2026-08-10T05:52,GRIP,60deg_turun,139.2,1215.25,80.0
2026-08-10T05:52,GRIP,60deg_turun,140.3,1191.5,80.0
2026-08-10T05:52,GRIP,60deg_turun,141.5,1184.875,80.0
2026-08-10T05:52,GRIP,60deg_turun,142.6,1166.625,80.0
2026-08-10T05:52,GRIP,60deg_turun,143.8,1166.625,80.0
2026-08-10T05:52,GRIP,60deg_turun,145.0,1152.75,80.0
2026-08-10T05:52,GRIP,60deg_turun,146.1,1131.25,80.0
2026-08-10T05:52,GRIP,60deg_turun,147.3,1093.125,80.0
2026-08-10T05:52,GRIP,60deg_turun,148.4,1104.875,80.0
2026-08-10T05:52,GRIP,60deg_turun,149.6,1089.625,80.0
2026-08-10T05:52,GRIP,60deg_turun,150.8,1045.25,80.0
2026-08-10T05:52,GRIP,60deg_turun,151.9,1052.5,80.0
2026-08-10T05:52,GRIP,60deg_turun,153.1,1036.375,80.0
2026-08-10T05:52,GRIP,60deg_turun,154.2,990.875,80.0
2026-08-10T05:52,GRIP,60deg_turun,155.4,1008.875,80.0
2026-08-10T05:52,GRIP,60deg_turun,156.6,949.5,80.0
2026-08-10T05:52,GRIP,60deg_turun,157.7,963.875,80.0
2026-08-10T05:52,GRIP,60deg_turun,158.9,956.125,80.0
2026-08-10T05:52,GRIP,60deg_turun,160.0,917.5,80.0
2026-08-10T05:52,GRIP,60deg_turun,161.2,912.5,80.0
2026-08-10T05:52,GRIP,60deg_turun,162.4,902.75,80.0
2026-08-10T05:52,GRIP,60deg_turun,163.5,878.25,80.0
2026-08-10T05:52,GRIP,60deg_turun,164.7,884.0,80.0
2026-08-10T05:52,GRIP,60deg_turun,165.8,856.75,80.0
2026-08-10T05:52,GRIP,60deg_turun,167.0,856.75,80.0
2026-08-10T05:52,GRIP,60deg_turun,168.2,848.0,80.0
2026-08-10T05:52,GRIP,60deg_turun,169.3,840.125,80.0
2026-08-10T05:52,GRIP,60deg_turun,170.5,831.5,80.0
2026-08-10T05:52,GRIP,60deg_turun,171.6,817.625,80.0
2026-08-10T05:52,GRIP,60deg_turun,172.8,813.625,80.0
2026-08-10T05:52,GRIP,60deg_turun,174.0,818.625,80.0
2026-08-10T05:52,GRIP,60deg_turun,175.1,808.25,80.0
2026-08-10T05:52,GRIP,60deg_turun,176.3,786.125,80.0
2026-08-10T05:52,GRIP,60deg_turun,177.4,787.375,80.0
2026-08-10T05:52,GRIP,60deg_turun,178.6,771.0,80.0
2026-08-10T05:52,GRIP,60deg_turun,179.8,762.625,80.0
2026-08-10T05:52,GRIP,60deg_turun,180.9,755.625,80.0
2026-08-10T05:52,GRIP,60deg_turun,182.1,761.5,80.0
2026-08-10T05:52,GRIP,60deg_turun,183.2,753.125,80.0
2026-08-10T05:52,GRIP,60deg_turun,184.4,734.75,80.0
2026-08-10T05:52,GRIP,60deg_turun,185.6,730.75,80.0
2026-08-10T05:52,GRIP,60deg_turun,186.7,728.25,80.0
2026-08-10T05:52,GRIP,60deg_turun,187.9,726.0,80.0
2026-08-10T05:52,GRIP,60deg_turun,189.0,722.625,80.0
2026-08-10T05:52,GRIP,60deg_turun,190.2,722.625,80.0
2026-08-10T05:52,GRIP,60deg_turun,191.4,718.625,80.0
2026-08-10T05:52,GRIP,60deg_turun,192.5,714.625,80.0
2026-08-10T05:52,GRIP,60deg_turun,193.7,712.5,80.0
2026-08-10T05:52,GRIP,60deg_turun,194.8,707.5,80.0
2026-08-10T05:52,GRIP,60deg_turun,196.0,700.75,80.0
2026-08-10T05:52,GRIP,60deg_turun,197.2,696.25,80.0
2026-08-10T05:52,GRIP,60deg_turun,198.3,690.375,80.0
2026-08-10T05:52,GRIP,60deg_turun,199.5,690.875,80.0
2026-08-10T05:52,GRIP,60deg_turun,200.6,688.0,80.0
2026-08-10T05:52,GRIP,60deg_turun,201.8,687.5,80.0
2026-08-10T05:52,GRIP,60deg_turun,203.0,683.75,80.0
2026-08-10T05:52,GRIP,60deg_turun,204.1,683.5,80.0
2026-08-10T05:52,GRIP,60deg_turun,205.3,681.75,80.0
2026-08-10T05:52,GRIP,60deg_turun,206.4,681.375,80.0
2026-08-10T05:52,GRIP,60deg_turun,207.6,679.0,80.0
2026-08-10T05:52,GRIP,60deg_turun,208.8,679.75,80.0
2026-08-10T05:52,GRIP,60deg_turun,209.9,681.25,80.0
2026-08-10T05:52,GRIP,60deg_turun,211.1,679.5,80.0
2026-08-10T05:52,GRIP,60deg_turun,212.2,679.25,80.0
2026-08-10T05:52,GRIP,60deg_turun,213.4,679.25,80.0
2026-08-10T05:52,GRIP,60deg_turun,214.6,679.5,80.0
2026-08-10T05:52,GRIP,60deg_turun,215.7,676.125,80.0
2026-08-10T05:52,GRIP,60deg_turun,216.9,674.625,80.0
2026-08-10T05:52,GRIP,60deg_turun,218.0,675.125,80.0
2026-08-10T05:52,GRIP,60deg_turun,219.2,673.875,80.0
2026-08-10T05:52,GRIP,60deg_turun,220.4,672.5,80.0
2026-08-10T05:52,GRIP,60deg_turun,221.5,672.125,80.0
2026-08-10T05:52,GRIP,60deg_turun,222.7,670.875,80.0
2026-08-10T05:52,GRIP,60deg_turun,223.8,670.125,80.0
2026-08-10T05:52,GRIP,60deg_turun,225.0,669.875,80.0
2026-08-10T05:52,GRIP,60deg_turun,226.2,669.375,80.0
2026-08-10T05:52,GRIP,60deg_turun,227.3,669.125,80.0
2026-08-10T05:52,GRIP,60deg_turun,228.5,668.75,80.0
2026-08-10T05:52,GRIP,60deg_turun,229.6,668.375,80.0
2026-08-10T05:52,GRIP,60deg_turun,230.8,668.0,80.0
2026-08-10T05:52,GRIP,60deg_turun,232.0,668.0,80.0
2026-08-10T05:52,GRIP,60deg_turun,233.1,667.75,80.0
2026-08-10T05:52,GRIP,60deg_turun,234.3,667.875,80.0
2026-08-10T05:52,GRIP,60deg_turun,235.4,667.625,80.0
2026-08-10T05:52,GRIP,60deg_turun,236.6,667.625,80.0
2026-08-10T05:52,GRIP,60deg_turun,237.8,667.625,80.0
2026-08-10T05:52,GRIP,60deg_turun,238.9,667.625,80.0
2026-08-10T05:52,GRIP,60deg_turun,240.1,667.75,80.0
2026-08-10T05:52,GRIP,60deg_turun,241.2,667.625,80.0
2026-08-10T05:52,GRIP,60deg_turun,242.4,667.75,80.0
2026-08-10T05:52,GRIP,60deg_turun,243.6,668.0,80.0
2026-08-10T05:52,GRIP,60deg_turun,244.7,667.625,80.0
2026-08-10T05:52,GRIP,60deg_turun,245.9,667.75,80.0
2026-08-10T05:52,GRIP,60deg_turun,247.0,667.75,80.0
2026-08-10T05:52,GRIP,60deg_turun,248.2,667.75,80.0
2026-08-10T05:52,GRIP,60deg_turun,249.4,667.625,80.0
2026-08-10T05:52,GRIP,60deg_turun,250.5,667.875,80.0
2026-08-10T05:52,GRIP,60deg_turun,251.7,667.75,80.0
2026-08-10T05:52,GRIP,60deg_turun,252.8,667.75,80.0
2026-08-10T05:52,GRIP,60deg_turun,254.0,667.875,80.0
2026-08-10T05:52,GRIP,60deg_turun,255.2,667.75,80.0
2026-08-10T05:52,GRIP,60deg_turun,256.3,668.0,80.0
2026-08-10T05:52,GRIP,60deg_turun,257.5,668.0,80.0
2026-08-10T05:52,GRIP,60deg_turun,258.6,667.875,80.0
2026-08-10T05:52,GRIP,60deg_turun,259.8,667.875,80.0
2026-08-10T05:52,GRIP,60deg_turun,261.0,667.875,80.0
2026-08-10T05:52,GRIP,60deg_turun,262.1,667.875,80.0
2026-08-10T05:52,GRIP,60deg_turun,263.3,668.0,80.0
2026-08-10T05:52,GRIP,60deg_turun,264.4,668.125,80.0
2026-08-10T05:52,GRIP,60deg_turun,265.6,667.875,80.0
2026-08-10T05:52,GRIP,60deg_turun,266.8,667.625,80.0
2026-08-10T05:52,GRIP,60deg_turun,267.9,667.875,80.0
2026-08-10T05:52,GRIP,60deg_turun,269.1,667.625,80.0
2026-08-10T05:52,GRIP,60deg_turun,270.2,667.75,80.0
2026-08-10T05:52,GRIP,60deg_turun,271.4,667.75,80.0
2026-08-10T05:52,GRIP,60deg_turun,272.6,667.625,80.0
2026-08-10T05:52,GRIP,60deg_turun,273.7,667.75,80.0
2026-08-10T05:52,GRIP,60deg_turun,274.9,667.75,80.0
2026-08-10T05:52,GRIP,60deg_turun,276.0,667.875,80.0
2026-08-10T05:52,GRIP,60deg_turun,277.2,667.875,80.0
2026-08-10T05:52,GRIP,60deg_turun,278.4,667.75,80.0
2026-08-10T05:52,GRIP,60deg_turun,279.5,667.75,80.0
2026-08-10T05:52,GRIP,60deg_turun,280.7,667.875,80.0
2026-08-10T05:52,GRIP,60deg_turun,281.8,667.75,80.0
2026-08-10T05:52,GRIP,60deg_turun,283.0,667.875,80.0
2026-08-10T05:52,GRIP,60deg_turun,284.2,667.875,80.0
2026-08-10T05:52,GRIP,60deg_turun,285.3,667.75,80.0
2026-08-10T05:52,GRIP,60deg_turun,286.5,667.5,80.0
2026-08-10T05:52,GRIP,60deg_turun,287.6,667.625,80.0
2026-08-10T05:52,GRIP,60deg_turun,288.8,667.625,80.0
2026-08-10T05:52,GRIP,60deg_turun,290.0,667.75,80.0
2026-08-10T05:52,GRIP,60deg_turun,291.1,667.625,80.0
2026-08-10T05:52,GRIP,60deg_turun,292.3,667.625,80.0
2026-08-10T05:52,GRIP,60deg_turun,293.4,667.625,80.0
2026-08-10T05:52,GRIP,60deg_turun,294.6,667.875,80.0
2026-08-10T05:52,GRIP,60deg_turun,295.8,668.0,80.0
2026-08-10T05:52,GRIP,60deg_turun,296.9,667.875,80.0
2026-08-10T05:52,GRIP,60deg_turun,298.1,668.0,80.0
2026-08-10T05:52,GRIP,60deg_turun,299.2,668.0,80.0
2026-08-10T05:52,GRIP,60deg_turun,300.4,667.875,80.0
2026-08-10T05:52,GRIP,60deg_turun,301.6,667.75,80.0
2026-08-10T05:52,GRIP,60deg_turun,302.7,667.875,80.0
2026-08-10T05:52,GRIP,60deg_turun,303.9,668.0,80.0
2026-08-10T05:52,GRIP,60deg_turun,305.0,667.625,80.0
2026-08-10T05:52,GRIP,60deg_turun,306.2,667.875,80.0
2026-08-10T05:52,GRIP,60deg_turun,307.4,667.875,80.0
2026-08-10T05:52,GRIP,60deg_turun,308.5,667.875,80.0
2026-08-10T05:52,GRIP,60deg_turun,309.7,667.75,80.0
2026-08-10T05:52,GRIP,60deg_turun,310.8,667.875,80.0
2026-08-10T05:52,GRIP,60deg_turun,312.0,668.0,80.0
2026-08-10T05:52,GRIP,60deg_turun,313.2,668.0,80.0
2026-08-10T05:52,GRIP,60deg_turun,314.3,667.75,80.0
2026-08-10T05:52,GRIP,60deg_turun,315.5,667.75,80.0
2026-08-10T05:52,GRIP,60deg_turun,316.6,667.875,80.0
2026-08-10T05:52,GRIP,60deg_turun,317.8,667.875,80.0
2026-08-10T05:52,GRIP,60deg_turun,319.0,667.875,80.0
2026-08-10T05:52,GRIP,60deg_turun,320.1,667.75,80.0
2026-08-10T05:52,GRIP,60deg_turun,321.3,667.625,80.0
2026-08-10T05:52,GRIP,60deg_turun,322.4,667.5,80.0
2026-08-10T05:52,GRIP,60deg_turun,323.6,667.5,80.0
2026-08-10T05:52,GRIP,60deg_turun,324.8,667.625,80.0
2026-08-10T05:52,GRIP,60deg_turun,325.9,667.875,80.0
2026-08-10T05:52,GRIP,60deg_turun,327.1,667.625,80.0
2026-08-10T05:52,GRIP,60deg_turun,328.2,667.75,80.0
2026-08-10T05:52,GRIP,60deg_turun,329.4,667.75,80.0
2026-08-10T05:52,GRIP,60deg_turun,330.6,667.75,80.0
2026-08-10T05:52,GRIP,60deg_turun,331.7,667.875,80.0
2026-08-10T05:52,GRIP,60deg_turun,332.9,667.75,80.0
2026-08-10T05:52,GRIP,60deg_turun,334.0,667.875,80.0
2026-08-10T05:52,GRIP,60deg_turun,335.2,667.875,80.0
2026-08-10T05:52,GRIP,60deg_turun,336.4,667.875,80.0
2026-08-10T05:52,GRIP,60deg_turun,337.5,667.75,80.0
2026-08-10T05:52,GRIP,60deg_turun,338.7,668.0,80.0
2026-08-10T05:52,GRIP,60deg_turun,339.8,667.875,80.0
2026-08-10T05:52,GRIP,60deg_turun,341.0,667.75,80.0
2026-08-10T05:52,GRIP,60deg_turun,342.2,667.75,80.0
2026-08-10T05:52,GRIP,60deg_turun,343.3,668.0,80.0
2026-08-10T05:52,GRIP,60deg_turun,344.5,667.75,80.0
2026-08-10T05:52,GRIP,60deg_turun,345.6,667.75,80.0
2026-08-10T05:52,GRIP,60deg_turun,346.8,667.75,80.0
2026-08-10T05:52,GRIP,60deg_turun,348.0,667.875,80.0
2026-08-10T05:52,GRIP,60deg_turun,349.1,667.625,80.0
2026-08-10T05:52,GRIP,60deg_turun,350.3,667.75,80.0
2026-08-10T05:52,GRIP,60deg_turun,351.4,667.625,80.0
2026-08-10T05:52,GRIP,60deg_turun,352.6,667.75,80.0
2026-08-10T05:52,GRIP,60deg_turun,353.8,667.75,80.0
2026-08-10T05:52,GRIP,60deg_turun,354.9,667.75,80.0
2026-08-10T05:52,GRIP,60deg_turun,356.1,667.875,80.0
2026-08-10T05:52,GRIP,60deg_turun,357.2,667.75,80.0
2026-08-10T05:52,GRIP,60deg_turun,358.4,668.0,80.0
2026-08-10T05:52,GRIP,60deg_turun,359.6,667.875,80.0
2026-08-10T05:52,GRIP,60deg_turun,360.7,667.625,80.0
2026-08-10T05:52,GRIP,60deg_turun,361.9,668.0,80.0
2026-08-10T05:52,GRIP,60deg_turun,363.0,667.75,80.0
2026-08-10T05:52,GRIP,60deg_turun,364.2,667.75,80.0
2026-08-10T05:52,GRIP,60deg_turun,365.4,667.625,80.0
2026-08-10T05:52,GRIP,60deg_turun,366.5,667.75,80.0
2026-08-10T05:52,GRIP,60deg_turun,367.7,667.625,80.0
2026-08-10T05:52,GRIP,60deg_turun,368.8,667.625,80.0
2026-08-10T05:52,GRIP,60deg_turun,370.0,667.75,80.0
2026-08-10T05:52,GRIP,60deg_turun,371.2,667.75,80.0
2026-08-10T05:52,GRIP,60deg_turun,372.3,667.875,80.0
2026-08-10T05:52,GRIP,60deg_turun,373.5,667.75,80.0
2026-08-10T05:52,GRIP,60deg_turun,374.6,667.75,80.0
2026-08-10T05:52,GRIP,60deg_turun,375.8,667.875,80.0
2026-08-10T05:52,GRIP,60deg_turun,377.0,667.875,80.0
2026-08-10T05:52,GRIP,60deg_turun,378.1,668.0,80.0
2026-08-10T05:52,GRIP,60deg_turun,379.3,667.75,80.0
2026-08-10T05:52,GRIP,60deg_turun,380.4,667.75,80.0
2026-08-10T05:52,GRIP,60deg_turun,381.6,667.875,80.0
2026-08-10T05:52,GRIP,60deg_turun,382.8,667.875,80.0
2026-08-10T05:52,GRIP,60deg_turun,383.9,667.625,80.0
2026-08-10T05:52,GRIP,60deg_turun,385.1,667.875,80.0
2026-08-10T05:52,GRIP,60deg_turun,386.2,667.75,80.0
2026-08-10T05:52,GRIP,60deg_turun,387.4,667.75,80.0
2026-08-10T05:52,GRIP,60deg_turun,388.6,667.75,80.0
2026-08-10T05:52,GRIP,60deg_turun,389.7,667.875,80.0
2026-08-10T05:52,GRIP,60deg_turun,390.9,667.75,80.0
2026-08-10T05:52,GRIP,60deg_turun,392.0,667.75,80.0
2026-08-10T05:52,GRIP,60deg_turun,393.2,667.75,80.0
2026-08-10T05:52,GRIP,60deg_turun,394.4,667.875,80.0
2026-08-10T05:52,GRIP,60deg_turun,395.5,667.75,80.0
2026-08-10T05:52,GRIP,60deg_turun,396.7,668.0,80.0
2026-08-10T05:52,GRIP,60deg_turun,397.8,667.875,80.0
2026-08-10T05:52,GRIP,60deg_turun,399.0,667.875,80.0
2026-08-10T05:52,GRIP,60deg_turun,400.2,667.875,80.0
2026-08-10T05:52,GRIP,60deg_turun,401.3,667.75,80.0
2026-08-10T05:52,GRIP,60deg_turun,402.5,667.75,80.0
2026-08-10T05:52,GRIP,60deg_turun,403.6,667.75,80.0
2026-08-10T05:52,GRIP,60deg_turun,404.8,667.875,80.0
2026-08-10T05:52,GRIP,60deg_turun,406.0,667.75,80.0
2026-08-10T05:52,GRIP,60deg_turun,407.1,667.625,80.0
2026-08-10T05:52,GRIP,60deg_turun,408.3,667.875,80.0
2026-08-10T05:52,GRIP,60deg_turun,409.4,667.875,80.0
2026-08-10T05:52,GRIP,60deg_turun,410.6,667.875,80.0
2026-08-10T05:52,GRIP,60deg_turun,411.8,667.875,80.0
2026-08-10T05:52,GRIP,60deg_turun,412.9,667.75,80.0
2026-08-10T05:52,GRIP,60deg_turun,414.1,667.75,80.0
2026-08-10T05:52,GRIP,60deg_turun,415.2,667.75,80.0
2026-08-10T05:52,GRIP,60deg_turun,416.4,667.875,80.0
2026-08-10T05:52,GRIP,60deg_turun,417.6,667.75,80.0
2026-08-10T05:52,GRIP,60deg_turun,418.7,668.0,80.0
2026-08-10T05:52,GRIP,60deg_turun,419.9,667.875,80.0
2026-08-10T05:52,GRIP,60deg_turun,421.0,667.875,80.0
2026-08-10T05:52,GRIP,60deg_turun,422.2,667.875,80.0
2026-08-10T05:52,GRIP,60deg_turun,423.4,667.625,80.0
2026-08-10T05:52,GRIP,60deg_turun,424.5,667.625,80.0
2026-08-10T05:52,GRIP,60deg_turun,425.7,667.875,80.0
2026-08-10T05:52,GRIP,60deg_turun,426.8,667.625,80.0
2026-08-10T05:52,GRIP,60deg_turun,428.0,667.75,80.0
2026-08-10T05:52,GRIP,60deg_turun,429.2,667.625,80.0
2026-08-10T05:52,GRIP,60deg_turun,430.3,667.875,80.0
2026-08-10T05:52,GRIP,60deg_turun,431.5,667.75,80.0
2026-08-10T05:52,GRIP,60deg_turun,432.6,667.75,80.0
2026-08-10T05:52,GRIP,60deg_turun,433.8,667.75,80.0
2026-08-10T05:52,GRIP,60deg_turun,435.0,667.75,80.0
2026-08-10T05:52,GRIP,60deg_turun,436.1,667.75,80.0
2026-08-10T05:52,GRIP,60deg_turun,437.3,667.75,80.0
2026-08-10T05:52,GRIP,60deg_turun,438.4,667.625,80.0
2026-08-10T05:52,GRIP,60deg_turun,439.6,667.75,80.0
2026-08-10T05:52,GRIP,60deg_turun,440.8,667.75,80.0
2026-08-10T05:52,GRIP,60deg_turun,441.9,667.75,80.0
2026-08-10T05:52,GRIP,60deg_turun,443.1,667.75,80.0
2026-08-10T05:52,GRIP,60deg_turun,444.2,667.75,80.0
2026-08-10T05:52,GRIP,60deg_turun,445.4,667.75,80.0
2026-08-10T05:52,GRIP,60deg_turun,446.6,667.625,80.0
2026-08-10T05:52,GRIP,60deg_turun,447.7,667.625,80.0
2026-08-10T05:52,GRIP,60deg_turun,448.9,667.625,80.0
2026-08-10T05:52,GRIP,60deg_turun,450.0,667.75,80.0
2026-08-10T05:52,GRIP,60deg_turun,451.2,667.625,80.0
2026-08-10T05:52,GRIP,60deg_turun,452.4,667.75,80.0
2026-08-10T05:52,GRIP,60deg_turun,453.5,667.75,80.0
2026-08-10T05:52,GRIP,60deg_turun,454.7,667.75,80.0
2026-08-10T05:52,GRIP,60deg_turun,455.8,667.75,80.0
2026-08-10T05:52,GRIP,60deg_turun,457.0,667.75,80.0
2026-08-10T05:52,GRIP,60deg_turun,458.2,667.875,80.0
2026-08-10T05:52,GRIP,60deg_turun,459.3,667.875,80.0
2026-08-10T05:52,GRIP,60deg_turun,460.5,667.75,80.0
2026-08-10T05:52,GRIP,60deg_turun,461.6,667.75,80.0
2026-08-10T05:52,GRIP,60deg_turun,462.8,667.875,80.0
2026-08-10T05:52,GRIP,60deg_turun,464.0,667.625,80.0
2026-08-10T05:52,GRIP,60deg_turun,465.1,667.875,80.0
2026-08-10T05:52,GRIP,60deg_turun,466.3,667.625,80.0
2026-08-10T05:52,GRIP,60deg_turun,467.4,667.625,80.0
2026-08-10T05:52,GRIP,60deg_turun,468.6,667.625,80.0
2026-08-10T05:52,GRIP,60deg_turun,469.8,667.625,80.0
2026-08-10T05:52,GRIP,60deg_turun,470.9,667.625,80.0
2026-08-10T05:52,GRIP,60deg_turun,472.1,667.75,80.0
2026-08-10T05:52,GRIP,60deg_turun,473.2,667.75,80.0
2026-08-10T05:52,GRIP,60deg_turun,474.4,667.625,80.0
2026-08-10T05:52,GRIP,60deg_turun,475.6,667.75,80.0
2026-08-10T05:52,GRIP,60deg_turun,476.7,667.75,80.0
2026-08-10T05:52,GRIP,60deg_turun,477.9,667.75,80.0
2026-08-10T05:52,GRIP,60deg_turun,479.0,667.625,80.0
2026-08-10T05:52,GRIP,60deg_turun,480.2,667.875,80.0
2026-08-10T05:52,GRIP,60deg_turun,481.4,667.625,80.0
2026-08-10T05:52,GRIP,60deg_turun,482.5,667.625,80.0
2026-08-10T05:52,GRIP,60deg_turun,483.7,667.75,80.0
2026-08-10T05:52,GRIP,60deg_turun,484.8,667.625,80.0
2026-08-10T05:52,GRIP,60deg_turun,486.0,667.625,80.0
2026-08-10T05:52,GRIP,60deg_turun,487.2,667.625,80.0
2026-08-10T05:52,GRIP,60deg_turun,488.3,667.75,80.0
2026-08-10T05:52,GRIP,60deg_turun,489.5,667.625,80.0
2026-08-10T05:52,GRIP,60deg_turun,490.6,667.75,80.0
2026-08-10T05:52,GRIP,60deg_turun,491.8,667.625,80.0
2026-08-10T05:52,GRIP,60deg_turun,493.0,667.75,80.0
2026-08-10T05:52,GRIP,60deg_turun,494.1,667.75,80.0
2026-08-10T05:52,GRIP,60deg_turun,495.3,667.75,80.0
2026-08-10T05:52,GRIP,60deg_turun,496.4,667.625,80.0
2026-08-10T05:52,GRIP,60deg_turun,497.6,667.875,80.0
2026-08-10T05:52,GRIP,60deg_turun,498.8,667.75,80.0
2026-08-10T05:52,GRIP,60deg_turun,499.9,667.875,80.0
2026-08-10T05:52,GRIP,60deg_turun,501.1,667.625,80.0
2026-08-10T05:52,GRIP,60deg_turun,502.2,667.75,80.0
2026-08-10T05:52,GRIP,60deg_turun,503.4,667.625,80.0
2026-08-10T05:52,GRIP,60deg_turun,504.6,667.625,80.0
2026-08-10T05:52,GRIP,60deg_turun,505.7,667.625,80.0
2026-08-10T05:52,GRIP,60deg_turun,506.9,667.625,80.0
2026-08-10T05:52,GRIP,60deg_turun,508.0,667.625,80.0
2026-08-10T05:52,GRIP,60deg_turun,509.2,667.75,80.0
2026-08-10T05:52,GRIP,60deg_turun,510.4,667.75,80.0
2026-08-10T05:52,GRIP,60deg_turun,511.5,667.875,80.0
2026-08-10T05:52,GRIP,60deg_turun,512.7,667.75,80.0
2026-08-10T05:52,GRIP,60deg_turun,513.8,667.625,80.0
2026-08-10T05:52,GRIP,60deg_turun,515.0,667.75,80.0
2026-08-10T05:52,GRIP,60deg_turun,516.2,667.75,80.0
2026-08-10T05:52,GRIP,60deg_turun,517.3,667.75,80.0
2026-08-10T05:52,GRIP,60deg_turun,518.5,667.75,80.0
2026-08-10T05:52,GRIP,60deg_turun,519.6,667.75,80.0
2026-08-10T05:52,GRIP,60deg_turun,520.8,667.875,80.0
2026-08-10T05:52,GRIP,60deg_turun,522.0,667.75,80.0
2026-08-10T05:52,GRIP,60deg_turun,523.1,667.875,80.0
2026-08-10T05:52,GRIP,60deg_turun,524.3,667.75,80.0
2026-08-10T05:52,GRIP,60deg_turun,525.4,667.5,80.0
2026-08-10T05:52,GRIP,60deg_turun,526.6,667.5,80.0
2026-08-10T05:52,GRIP,60deg_turun,527.8,667.375,80.0
2026-08-10T05:52,GRIP,60deg_turun,528.9,667.375,80.0
2026-08-10T05:52,GRIP,60deg_turun,530.1,667.5,80.0
2026-08-10T05:52,GRIP,60deg_turun,531.2,667.75,80.0
2026-08-10T05:52,GRIP,60deg_turun,532.4,667.75,80.0
2026-08-10T05:52,GRIP,60deg_turun,533.6,667.75,80.0
2026-08-10T05:52,GRIP,60deg_turun,534.7,667.625,80.0
2026-08-10T05:52,GRIP,60deg_turun,535.9,667.75,80.0
2026-08-10T05:52,GRIP,60deg_turun,537.0,667.875,80.0
2026-08-10T05:52,GRIP,60deg_turun,538.2,668.0,80.0
2026-08-10T05:52,GRIP,60deg_turun,539.4,667.625,80.0
2026-08-10T05:52,GRIP,60deg_turun,540.5,667.625,80.0
2026-08-10T05:52,GRIP,60deg_turun,541.7,667.625,80.0
2026-08-10T05:52,GRIP,60deg_turun,542.8,667.75,80.0
2026-08-10T05:52,GRIP,60deg_turun,544.0,667.75,80.0
2026-08-10T05:52,GRIP,60deg_turun,545.2,667.75,80.0
2026-08-10T05:52,GRIP,60deg_turun,546.3,667.75,80.0
2026-08-10T05:52,GRIP,60deg_turun,547.5,667.75,80.0
2026-08-10T05:52,GRIP,60deg_turun,548.6,667.5,80.0
2026-08-10T05:52,GRIP,60deg_turun,549.8,667.75,80.0
2026-08-10T05:52,GRIP,60deg_turun,551.0,667.5,80.0
2026-08-10T05:52,GRIP,60deg_turun,552.1,667.875,80.0
2026-08-10T05:52,GRIP,60deg_turun,553.3,667.75,80.0
2026-08-10T05:52,GRIP,60deg_turun,554.4,667.75,80.0
2026-08-10T05:52,GRIP,60deg_turun,555.6,667.75,80.0
2026-08-10T05:52,GRIP,60deg_turun,556.8,667.75,80.0
2026-08-10T05:52,GRIP,60deg_turun,557.9,667.875,80.0
2026-08-10T05:52,GRIP,60deg_turun,559.1,667.75,80.0
2026-08-10T05:52,GRIP,60deg_turun,560.2,667.875,80.0
2026-08-10T05:52,GRIP,60deg_turun,561.4,667.875,80.0
2026-08-10T05:52,GRIP,60deg_turun,562.6,667.625,80.0
2026-08-10T05:52,GRIP,60deg_turun,563.7,667.625,80.0
2026-08-10T05:52,GRIP,60deg_turun,564.9,667.75,80.0
2026-08-10T05:52,GRIP,60deg_turun,566.0,667.75,80.0
2026-08-10T05:52,GRIP,60deg_turun,567.2,667.875,80.0
2026-08-10T05:52,GRIP,60deg_turun,568.4,667.625,80.0
2026-08-10T05:52,GRIP,60deg_turun,569.5,667.625,80.0
2026-08-10T05:52,GRIP,60deg_turun,570.7,667.75,80.0
2026-08-10T05:52,GRIP,60deg_turun,571.8,667.75,80.0
2026-08-10T05:52,GRIP,60deg_turun,573.0,667.75,80.0
2026-08-10T05:52,GRIP,60deg_turun,574.2,667.75,80.0
2026-08-10T05:52,GRIP,60deg_turun,575.3,667.875,80.0
2026-08-10T05:52,GRIP,60deg_turun,576.5,667.625,80.0
2026-08-10T05:52,GRIP,60deg_turun,577.6,667.75,80.0
2026-08-10T05:52,GRIP,60deg_turun,578.8,667.875,80.0
2026-08-10T05:52,GRIP,60deg_turun,580.0,667.75,80.0
2026-08-10T05:52,GRIP,60deg_turun,581.1,667.75,80.0
2026-08-10T05:52,GRIP,60deg_turun,582.3,667.75,80.0
2026-08-10T05:52,GRIP,60deg_turun,583.4,667.625,80.0
2026-08-10T05:52,GRIP,60deg_turun,584.6,667.625,80.0
2026-08-10T05:52,GRIP,60deg_turun,585.8,667.75,80.0
2026-08-10T05:52,GRIP,60deg_turun,586.9,667.75,80.0
2026-08-10T05:52,GRIP,60deg_turun,588.1,667.75,80.0
2026-08-10T05:52,GRIP,60deg_turun,589.2,667.75,80.0
2026-08-10T05:52,GRIP,60deg_turun,590.4,667.75,80.0
2026-08-10T05:52,GRIP,60deg_turun,591.6,667.625,80.0
2026-08-10T05:52,GRIP,60deg_turun,592.7,667.75,80.0
2026-08-10T05:52,GRIP,60deg_turun,593.9,667.75,80.0
2026-08-10T05:52,GRIP,60deg_turun,595.0,667.75,80.0
2026-08-10T05:52,GRIP,60deg_turun,596.2,667.75,80.0
2026-08-10T05:52,GRIP,60deg_turun,597.4,667.625,80.0
2026-08-10T05:52,GRIP,60deg_turun,598.5,667.75,80.0
2026-08-10T05:52,GRIP,60deg_turun,599.7,667.75,80.0
2026-08-10T05:52,GRIP,60deg_turun,600.8,667.875,80.0
2026-08-10T05:52,GRIP,60deg_turun,602.0,667.75,80.0
2026-08-10T05:52,GRIP,60deg_turun,603.2,667.625,80.0
2026-08-10T05:52,GRIP,60deg_turun,604.3,667.625,80.0
2026-08-10T05:52,GRIP,60deg_turun,605.5,667.625,80.0
2026-08-10T05:52,GRIP,60deg_turun,606.6,667.625,80.0
2026-08-10T05:52,GRIP,60deg_turun,607.8,667.625,80.0
2026-08-10T05:52,GRIP,60deg_turun,609.0,667.75,80.0
2026-08-10T05:52,GRIP,60deg_turun,610.1,667.625,80.0
2026-08-10T05:52,GRIP,60deg_turun,611.3,667.625,80.0
2026-08-10T05:52,GRIP,60deg_turun,612.4,667.75,80.0
2026-08-10T05:52,GRIP,60deg_turun,613.6,667.75,80.0
2026-08-10T05:52,GRIP,60deg_turun,614.8,667.75,80.0
2026-08-10T05:52,GRIP,60deg_turun,615.9,667.75,80.0
2026-08-10T05:52,GRIP,60deg_turun,617.1,667.75,80.0
2026-08-10T05:52,GRIP,60deg_turun,618.2,667.625,80.0
2026-08-10T05:52,GRIP,60deg_turun,619.4,667.75,80.0
2026-08-10T05:52,GRIP,60deg_turun,620.6,667.875,80.0
2026-08-10T05:52,GRIP,60deg_turun,621.7,667.625,80.0
2026-08-10T05:52,GRIP,60deg_turun,622.9,667.75,80.0
2026-08-10T05:52,GRIP,60deg_turun,624.0,667.75,80.0
2026-08-10T05:52,GRIP,60deg_turun,625.2,667.75,80.0
2026-08-10T05:52,GRIP,60deg_turun,626.4,667.625,80.0
2026-08-10T05:52,GRIP,60deg_turun,627.5,667.75,80.0
2026-08-10T05:52,GRIP,60deg_turun,628.7,667.625,80.0
2026-08-10T05:52,GRIP,60deg_turun,629.8,667.625,80.0
2026-08-10T05:52,GRIP,60deg_turun,631.0,667.625,80.0
2026-08-10T05:52,GRIP,60deg_turun,632.2,667.625,80.0
2026-08-10T05:52,GRIP,60deg_turun,633.3,667.75,80.0
2026-08-10T05:52,GRIP,60deg_turun,634.5,667.75,80.0
2026-08-10T05:52,GRIP,60deg_turun,635.6,667.75,80.0
2026-08-10T05:52,GRIP,60deg_turun,636.8,667.875,80.0
2026-08-10T05:52,GRIP,60deg_turun,638.0,667.75,80.0
2026-08-10T05:52,GRIP,60deg_turun,639.1,667.875,80.0
2026-08-10T05:52,GRIP,60deg_turun,640.3,667.75,80.0
2026-08-10T05:52,GRIP,60deg_turun,641.4,667.75,80.0
2026-08-10T05:52,GRIP,60deg_turun,642.6,667.375,80.0
2026-08-10T05:52,GRIP,60deg_turun,643.8,667.75,80.0
2026-08-10T05:52,GRIP,60deg_turun,644.9,667.75,80.0
2026-08-10T05:52,GRIP,60deg_turun,646.1,667.625,80.0
2026-08-10T05:52,GRIP,60deg_turun,647.2,667.5,80.0
2026-08-10T05:52,GRIP,60deg_turun,648.4,667.5,80.0
2026-08-10T05:52,GRIP,60deg_turun,649.6,667.75,80.0
2026-08-10T05:52,GRIP,60deg_turun,650.7,667.625,80.0
2026-08-10T05:52,GRIP,60deg_turun,651.9,667.625,80.0
2026-08-10T05:52,GRIP,60deg_turun,653.0,667.875,80.0
2026-08-10T05:52,GRIP,60deg_turun,654.2,667.625,80.0
2026-08-10T05:52,GRIP,60deg_turun,655.4,667.875,80.0
2026-08-10T05:52,GRIP,60deg_turun,656.5,667.75,80.0
2026-08-10T05:52,GRIP,60deg_turun,657.7,667.75,80.0
2026-08-10T05:52,GRIP,60deg_turun,658.8,667.875,80.0
2026-08-10T05:52,GRIP,60deg_turun,660.0,667.75,80.0
2026-08-10T05:52,GRIP,60deg_turun,661.2,667.75,80.0
2026-08-10T05:52,GRIP,60deg_turun,662.3,667.875,80.0
2026-08-10T05:52,GRIP,60deg_turun,663.5,667.875,80.0
2026-08-10T05:52,GRIP,60deg_turun,664.6,667.625,80.0
2026-08-10T05:52,GRIP,60deg_turun,665.8,667.5,80.0
2026-08-10T05:52,GRIP,60deg_turun,667.0,667.5,80.0
2026-08-10T05:52,GRIP,60deg_turun,668.1,667.625,80.0
2026-08-10T05:52,GRIP,60deg_turun,669.3,667.5,80.0
2026-08-10T05:52,GRIP,60deg_turun,670.4,667.75,80.0
2026-08-10T05:52,GRIP,60deg_turun,671.6,667.75,80.0
2026-08-10T05:52,GRIP,60deg_turun,672.8,667.875,80.0
2026-08-10T05:52,GRIP,60deg_turun,673.9,667.625,80.0
2026-08-10T05:52,GRIP,60deg_turun,675.1,667.75,80.0
2026-08-10T05:52,GRIP,60deg_turun,676.2,667.875,80.0
2026-08-10T05:52,GRIP,60deg_turun,677.4,667.75,80.0
2026-08-10T05:52,GRIP,60deg_turun,678.6,667.75,80.0
2026-08-10T05:52,GRIP,60deg_turun,679.7,667.75,80.0
2026-08-10T05:52,GRIP,60deg_turun,680.9,667.75,80.0
2026-08-10T05:52,GRIP,60deg_turun,682.0,667.75,80.0
2026-08-10T05:52,GRIP,60deg_turun,683.2,667.625,80.0
2026-08-10T05:52,GRIP,60deg_turun,684.4,667.75,80.0
2026-08-10T05:52,GRIP,60deg_turun,685.5,667.75,80.0
2026-08-10T05:52,GRIP,60deg_turun,686.7,667.5,80.0
2026-08-10T05:52,GRIP,60deg_turun,687.8,667.625,80.0
2026-08-10T05:52,GRIP,60deg_turun,689.0,667.75,80.0
2026-08-10T05:52,GRIP,60deg_turun,690.2,667.625,80.0
2026-08-10T05:52,GRIP,60deg_turun,691.3,667.75,80.0
2026-08-10T05:52,GRIP,60deg_turun,692.5,667.75,80.0
2026-08-10T05:52,GRIP,60deg_turun,693.6,667.875,80.0
2026-08-10T05:52,GRIP,60deg_turun,694.8,667.875,80.0
2026-08-10T05:52,GRIP,60deg_turun,696.0,667.75,80.0
2026-08-10T05:52,GRIP,60deg_turun,697.1,667.875,80.0
2026-08-10T05:52,GRIP,60deg_turun,698.3,667.75,80.0
2026-08-10T05:52,GRIP,60deg_turun,699.4,667.75,80.0
2026-08-10T05:52,GRIP,60deg_turun,700.6,667.625,80.0
2026-08-10T05:52,GRIP,60deg_turun,701.8,667.75,80.0
2026-08-10T05:52,GRIP,60deg_turun,702.9,667.625,80.0
2026-08-10T05:52,GRIP,60deg_turun,704.1,667.625,80.0
2026-08-10T05:52,GRIP,60deg_turun,705.2,667.75,80.0
2026-08-10T05:52,GRIP,60deg_turun,706.4,667.75,80.0
2026-08-10T05:52,GRIP,60deg_turun,707.6,667.75,80.0
2026-08-10T05:52,GRIP,60deg_turun,708.7,667.75,80.0
2026-08-10T05:52,GRIP,60deg_turun,709.9,667.75,80.0
2026-08-10T05:52,GRIP,60deg_turun,711.0,667.75,80.0
2026-08-10T05:52,GRIP,60deg_turun,712.2,667.75,80.0
2026-08-10T05:52,GRIP,60deg_turun,713.4,667.75,80.0
2026-08-10T05:52,GRIP,60deg_turun,714.5,667.625,80.0
2026-08-10T05:52,GRIP,60deg_turun,715.7,667.75,80.0
2026-08-10T05:52,GRIP,60deg_turun,716.8,667.75,80.0
2026-08-10T05:52,GRIP,60deg_turun,718.0,668.0,80.0
2026-08-10T05:52,GRIP,60deg_turun,719.2,667.75,80.0
2026-08-10T05:52,GRIP,60deg_turun,720.3,667.75,80.0
2026-08-10T05:52,GRIP,60deg_turun,721.5,667.875,80.0
2026-08-10T05:52,GRIP,60deg_turun,722.6,667.5,80.0
2026-08-10T05:52,GRIP,60deg_turun,723.8,667.625,80.0
2026-08-10T05:52,GRIP,60deg_turun,725.0,667.625,80.0
2026-08-10T05:52,GRIP,60deg_turun,726.1,667.75,80.0
2026-08-10T05:52,GRIP,60deg_turun,727.3,667.75,80.0
2026-08-10T05:52,GRIP,60deg_turun,728.4,667.625,80.0
2026-08-10T05:52,GRIP,60deg_turun,729.6,667.625,80.0
2026-08-10T05:52,GRIP,60deg_turun,730.8,667.625,80.0
2026-08-10T05:52,GRIP,60deg_turun,731.9,667.375,80.0
2026-08-10T05:52,GRIP,60deg_turun,733.1,667.5,80.0
2026-08-10T05:52,GRIP,60deg_turun,734.2,667.75,80.0
2026-08-10T05:52,GRIP,60deg_turun,735.4,667.625,80.0
2026-08-10T05:52,GRIP,60deg_turun,736.6,667.75,80.0
2026-08-10T05:52,GRIP,60deg_turun,737.7,667.75,80.0
2026-08-10T05:52,GRIP,60deg_turun,738.9,667.75,80.0
2026-08-10T05:52,GRIP,60deg_turun,740.0,667.75,80.0
2026-08-10T05:52,GRIP,60deg_turun,741.2,667.75,80.0
2026-08-10T05:52,GRIP,60deg_turun,742.4,667.75,80.0
2026-08-10T05:52,GRIP,60deg_turun,743.5,667.75,80.0
2026-08-10T05:52,GRIP,60deg_turun,744.7,667.75,80.0
2026-08-10T05:52,GRIP,60deg_turun,745.8,667.625,80.0
2026-08-10T05:52,GRIP,60deg_turun,747.0,667.75,80.0
2026-08-10T05:52,GRIP,60deg_turun,748.2,667.625,80.0
2026-08-10T05:52,GRIP,60deg_turun,749.3,667.75,80.0
2026-08-10T05:52,GRIP,60deg_turun,750.5,667.75,80.0
2026-08-10T05:52,GRIP,60deg_turun,751.6,667.75,80.0
2026-08-10T05:52,GRIP,60deg_turun,752.8,667.75,80.0
2026-08-10T05:52,GRIP,60deg_turun,754.0,667.75,80.0
2026-08-10T05:52,GRIP,60deg_turun,755.1,667.625,80.0
2026-08-10T05:52,GRIP,60deg_turun,756.3,668.0,80.0
2026-08-10T05:52,GRIP,60deg_turun,757.4,667.875,80.0
2026-08-10T05:52,GRIP,60deg_turun,758.6,667.75,80.0
2026-08-10T05:52,GRIP,60deg_turun,759.8,667.75,80.0
2026-08-10T05:52,GRIP,60deg_turun,760.9,667.875,80.0
2026-08-10T05:52,GRIP,60deg_turun,762.1,667.75,80.0
2026-08-10T05:52,GRIP,60deg_turun,763.2,667.875,80.0
2026-08-10T05:52,GRIP,60deg_turun,764.4,667.625,80.0
2026-08-10T05:52,GRIP,60deg_turun,765.6,667.75,80.0
2026-08-10T05:52,GRIP,60deg_turun,766.7,667.625,80.0
2026-08-10T05:52,GRIP,60deg_turun,767.9,667.875,80.0
2026-08-10T05:52,GRIP,60deg_turun,769.0,667.625,80.0
2026-08-10T05:52,GRIP,60deg_turun,770.2,667.75,80.0
2026-08-10T05:52,GRIP,60deg_turun,771.4,667.75,80.0
2026-08-10T05:52,GRIP,60deg_turun,772.5,667.75,80.0
2026-08-10T05:52,GRIP,60deg_turun,773.7,667.75,80.0
2026-08-10T05:52,GRIP,60deg_turun,774.8,667.75,80.0
2026-08-10T05:52,GRIP,60deg_turun,776.0,667.625,80.0
2026-08-10T05:52,GRIP,60deg_turun,777.2,667.875,80.0
2026-08-10T05:52,GRIP,60deg_turun,778.3,667.75,80.0
2026-08-10T05:52,GRIP,60deg_turun,779.5,667.875,80.0
2026-08-10T05:52,GRIP,60deg_turun,780.6,668.0,80.0
2026-08-10T05:52,GRIP,60deg_turun,781.8,667.75,80.0
2026-08-10T05:52,GRIP,60deg_turun,783.0,667.875,80.0
2026-08-10T05:52,GRIP,60deg_turun,784.1,668.0,80.0
2026-08-10T05:52,GRIP,60deg_turun,785.3,667.75,80.0
2026-08-10T05:52,GRIP,60deg_turun,786.4,667.75,80.0
2026-08-10T05:52,GRIP,60deg_turun,787.6,667.75,80.0
2026-08-10T05:52,GRIP,60deg_turun,788.8,667.5,80.0
2026-08-10T05:52,GRIP,60deg_turun,789.9,667.75,80.0
2026-08-10T05:52,GRIP,60deg_turun,791.1,667.75,80.0
2026-08-10T05:52,GRIP,60deg_turun,792.2,667.75,80.0
2026-08-10T05:52,GRIP,60deg_turun,793.4,667.75,80.0
2026-08-10T05:52,GRIP,60deg_turun,794.6,667.75,80.0
2026-08-10T05:52,GRIP,60deg_turun,795.7,667.75,80.0
2026-08-10T05:52,GRIP,60deg_turun,796.9,667.75,80.0
2026-08-10T05:52,GRIP,60deg_turun,798.0,667.75,80.0
2026-08-10T05:52,GRIP,60deg_turun,799.2,667.75,80.0
2026-08-10T05:52,GRIP,60deg_turun,800.4,667.875,80.0
2026-08-10T05:52,GRIP,60deg_turun,801.5,667.875,80.0
2026-08-10T05:52,GRIP,60deg_turun,802.7,667.875,80.0
2026-08-10T05:52,GRIP,60deg_turun,803.8,667.625,80.0
2026-08-10T05:52,GRIP,60deg_turun,805.0,667.75,80.0
2026-08-10T05:52,GRIP,60deg_turun,806.2,667.75,80.0
2026-08-10T05:52,GRIP,60deg_turun,807.3,667.75,80.0
2026-08-10T05:52,GRIP,60deg_turun,808.5,667.75,80.0
2026-08-10T05:52,GRIP,60deg_turun,809.6,667.625,80.0
2026-08-10T05:52,GRIP,60deg_turun,810.8,667.75,80.0
2026-08-10T05:52,GRIP,60deg_turun,812.0,667.75,80.0
2026-08-10T05:52,GRIP,60deg_turun,813.1,667.625,80.0
2026-08-10T05:52,GRIP,60deg_turun,814.3,667.75,80.0
2026-08-10T05:52,GRIP,60deg_turun,815.4,667.625,80.0
2026-08-10T05:52,GRIP,60deg_turun,816.6,667.625,80.0
2026-08-10T05:52,GRIP,60deg_turun,817.8,667.75,80.0
2026-08-10T05:52,GRIP,60deg_turun,818.9,667.75,80.0
2026-08-10T05:52,GRIP,60deg_turun,820.1,668.0,80.0
2026-08-10T05:52,GRIP,60deg_turun,821.2,668.0,80.0
2026-08-10T05:52,GRIP,60deg_turun,822.4,667.625,80.0
2026-08-10T05:52,GRIP,60deg_turun,823.6,667.875,80.0
2026-08-10T05:52,GRIP,60deg_turun,824.7,667.75,80.0
2026-08-10T05:52,GRIP,60deg_turun,825.9,667.75,80.0
2026-08-10T05:52,GRIP,60deg_turun,827.0,667.75,80.0
2026-08-10T05:52,GRIP,60deg_turun,828.2,667.625,80.0
2026-08-10T05:52,GRIP,60deg_turun,829.4,667.625,80.0
2026-08-10T05:52,GRIP,60deg_turun,830.5,667.75,80.0
2026-08-10T05:52,GRIP,60deg_turun,831.7,667.75,80.0
2026-08-10T05:52,GRIP,60deg_turun,832.8,667.625,80.0
2026-08-10T05:52,GRIP,60deg_turun,834.0,667.75,80.0
2026-08-10T05:52,GRIP,60deg_turun,835.2,667.625,80.0
2026-08-10T05:52,GRIP,60deg_turun,836.3,667.875,80.0
2026-08-10T05:52,GRIP,60deg_turun,837.5,667.75,80.0
2026-08-10T05:52,GRIP,60deg_turun,838.6,667.875,80.0
2026-08-10T05:52,GRIP,60deg_turun,839.8,667.75,80.0
2026-08-10T05:52,GRIP,60deg_turun,841.0,667.875,80.0
2026-08-10T05:52,GRIP,60deg_turun,842.1,667.75,80.0
2026-08-10T05:52,GRIP,60deg_turun,843.3,667.875,80.0
2026-08-10T05:52,GRIP,60deg_turun,844.4,667.875,80.0
2026-08-10T05:52,GRIP,60deg_turun,845.6,667.625,80.0
2026-08-10T05:52,GRIP,60deg_turun,846.8,667.625,80.0
2026-08-10T05:52,GRIP,60deg_turun,847.9,667.75,80.0
2026-08-10T05:52,GRIP,60deg_turun,849.1,667.625,80.0
2026-08-10T05:52,GRIP,60deg_turun,850.2,667.875,80.0
2026-08-10T05:52,GRIP,60deg_turun,851.4,667.625,80.0
2026-08-10T05:52,GRIP,60deg_turun,852.6,667.75,80.0
2026-08-10T05:52,GRIP,60deg_turun,853.7,667.5,80.0
2026-08-10T05:52,GRIP,60deg_turun,854.9,667.75,80.0
2026-08-10T05:52,GRIP,60deg_turun,856.0,667.875,80.0
2026-08-10T05:52,GRIP,60deg_turun,857.2,667.75,80.0
2026-08-10T05:52,GRIP,60deg_turun,858.4,667.875,80.0
2026-08-10T05:52,GRIP,60deg_turun,859.5,667.75,80.0
2026-08-10T05:52,GRIP,60deg_turun,860.7,667.75,80.0
2026-08-10T05:52,GRIP,60deg_turun,861.8,667.625,80.0
2026-08-10T05:52,GRIP,60deg_turun,863.0,667.75,80.0
2026-08-10T05:52,GRIP,60deg_turun,864.2,667.625,80.0
2026-08-10T05:52,GRIP,60deg_turun,865.3,667.625,80.0
2026-08-10T05:52,GRIP,60deg_turun,866.5,667.625,80.0
2026-08-10T05:52,GRIP,60deg_turun,867.6,667.625,80.0
2026-08-10T05:52,GRIP,60deg_turun,868.8,667.625,80.0
2026-08-10T05:52,GRIP,60deg_turun,870.0,667.75,80.0
2026-08-10T05:52,GRIP,60deg_turun,871.1,667.75,80.0
2026-08-10T05:52,GRIP,60deg_turun,872.3,667.625,80.0
2026-08-10T05:52,GRIP,60deg_turun,873.4,668.0,80.0
2026-08-10T05:52,GRIP,60deg_turun,874.6,667.875,80.0
2026-08-10T05:52,GRIP,60deg_turun,875.8,667.75,80.0
2026-08-10T05:52,GRIP,60deg_turun,876.9,668.0,80.0
2026-08-10T05:52,GRIP,60deg_turun,878.1,667.75,80.0
2026-08-10T05:52,GRIP,60deg_turun,879.2,667.875,80.0
2026-08-10T05:52,GRIP,60deg_turun,880.4,667.875,80.0
2026-08-10T05:52,GRIP,60deg_turun,881.6,667.875,80.0
2026-08-10T05:52,GRIP,60deg_turun,882.7,667.625,80.0
2026-08-10T05:52,GRIP,60deg_turun,883.9,667.75,80.0
2026-08-10T05:52,GRIP,60deg_turun,885.0,667.625,80.0
2026-08-10T05:52,GRIP,60deg_turun,886.2,667.625,80.0
2026-08-10T05:52,GRIP,60deg_turun,887.4,667.625,80.0
2026-08-10T05:52,GRIP,60deg_turun,888.5,667.75,80.0
2026-08-10T05:52,GRIP,60deg_turun,889.7,667.75,80.0
2026-08-10T05:52,GRIP,60deg_turun,890.8,667.75,80.0
2026-08-10T05:52,GRIP,60deg_turun,892.0,667.75,80.0
2026-08-10T05:52,GRIP,60deg_turun,893.2,667.75,80.0
2026-08-10T05:52,GRIP,60deg_turun,894.3,667.75,80.0
2026-08-10T05:52,GRIP,60deg_turun,895.5,667.875,80.0
2026-08-10T05:52,GRIP,60deg_turun,896.6,667.875,80.0
2026-08-10T05:52,GRIP,60deg_turun,897.8,667.75,80.0
2026-08-10T05:52,GRIP,60deg_turun,899.0,667.875,80.0
2026-08-10T05:52,GRIP,60deg_turun,900.1,667.75,80.0
2026-08-10T05:52,GRIP,60deg_turun,901.3,667.75,80.0
2026-08-10T05:52,GRIP,60deg_turun,902.4,667.75,80.0
2026-08-10T05:52,GRIP,60deg_turun,903.6,667.875,80.0
2026-08-10T05:52,GRIP,60deg_turun,904.8,667.75,80.0
2026-08-10T05:52,GRIP,60deg_turun,905.9,667.625,80.0
2026-08-10T05:52,GRIP,60deg_turun,907.1,667.75,80.0
2026-08-10T05:52,GRIP,60deg_turun,908.2,667.75,80.0
2026-08-10T05:52,GRIP,60deg_turun,909.4,667.75,80.0
2026-08-10T05:52,GRIP,60deg_turun,910.6,667.875,80.0
2026-08-10T05:52,GRIP,60deg_turun,911.7,667.75,80.0
2026-08-10T05:52,GRIP,60deg_turun,912.9,667.75,80.0
2026-08-10T05:52,GRIP,60deg_turun,914.0,667.75,80.0
2026-08-10T05:52,GRIP,60deg_turun,915.2,667.75,80.0
2026-08-10T05:52,GRIP,60deg_turun,916.4,667.75,80.0
2026-08-10T05:52,GRIP,60deg_turun,917.5,667.875,80.0
2026-08-10T05:52,GRIP,60deg_turun,918.7,667.75,80.0
2026-08-10T05:52,GRIP,60deg_turun,919.8,667.875,80.0
2026-08-10T05:52,GRIP,60deg_turun,921.0,667.875,80.0
2026-08-10T05:52,GRIP,60deg_turun,922.2,667.75,80.0
2026-08-10T05:52,GRIP,60deg_turun,923.3,667.625,80.0
2026-08-10T05:52,GRIP,60deg_turun,924.5,667.875,80.0
2026-08-10T05:52,GRIP,60deg_turun,925.6,667.625,80.0
2026-08-10T05:52,GRIP,60deg_turun,926.8,667.625,80.0
2026-08-10T05:52,GRIP,60deg_turun,928.0,667.75,80.0
2026-08-10T05:52,GRIP,60deg_turun,929.1,667.75,80.0
2026-08-10T05:52,GRIP,60deg_turun,930.3,667.625,80.0
2026-08-10T05:52,GRIP,60deg_turun,931.4,667.75,80.0
2026-08-10T05:52,GRIP,60deg_turun,932.6,667.75,80.0
2026-08-10T05:52,GRIP,60deg_turun,933.8,667.625,80.0
2026-08-10T05:52,GRIP,60deg_turun,934.9,667.625,80.0
2026-08-10T05:52,GRIP,60deg_turun,936.1,667.375,80.0
2026-08-10T05:52,GRIP,60deg_turun,937.2,667.625,80.0
2026-08-10T05:52,GRIP,60deg_turun,938.4,667.625,80.0
2026-08-10T05:52,GRIP,60deg_turun,939.6,667.5,80.0
2026-08-10T05:52,GRIP,60deg_turun,940.7,667.625,80.0
2026-08-10T05:52,GRIP,60deg_turun,941.9,667.875,80.0
2026-08-10T05:52,GRIP,60deg_turun,943.0,667.625,80.0
2026-08-10T05:52,GRIP,60deg_turun,944.2,667.75,80.0
2026-08-10T05:52,GRIP,60deg_turun,945.4,667.875,80.0
2026-08-10T05:52,GRIP,60deg_turun,946.5,667.625,80.0
2026-08-10T05:52,GRIP,60deg_turun,947.7,667.625,80.0
2026-08-10T05:52,GRIP,60deg_turun,948.8,667.875,80.0
2026-08-10T05:52,GRIP,60deg_turun,950.0,667.875,80.0
2026-08-10T05:52,GRIP,60deg_turun,951.2,667.75,80.0
2026-08-10T05:52,GRIP,60deg_turun,952.3,667.875,80.0
2026-08-10T05:52,GRIP,60deg_turun,953.5,667.75,80.0
2026-08-10T05:52,GRIP,60deg_turun,954.6,667.75,80.0
2026-08-10T05:52,GRIP,60deg_turun,955.8,667.875,80.0
2026-08-10T05:52,GRIP,60deg_turun,957.0,667.75,80.0
2026-08-10T05:52,GRIP,60deg_turun,958.1,667.875,80.0
2026-08-10T05:52,GRIP,60deg_turun,959.3,667.875,80.0
2026-08-10T05:52,GRIP,60deg_turun,960.4,667.875,80.0
2026-08-10T05:52,GRIP,60deg_turun,961.6,667.875,80.0
2026-08-10T05:52,GRIP,60deg_turun,962.8,667.625,80.0
2026-08-10T05:52,GRIP,60deg_turun,963.9,668.0,80.0
2026-08-10T05:52,GRIP,60deg_turun,965.1,667.75,80.0
2026-08-10T05:52,GRIP,60deg_turun,966.2,667.75,80.0
2026-08-10T05:52,GRIP,60deg_turun,967.4,667.75,80.0
2026-08-10T05:52,GRIP,60deg_turun,968.6,667.625,80.0
2026-08-10T05:52,GRIP,60deg_turun,969.7,667.75,80.0
2026-08-10T05:52,GRIP,60deg_turun,970.9,667.75,80.0
2026-08-10T05:52,GRIP,60deg_turun,972.0,667.875,80.0
2026-08-10T05:52,GRIP,60deg_turun,973.2,667.625,80.0
2026-08-10T05:52,GRIP,60deg_turun,974.4,667.875,80.0
2026-08-10T05:52,GRIP,60deg_turun,975.5,667.75,80.0
2026-08-10T05:52,GRIP,60deg_turun,976.7,667.875,80.0
2026-08-10T05:52,GRIP,60deg_turun,977.8,667.875,80.0
2026-08-10T05:52,GRIP,60deg_turun,979.0,667.75,80.0
